branch,cgpa,internship_count,project_count,certifications_count,coding_skills_score,communication_skills_score,soft_skills_score,hackathon_participation,placement_probability
5,8.99,4,6,2,41,71,59,1,79
6,8.36,4,7,5,42,64,97,0,84
4,7.18,4,5,2,84,98,51,0,78
6,6.28,0,2,4,60,100,92,0,56
5,5.3,3,4,1,78,61,77,0,59
6,6.69,3,2,0,52,78,59,0,55
1,7.3,3,5,1,87,89,56,1,73
5,8.44,3,7,3,93,66,82,0,85
3,8.23,2,6,1,53,72,47,0,70
6,9.74,0,3,5,69,47,82,0,70
1,5.5,1,7,1,57,69,52,0,59
4,6.68,0,4,5,52,87,48,1,62
4,7.41,3,3,3,53,65,58,1,65
6,8.35,2,5,1,80,54,65,0,70
4,7.48,2,3,0,79,75,91,1,61
3,9.56,0,5,4,96,84,44,1,80
5,8.04,1,6,3,64,96,81,0,74
1,5.2,3,3,1,76,51,84,1,55
2,5.57,2,2,2,66,80,64,0,54
6,8.77,3,7,2,62,84,44,1,82
4,8.58,3,2,3,46,82,62,0,68
5,5.77,3,5,2,87,51,74,1,65
2,5.29,4,2,0,49,43,88,0,49
3,7.89,3,6,1,64,97,71,1,75
4,8.18,3,3,0,96,42,93,1,66
4,5.68,1,7,0,93,76,100,1,63
1,7.37,1,3,4,74,77,81,0,65
3,6.53,4,7,1,63,71,88,1,73
3,9.66,4,4,3,88,65,45,1,85
6,6.1,3,5,2,81,43,95,0,65
2,8.67,2,2,4,50,40,53,1,64
1,7.59,2,6,0,59,94,80,1,68
6,5.06,0,5,2,49,44,95,0,47
1,7.58,2,2,1,89,41,68,1,60
3,5.5,2,4,0,60,85,76,0,54
1,8.3,1,3,0,67,50,94,0,58
1,7.83,0,7,1,67,48,61,0,64
1,5.05,0,3,3,94,47,96,0,51
5,6.02,1,6,4,66,97,59,0,68
5,8.88,2,1,1,72,78,47,0,63
2,6.38,2,5,2,43,100,99,1,63
2,7.5,0,2,2,74,54,66,0,54
3,6.56,2,1,0,59,48,96,0,47
1,9.61,0,5,5,45,81,87,0,74
3,7.68,2,7,4,97,89,46,1,84
5,8.48,3,2,3,45,69,99,0,66
1,5.42,1,4,3,99,68,94,1,61
6,5.2,4,5,5,56,90,73,0,71
5,6.3,3,2,2,58,64,80,0,57
5,6.55,2,7,3,88,61,67,0,73
5,8.44,4,3,2,100,73,70,1,78
1,7.85,3,5,4,56,61,60,0,74
2,6.87,1,2,5,88,85,49,1,66
4,8.27,4,6,0,42,69,90,1,72
6,5.82,4,3,2,85,92,75,1,67
6,5.32,1,7,4,73,49,52,1,64
3,9.27,3,3,5,99,44,65,0,81
1,7.82,4,1,2,43,44,73,1,59
2,8.25,1,2,1,62,41,58,0,55
5,6.54,3,1,2,98,69,45,0,62
4,6.86,2,6,4,98,61,87,1,76
1,5.41,0,7,3,57,52,54,0,58
1,9.28,2,1,2,73,78,85,0,67
2,7.96,2,4,0,68,64,84,1,63
4,5.42,0,1,4,99,92,99,0,55
5,9.02,2,1,3,83,66,88,0,68
1,7.22,2,7,4,54,86,57,1,75
6,8.83,1,4,2,84,66,59,1,70
6,5.06,1,4,1,50,60,40,1,48
4,5.14,3,5,1,78,70,61,0,61
5,5.85,4,1,0,99,54,99,1,57
4,6.05,3,3,5,48,96,75,1,66
1,8.82,1,4,5,98,77,87,1,79
6,8.53,1,2,0,86,78,57,0,62
3,8.08,0,5,3,74,75,49,1,68
4,9.42,0,7,1,49,75,59,0,71
3,6.24,1,5,2,79,40,99,0,59
3,9.52,2,1,4,77,50,79,1,70
2,9.55,3,6,4,68,44,45,0,83
6,7.17,1,3,1,85,73,98,0,60
4,5.47,1,6,1,45,76,88,0,55
3,8.63,0,6,4,58,44,100,1,69
1,6.68,3,7,3,65,59,76,0,73
2,8.97,3,4,4,48,84,98,0,77
5,5.82,4,2,0,80,83,61,1,59
2,7.7,1,1,2,91,81,43,0,61
5,7.54,4,7,1,87,52,43,1,78
6,5.5,0,3,5,84,48,58,0,56
4,6.82,4,1,1,52,44,68,1,55
4,5.42,2,1,3,65,77,97,1,53
5,7.32,1,5,0,83,71,97,0,63
1,9.21,1,6,4,93,69,93,1,82
5,6.35,3,2,0,92,88,67,0,61
5,8.82,4,2,0,59,67,80,0,66
4,5.92,3,2,3,41,76,52,1,56
3,8.37,4,2,3,43,67,78,0,68
1,9.58,4,4,5,46,96,96,0,85
4,6.62,0,4,4,58,99,67,0,62
2,9.5,4,2,5,74,82,69,0,83
5,7.53,3,7,4,50,45,61,0,75
3,6.58,4,3,2,58,80,100,1,65
1,9.48,4,4,0,71,83,89,0,77
6,5.16,1,4,4,96,68,93,0,62
1,5.14,1,7,3,53,43,62,0,58
1,8.0,1,7,2,88,57,57,1,74
5,8.98,2,7,5,44,54,56,1,80
5,8.76,1,3,2,64,64,100,1,64
6,5.4,2,2,3,53,43,93,1,50
6,9.75,2,7,4,78,53,70,0,86
6,8.52,3,1,3,51,98,67,1,68
4,9.75,1,7,4,99,89,47,1,89
4,6.65,4,4,3,88,56,71,0,72
5,8.47,0,1,3,59,73,82,0,57
5,9.3,4,1,1,93,92,45,0,75
6,6.9,1,3,4,92,58,47,1,64
4,9.82,4,2,0,57,68,93,0,70
3,6.32,1,6,1,40,61,61,1,56
4,6.58,1,1,1,82,53,79,1,50
5,9.6,4,2,1,43,75,90,1,70
4,9.85,2,5,1,51,41,86,0,70
5,6.43,3,6,0,65,84,70,0,66
6,5.68,3,6,1,71,46,90,0,63
6,8.8,3,6,5,76,67,45,0,85
6,9.65,3,2,0,54,98,43,1,69
3,8.0,0,3,5,91,93,94,1,71
3,8.17,1,7,0,74,47,98,0,68
5,8.81,0,3,5,65,68,46,1,68
1,5.77,3,5,1,54,49,96,1,58
2,9.87,3,7,2,47,60,73,1,81
3,6.82,4,7,0,67,74,66,0,73
5,8.14,3,3,1,69,43,41,1,64
4,7.34,1,2,3,93,92,93,0,65
6,7.34,3,6,3,82,60,53,1,76
6,8.51,3,2,4,83,77,80,1,75
6,9.97,0,6,0,42,64,68,1,66
5,8.3,1,2,0,45,59,78,1,53
6,8.97,2,7,5,70,46,61,0,83
3,5.14,4,3,3,65,46,44,0,59
4,9.05,2,2,0,47,71,95,0,60
6,6.5,0,4,0,78,71,83,1,54
5,5.63,3,6,3,68,61,57,0,67
4,5.57,4,7,1,56,88,99,0,70
6,8.4,1,7,5,55,64,90,0,77
1,9.99,4,6,3,93,45,55,0,90
6,8.33,0,5,2,88,90,83,1,71
2,6.31,3,4,3,84,66,45,1,68
3,6.02,0,2,5,43,57,40,1,50
4,7.63,1,3,3,49,51,51,1,58
3,5.33,2,5,5,55,67,63,0,63
1,7.0,3,4,1,58,58,50,1,62
1,8.33,3,2,3,78,82,82,1,72
2,9.84,0,7,3,89,56,80,1,80
3,7.13,0,7,1,52,74,73,0,62
4,6.0,0,3,3,99,54,68,1,57
1,9.09,3,2,1,43,44,71,0,62
1,8.72,0,6,2,71,75,96,1,71
6,9.3,4,4,1,92,97,60,0,83
2,6.07,4,4,0,57,72,79,1,61
5,7.02,4,5,0,55,60,72,1,65
1,9.91,3,7,5,64,74,72,1,91
4,5.79,0,3,1,89,81,67,1,53
4,8.36,1,1,3,55,66,83,0,59
6,6.19,0,2,4,61,84,75,0,54
4,7.5,3,3,4,99,69,40,0,75
6,9.0,4,1,2,63,78,51,0,70
1,7.44,3,3,2,67,85,85,0,67
1,9.03,0,2,4,62,97,72,0,67
1,7.13,3,2,4,93,69,83,0,70
1,10.0,1,5,1,95,98,44,0,80
5,7.18,3,4,4,60,84,41,1,72
2,5.75,2,4,0,97,95,75,1,62
2,7.01,3,4,2,48,60,63,1,63
5,8.71,0,5,5,41,65,82,1,69
1,9.24,2,4,2,77,63,93,0,73
4,7.3,4,3,0,67,93,89,1,67
6,7.97,0,4,2,65,61,90,1,60
2,9.22,1,4,4,99,76,89,1,79
3,9.07,3,6,2,99,82,91,0,86
6,8.29,3,2,0,66,65,86,1,62
3,9.08,0,5,2,94,61,60,0,72
3,7.88,3,5,5,64,85,99,1,79
1,5.02,3,7,5,60,72,69,1,71
3,5.21,4,4,5,77,63,54,0,69
1,9.9,3,6,5,64,44,48,0,86
5,5.72,3,7,4,97,63,94,1,77
4,7.02,4,7,5,77,74,71,0,85
3,9.67,3,1,5,85,97,47,0,81
4,5.98,4,2,1,50,61,62,1,55
1,9.22,1,4,5,67,72,66,0,76
3,9.09,3,1,4,88,56,81,0,73
6,9.93,0,7,5,75,91,47,1,86
5,6.41,2,3,2,43,51,68,1,54
2,6.58,1,6,5,58,69,50,1,68
5,9.51,3,6,3,63,65,60,1,82
3,6.17,0,2,2,61,52,90,0,47
5,7.74,2,6,5,94,45,83,1,79
2,8.54,4,5,5,87,42,78,0,84
6,6.36,3,1,2,64,100,69,1,59
4,9.69,4,4,0,47,50,72,0,71
6,8.33,1,1,3,90,82,42,0,65
5,5.24,2,5,0,59,99,94,1,57
2,5.68,2,3,5,40,99,52,0,61
4,5.95,4,1,0,43,92,75,0,53
2,6.22,4,4,4,51,49,62,0,66
6,8.65,1,1,1,64,50,65,0,56
1,5.44,0,6,2,60,55,49,1,54
1,6.75,3,3,3,58,59,77,1,63
4,9.56,0,1,2,73,81,75,0,62
4,7.78,2,3,0,45,83,62,1,58
4,6.33,3,7,1,91,58,47,0,72
1,9.79,1,3,0,93,48,53,1,67
6,6.22,0,7,2,74,75,63,1,64
4,9.53,0,2,4,42,97,94,0,66
1,8.63,3,2,2,72,54,57,0,67
4,8.7,1,4,0,48,62,79,1,60
4,8.82,1,4,3,46,60,76,1,66
2,7.53,0,4,3,80,78,85,0,65
4,9.07,0,3,3,66,44,64,0,63
1,9.18,4,3,3,40,90,93,0,76
6,6.8,3,7,3,79,61,86,0,76
1,7.0,1,2,5,57,96,59,1,63
1,9.44,2,6,1,74,70,64,0,77
4,7.62,3,7,1,56,54,56,1,71
2,9.33,4,7,4,78,67,43,1,91
3,8.13,3,3,3,99,77,98,1,76
3,7.97,0,7,0,50,91,60,0,65
3,5.15,3,2,0,76,54,59,1,50
1,6.39,3,1,2,84,88,84,0,61
4,7.51,3,4,3,50,58,86,0,67
3,7.94,2,4,0,42,74,80,1,60
5,8.15,4,5,5,52,57,56,1,79
5,8.58,3,6,4,91,49,74,0,83
5,8.28,3,2,0,99,54,80,0,66
6,9.24,2,5,5,67,89,99,0,83
4,6.48,1,4,5,97,63,62,1,68
1,8.21,3,5,4,77,86,60,0,81
1,5.26,3,1,3,93,95,82,0,61
4,7.4,1,7,2,86,90,93,1,74
2,6.34,3,5,2,73,59,91,0,66
2,6.9,3,1,1,94,76,60,1,62
6,6.77,3,4,3,67,50,63,0,66
4,5.3,4,3,0,100,48,76,1,59
2,7.33,0,7,2,41,44,97,0,60
6,9.97,4,2,5,96,50,57,1,84
3,6.49,1,7,4,85,93,95,1,75
3,8.68,4,5,5,41,78,83,0,81
6,7.74,4,7,4,76,66,58,1,85
4,6.63,2,6,0,55,41,44,0,59
3,5.45,1,1,0,47,91,100,0,43
4,6.08,1,6,3,79,93,83,1,68
2,8.91,1,4,0,100,59,66,0,68
3,6.4,4,6,0,50,60,45,1,65
2,5.72,1,6,0,84,90,88,0,61
4,6.66,2,4,2,54,89,53,0,62
4,7.92,3,3,3,43,69,42,0,66
5,8.52,4,7,0,62,87,40,0,80
6,6.94,3,6,0,47,40,70,0,62
1,7.49,3,6,5,55,74,94,1,78
6,7.27,4,6,5,55,65,84,1,79
4,5.05,4,4,4,63,71,89,1,65
4,6.98,1,6,2,92,48,49,0,67
6,7.94,2,7,0,49,88,94,0,70
4,7.85,4,4,2,73,79,99,1,75
2,8.75,3,3,3,57,60,70,1,71
3,8.35,4,4,3,92,55,90,1,79
4,6.38,2,6,5,55,51,90,0,68
6,6.28,0,7,1,75,75,56,0,62
6,7.32,3,1,4,91,76,78,1,69
6,8.66,0,7,1,90,66,99,0,73
5,5.47,0,6,2,96,46,79,0,59
2,9.74,2,7,4,47,69,87,0,83
2,7.72,4,5,5,59,63,55,1,79
5,6.53,0,5,0,62,89,66,0,56
2,8.47,1,7,5,79,93,55,0,84
5,5.22,4,1,5,53,69,91,0,59
2,7.42,3,5,4,55,59,80,0,72
5,7.43,4,7,4,77,85,84,1,85
5,5.81,2,7,3,57,79,43,1,68
2,9.19,2,7,1,79,84,81,0,81
5,8.98,3,6,3,90,67,92,1,84
2,5.76,3,4,3,69,43,66,1,61
5,6.82,3,6,1,75,51,93,0,68
6,5.5,2,5,3,75,42,48,0,61
1,9.24,4,5,4,78,76,64,1,87
2,6.62,0,4,2,79,43,63,0,55
5,7.2,0,7,0,80,54,97,0,62
6,6.62,1,5,0,40,67,67,1,54
1,6.55,2,4,3,56,76,57,0,63
5,8.74,3,3,1,67,48,83,0,67
1,8.74,4,6,4,46,53,65,1,80
2,7.59,2,3,3,59,98,49,1,67
1,8.29,1,5,4,81,71,88,0,74
3,7.56,0,7,4,63,87,83,0,72
4,5.14,4,3,5,92,42,73,1,67
3,5.33,0,7,0,40,86,85,0,52
2,6.92,4,5,2,57,57,77,1,69
2,8.75,3,7,2,65,89,50,1,82
1,9.57,4,3,1,53,53,53,0,72
6,5.15,3,5,2,58,64,94,0,60
5,6.84,2,2,3,57,78,85,0,59
4,6.12,0,6,0,96,65,77,1,59
5,9.08,4,1,0,84,99,40,0,72
6,9.23,4,6,4,46,91,56,0,86
2,6.03,1,3,3,41,45,88,0,50
4,8.55,0,4,3,46,65,56,0,62
3,8.66,2,1,4,67,87,49,0,68
2,5.89,3,7,5,67,93,69,1,78
2,7.17,2,7,5,81,90,81,1,82
1,8.1,1,5,4,56,80,85,1,71
6,5.13,2,7,0,69,91,72,1,62
1,7.02,3,1,3,60,40,41,0,57
1,5.77,0,7,2,76,89,89,1,64
5,7.71,1,4,2,48,60,59,0,60
2,9.21,4,4,0,75,53,71,1,74
6,7.62,4,6,2,91,85,42,1,82
1,5.18,0,7,2,61,47,75,1,55
3,5.15,2,7,3,54,94,44,1,66
4,8.03,4,5,3,53,64,59,1,75
6,6.64,1,6,1,66,88,42,1,64
5,7.86,3,3,3,57,57,42,0,67
6,5.82,2,3,1,49,54,75,1,50
2,8.88,3,2,5,87,81,45,1,79
5,9.3,2,6,3,61,59,78,0,78
4,9.45,1,4,4,62,55,75,1,72
3,6.52,3,2,3,91,46,63,0,63
1,8.3,1,4,1,81,68,86,1,66
6,6.4,3,2,2,80,70,77,0,61
5,8.81,2,6,3,87,68,76,0,80
4,5.6,1,3,2,44,56,47,0,48
1,8.81,2,4,2,90,44,77,0,72
4,7.2,2,6,3,64,57,88,1,70
3,9.28,3,6,3,40,53,55,0,77
1,8.69,3,3,4,63,70,82,0,74
1,6.88,1,1,5,72,89,40,0,61
1,9.52,4,3,1,97,57,53,0,78
5,6.42,0,4,3,95,86,84,0,63
1,9.83,3,1,2,76,64,49,0,71
4,8.84,2,2,2,46,50,49,1,61
5,9.95,0,5,3,63,65,61,1,73
1,5.27,1,4,1,54,44,79,1,48
4,6.37,0,7,5,50,55,80,0,65
4,8.71,0,5,2,83,47,70,1,67
6,9.61,4,5,5,56,52,43,0,85
4,5.14,4,1,5,88,97,82,1,67
2,5.0,0,2,4,62,71,62,1,48
3,6.28,4,3,2,88,93,80,1,70
1,9.26,4,1,1,43,66,51,1,65
1,8.84,0,2,0,70,88,84,1,58
1,6.7,3,7,4,93,65,47,1,80
4,5.01,4,7,4,73,48,99,1,72
4,7.77,0,3,0,49,86,84,1,53
1,6.19,3,3,4,76,46,63,1,64
2,8.73,4,2,4,49,98,40,0,75
5,7.23,0,3,4,81,89,65,1,64
5,8.39,4,4,2,98,85,61,0,81
3,9.26,3,4,2,50,47,82,0,71
6,7.68,0,1,3,70,41,64,1,53
3,6.68,3,3,3,49,57,70,0,61
1,8.85,2,3,2,82,75,95,1,71
1,6.33,1,2,4,77,63,73,0,58
1,9.46,2,4,1,92,94,76,1,77
6,5.36,4,5,0,81,73,50,1,64
4,9.18,3,1,3,47,81,43,1,68
6,5.46,0,6,4,50,77,47,1,59
3,5.28,3,4,3,59,50,96,1,59
4,6.82,4,2,5,63,98,83,1,72
4,9.78,0,1,1,98,91,74,0,66
3,9.92,2,5,5,90,49,64,0,85
4,6.01,3,7,4,46,68,70,0,71
5,5.74,1,6,2,99,88,88,0,67
3,6.76,4,1,1,60,95,62,0,61
3,6.69,4,4,3,83,79,79,1,74
5,8.8,3,5,4,92,45,77,0,81
6,7.22,2,6,5,45,87,43,1,74
6,8.9,2,2,4,70,49,75,0,69
6,8.74,1,1,0,51,69,46,1,54
4,7.89,1,4,0,76,94,49,0,64
5,9.17,3,2,5,52,67,45,0,74
3,5.98,0,5,0,88,68,70,1,55
3,5.81,2,1,2,70,90,43,0,54
3,8.75,0,3,4,48,64,60,0,63
4,6.22,0,4,4,66,75,81,1,59
4,5.01,3,4,3,91,66,59,1,64
2,9.56,1,3,2,92,73,56,1,72
6,8.11,0,2,0,56,91,91,0,54
2,7.22,3,4,4,90,73,45,1,75
2,8.63,1,2,0,90,71,50,0,62
4,6.67,0,5,1,47,83,57,0,55
6,9.77,0,3,2,66,43,94,1,63
6,5.34,1,2,0,79,87,48,1,49
3,8.2,1,5,2,96,73,51,0,72
4,8.89,4,7,5,97,55,70,1,93
6,7.35,4,1,4,54,99,70,0,68
2,8.77,3,4,1,78,86,82,0,75
5,9.63,3,3,3,45,85,97,0,75
5,8.72,2,1,1,71,50,89,0,60
4,6.55,4,7,2,87,54,94,1,77
3,7.81,1,1,1,47,95,73,1,54
3,9.56,4,1,4,74,77,55,1,78
6,7.25,3,2,2,70,69,80,0,63
4,8.41,3,7,2,81,95,87,0,84
5,7.33,3,4,4,65,66,51,0,71
2,5.61,1,3,5,81,55,88,0,59
6,5.29,0,6,0,63,40,52,1,49
2,9.76,3,6,3,90,64,75,0,87
6,8.06,4,4,5,100,67,52,1,84
1,5.52,0,4,5,41,82,83,0,55
2,9.29,4,4,1,80,53,41,1,77
4,7.61,3,5,5,40,73,88,0,74
2,8.86,1,7,3,49,95,54,1,77
2,5.63,0,5,3,97,87,52,1,63
6,9.53,0,5,5,89,43,73,0,77
5,7.95,3,5,4,62,53,65,0,74
1,8.69,3,4,0,72,55,45,0,69
2,5.16,3,4,3,83,54,60,0,62
5,6.58,2,6,2,76,73,83,1,69
3,6.34,1,3,5,99,52,100,1,65
1,9.75,1,6,0,96,56,72,1,75
1,5.93,3,6,4,96,67,54,1,75
6,8.54,2,3,5,50,91,74,0,73
2,5.21,3,3,3,59,49,67,1,56
3,5.99,3,6,5,65,86,81,0,75
6,6.69,1,6,4,85,56,45,0,70
4,8.97,2,6,1,86,47,76,0,75
5,8.95,1,3,4,41,41,93,1,63
5,9.76,3,3,2,64,95,79,1,77
6,9.58,4,5,4,98,97,45,1,93
5,5.41,0,4,0,43,40,50,1,41
2,9.15,3,3,1,58,94,53,0,72
5,7.26,2,2,5,52,94,60,0,66
2,9.33,4,7,5,58,44,98,1,88
4,5.45,2,3,2,52,74,59,1,53
3,9.11,3,3,1,94,61,44,0,74
1,5.8,3,4,2,51,82,84,0,61
6,6.67,0,6,5,41,55,98,0,62
6,5.14,2,5,1,76,92,48,1,60
2,5.62,4,1,3,89,48,69,1,60
4,7.23,0,6,4,62,75,81,0,67
4,9.09,2,6,0,94,48,82,0,75
1,8.87,3,4,0,58,53,77,1,67
3,6.18,0,5,3,42,49,92,1,53
6,5.76,3,2,1,63,61,98,1,53
2,6.95,1,7,4,62,55,66,1,70
4,9.42,1,7,3,43,80,95,0,77
6,5.46,0,1,1,57,42,44,1,38
2,7.71,0,7,4,51,67,44,1,69
5,5.44,2,5,1,100,69,87,0,63
6,7.35,4,6,0,74,68,95,1,73
3,5.63,4,5,4,66,40,96,1,67
2,5.4,1,4,0,82,67,79,0,52
3,5.95,1,5,0,53,61,54,0,52
6,6.28,1,3,4,98,71,86,1,64
5,6.38,3,5,3,70,91,48,1,71
3,8.23,4,1,1,42,50,86,1,59
4,5.27,0,5,4,44,65,64,1,54
2,5.4,1,2,5,68,70,47,1,56
6,5.94,2,7,0,78,59,53,1,64
5,9.36,0,3,1,91,59,78,0,65
4,8.14,0,1,4,56,72,71,1,57
6,8.65,0,1,3,58,44,70,1,55
5,6.85,4,6,4,74,80,100,1,80
4,6.07,1,4,4,72,42,62,0,59
3,5.19,2,7,2,47,83,83,1,62
6,7.44,3,4,5,91,89,40,1,80
6,7.87,2,3,1,76,99,86,1,67
3,9.49,2,1,4,74,73,70,1,71
1,9.41,2,6,0,59,70,46,1,73
4,7.12,3,2,0,56,81,54,0,58
3,7.12,2,5,2,84,46,81,1,67
6,5.81,2,5,0,52,69,45,1,55
4,6.29,1,5,4,43,93,55,1,63
4,9.63,1,4,1,89,57,53,0,71
1,5.71,1,1,2,97,55,83,0,51
6,9.84,0,1,5,69,52,56,0,66
5,7.52,2,2,2,45,72,49,1,58
1,7.28,4,4,3,41,46,68,1,66
1,5.87,4,2,3,54,69,81,0,60
5,8.31,4,1,1,96,50,47,0,68
5,7.3,3,5,1,73,45,96,1,67
1,6.85,1,7,2,91,60,50,0,70
4,6.32,1,4,4,100,71,98,1,67
3,5.33,1,4,4,59,44,57,1,54
3,7.6,3,4,3,55,81,84,1,70
1,6.56,2,6,1,99,68,59,1,69
4,8.54,0,6,1,82,74,55,1,69
5,8.62,1,5,4,88,98,66,1,79
2,6.66,2,6,3,68,86,62,0,71
1,8.35,4,4,4,66,51,53,0,77
6,6.29,0,6,4,94,76,51,0,68
4,8.64,4,6,2,40,85,84,1,78
6,5.08,2,3,1,52,83,66,0,51
6,5.76,2,4,2,79,61,52,0,60
1,6.23,4,6,2,71,50,55,1,70
4,8.86,0,5,4,42,62,72,0,67
6,5.33,4,6,3,53,94,63,0,70
4,5.94,4,6,4,95,84,51,1,80
3,6.79,4,7,5,95,49,48,1,84
2,5.05,0,4,3,97,81,52,0,58
6,8.81,3,6,1,67,63,84,1,76
6,7.8,0,3,5,85,92,47,1,69
4,9.5,4,3,5,65,85,89,0,84
2,5.16,1,7,5,60,91,95,1,68
3,6.36,1,6,0,85,55,95,1,60
6,8.66,2,4,1,90,51,57,0,70
1,8.38,3,1,4,50,94,66,0,68
4,6.22,2,1,3,66,89,80,0,57
4,7.98,2,2,5,83,71,72,1,71
6,8.97,1,3,0,98,63,46,1,66
3,5.17,0,1,5,96,43,52,0,51
6,8.59,2,2,3,40,81,54,0,64
5,6.26,2,1,3,72,72,73,0,56
6,9.74,3,4,0,85,57,95,1,75
2,7.69,1,6,0,57,86,79,0,65
2,5.17,0,3,1,100,56,59,0,50
5,7.02,3,1,2,97,60,95,1,63
2,9.83,0,4,5,93,40,76,1,76
2,8.65,0,2,0,41,98,80,0,54
1,6.5,2,4,5,43,85,56,1,66
4,7.88,3,2,2,93,83,68,0,70
2,8.0,2,1,2,89,64,60,0,63
4,5.12,4,6,2,43,98,53,1,66
3,5.89,0,5,2,94,70,68,1,60
6,7.76,3,6,0,56,82,80,0,70
1,7.01,1,4,5,87,59,86,1,69
5,5.95,2,5,3,55,65,61,1,62
3,8.86,4,3,5,48,58,91,0,76
1,7.44,4,5,5,65,69,72,1,79
1,6.55,4,6,0,49,64,52,1,66
5,5.81,2,3,0,46,75,81,0,50
5,8.06,1,7,4,48,88,70,0,75
4,8.33,3,1,4,94,57,51,1,71
6,8.35,0,1,1,87,43,71,1,54
3,6.1,1,4,2,66,66,85,0,57
6,7.98,2,5,2,71,72,45,0,71
3,9.53,3,3,4,88,45,50,1,79
1,6.77,0,3,3,62,46,62,0,53
2,6.05,3,5,1,66,40,46,1,60
2,8.86,0,6,5,64,77,96,0,76
5,5.88,0,7,3,68,74,59,0,63
5,6.27,4,1,4,63,62,43,1,62
1,5.5,2,6,5,55,55,60,1,65
1,6.34,1,1,3,55,98,83,0,54
3,7.05,4,3,2,67,73,69,1,68
1,5.32,4,4,4,59,73,64,1,66
3,9.36,3,7,5,92,70,70,1,93
6,7.57,0,1,3,58,82,41,1,55
5,7.94,0,2,1,49,70,59,1,52
5,6.86,3,3,1,65,91,85,0,63
2,8.35,2,5,0,99,50,80,1,70
2,7.16,0,5,5,41,47,93,1,61
5,8.81,4,6,4,42,90,53,1,84
6,9.11,4,6,4,78,63,77,1,88
6,8.36,0,3,5,95,62,62,1,70
4,7.46,0,6,4,41,71,44,1,65
3,8.91,2,6,2,64,92,91,1,78
2,7.47,0,3,2,84,54,98,0,58
3,5.56,2,1,4,43,67,58,1,51
2,5.58,4,3,5,54,59,89,0,64
4,9.74,2,3,3,57,53,46,1,71
5,6.07,0,6,2,46,65,60,1,56
3,9.08,1,2,5,66,97,72,1,72
2,6.23,0,5,4,57,89,59,1,62
3,7.15,1,6,2,46,96,48,1,66
5,8.27,4,1,5,95,91,70,1,79
1,5.79,3,4,0,68,76,47,1,59
2,8.69,4,1,1,80,41,50,1,66
1,8.45,4,5,0,99,73,46,0,79
4,7.72,4,4,4,83,73,60,1,79
6,7.83,2,3,5,98,97,88,0,78
3,5.53,4,2,1,72,73,67,0,58
2,7.18,3,2,3,41,48,92,0,58
3,5.43,0,5,4,57,100,54,0,60
4,6.54,1,6,3,85,83,47,0,70
4,9.5,4,5,3,62,92,91,0,85
3,7.87,1,2,2,45,98,51,0,59
2,8.71,4,7,2,82,93,44,0,88
5,7.87,2,4,1,64,91,47,1,67
5,5.97,1,4,1,58,89,76,1,55
6,7.97,4,6,5,47,42,53,0,78
3,8.78,4,1,2,92,69,43,1,73
3,5.69,3,3,1,76,58,66,0,57
2,9.08,3,6,5,65,70,54,0,85
3,7.78,3,4,0,68,55,59,1,64
2,5.02,2,3,4,98,82,100,1,63
3,7.6,1,5,0,67,98,61,1,64
4,6.98,2,4,4,92,97,81,1,74
1,6.48,0,4,5,95,95,88,0,68
3,8.86,4,4,2,46,63,75,1,73
1,9.5,4,1,0,98,54,69,1,71
5,8.81,4,6,3,99,61,72,1,87
6,9.23,3,5,0,94,71,67,0,78
5,9.54,4,2,1,75,50,77,1,72
3,9.56,3,1,0,54,68,79,1,63
2,5.57,0,1,2,93,81,43,0,50
5,7.28,2,4,2,100,98,95,0,72
4,5.0,2,1,1,72,63,53,0,47
1,7.53,2,6,4,93,58,41,0,77
2,9.62,3,6,1,44,94,76,1,79
2,6.0,1,6,5,68,44,86,1,65
3,8.2,1,2,4,56,85,58,1,64
4,8.22,0,1,2,84,80,53,1,59
1,5.8,1,7,2,66,96,46,0,66
4,6.19,0,6,5,56,92,100,1,66
5,7.31,4,1,4,90,77,48,1,71
3,5.94,2,4,0,43,40,72,0,49
2,7.92,3,5,0,88,99,63,0,75
2,7.42,0,6,1,51,69,91,0,60
5,7.6,3,2,2,97,51,100,1,67
2,5.67,3,4,0,62,85,81,0,58
6,7.59,2,1,2,89,43,82,1,59
3,5.25,4,6,1,50,54,60,0,62
5,9.41,4,2,3,75,56,83,0,76
3,6.72,1,7,2,51,91,40,0,67
1,9.28,4,3,3,48,51,60,1,73
3,8.51,2,6,2,63,40,96,0,71
3,8.83,3,7,4,57,52,79,0,82
1,6.57,0,7,5,66,69,63,1,69
5,6.14,0,6,3,98,49,77,1,64
3,7.03,4,1,4,48,75,83,0,64
4,5.12,1,5,5,72,45,80,1,60
3,9.59,0,1,4,45,48,43,1,59
5,6.94,1,5,1,90,89,45,1,66
2,9.94,0,3,1,72,41,42,1,63
1,8.81,1,4,0,79,45,73,0,63
2,5.4,1,4,3,45,50,64,1,51
5,8.3,3,7,0,43,65,92,1,71
6,6.35,2,6,3,42,67,66,0,64
2,6.22,0,4,1,52,52,57,0,49
3,6.28,4,2,1,65,77,44,0,60
3,9.58,2,5,5,73,51,93,1,81
1,7.5,3,1,5,52,58,63,0,64
3,8.35,3,2,1,92,57,71,1,67
4,6.4,3,2,3,86,58,60,0,63
4,7.61,4,1,1,47,67,83,1,59
2,6.75,0,3,0,51,51,73,1,46
5,6.61,0,7,4,47,71,68,1,65
1,6.23,1,4,5,58,91,94,0,64
6,7.05,1,3,3,80,52,44,0,61
2,8.3,1,3,4,49,91,100,0,67
5,6.11,4,4,0,71,62,98,1,62
1,9.83,2,3,2,60,75,89,0,72
1,5.62,0,2,5,62,97,67,1,55
2,7.4,1,6,1,66,69,45,1,65
5,5.43,4,1,5,64,61,50,1,61
5,5.11,4,6,5,46,77,78,0,71
3,9.61,1,2,5,81,84,87,1,75
6,9.05,3,6,0,74,81,47,0,78
4,8.47,3,2,2,41,42,74,1,61
3,9.33,3,5,3,67,48,50,1,78
1,9.01,1,4,0,46,54,59,0,60
6,8.24,4,4,3,81,69,99,1,78
6,9.24,4,6,4,79,65,93,1,88
5,6.95,0,2,4,51,69,90,1,54
6,7.76,3,4,3,99,44,82,1,74
2,8.88,1,5,4,91,97,61,0,81
6,5.42,0,6,4,56,70,80,0,59
1,9.29,4,1,1,61,96,51,1,71
2,5.78,0,3,3,48,97,87,0,52
2,9.32,3,7,3,91,61,44,0,88
3,6.56,2,4,2,42,93,73,0,61
6,6.63,3,2,5,61,80,81,1,66
5,5.37,3,4,1,93,100,73,0,65
3,9.43,1,2,0,75,97,69,0,65
5,5.87,2,6,1,78,54,98,0,62
6,8.15,2,6,0,98,84,62,1,75
3,8.22,2,3,3,57,92,75,1,69
6,6.41,4,4,1,56,74,96,0,64
1,9.93,0,3,2,66,58,64,0,66
3,5.32,4,2,5,93,73,87,1,68
5,8.04,2,5,4,74,57,45,1,74
1,7.4,1,5,0,71,53,81,0,60
4,6.23,3,7,4,42,61,68,1,70
5,5.82,3,1,5,52,63,60,0,58
6,8.69,4,2,3,56,52,46,1,70
5,9.58,4,2,3,100,98,76,1,84
4,5.54,1,2,3,57,95,84,0,53
5,5.97,3,6,4,90,47,80,1,73
1,9.93,4,6,5,56,81,48,1,91
2,5.08,0,5,3,95,94,94,1,61
5,7.54,4,5,3,87,41,86,1,76
3,7.58,4,7,4,55,81,75,1,82
4,6.32,2,7,3,61,66,40,1,69
5,8.32,0,5,5,64,73,70,1,71
4,9.72,0,4,0,40,68,59,1,60
2,7.25,1,4,1,66,65,67,0,59
1,8.75,2,5,0,53,62,85,1,66
3,8.23,0,3,3,67,75,58,1,63
6,7.36,2,4,5,86,93,40,0,76
5,5.25,2,6,5,75,48,68,0,67
1,8.71,3,4,3,91,60,49,0,78
4,6.82,0,4,3,92,81,75,1,64
2,6.12,3,4,3,82,75,62,1,68
4,9.74,4,7,4,89,42,57,1,92
2,8.87,4,7,5,71,46,68,0,88
2,9.81,3,1,1,68,62,67,1,68
1,6.28,4,4,4,56,71,83,0,69
5,9.18,3,3,4,67,62,46,1,76
6,8.04,1,7,5,80,55,70,1,79
5,9.91,2,1,3,60,44,77,0,66
3,9.73,1,6,0,63,52,80,1,70
5,9.86,0,6,5,85,49,98,0,80
2,9.76,1,4,0,99,95,41,0,75
2,5.04,1,2,2,74,98,54,1,52
3,8.71,4,1,5,59,41,61,0,71
4,6.36,3,7,1,91,55,84,0,72
2,8.53,0,6,5,61,91,50,1,76
3,9.9,4,4,2,43,40,93,0,74
2,5.2,0,3,4,55,45,93,0,48
6,7.83,2,5,2,60,93,58,1,71
2,8.67,3,6,2,83,58,45,1,79
1,6.27,4,4,5,60,72,48,0,72
3,6.13,1,2,2,79,67,83,1,54
5,5.3,2,3,1,80,44,68,0,52
3,5.47,1,6,5,50,51,82,1,61
4,8.28,0,1,0,95,69,42,0,56
2,7.53,2,3,0,99,56,89,1,63
3,5.15,4,4,2,76,58,95,1,62
6,9.85,1,7,5,83,79,84,0,88
3,8.28,1,6,1,99,81,52,0,74
6,7.58,0,6,0,61,64,86,0,60
2,6.36,0,2,3,59,74,90,0,52
5,8.29,3,6,5,41,48,86,0,76
2,6.82,3,7,5,82,71,99,1,81
4,8.51,0,3,0,50,78,54,0,56
1,8.41,3,6,0,60,95,44,0,75
5,5.46,1,3,1,72,77,44,1,52
5,9.55,0,5,1,88,54,41,1,70
1,7.43,2,7,0,56,84,89,0,69
3,6.96,0,5,3,75,85,77,0,65
2,9.78,4,4,3,53,76,89,0,81
3,7.19,4,1,2,76,65,69,0,64
3,8.61,0,1,2,70,100,93,0,60
2,8.28,2,2,0,43,95,99,0,59
4,5.83,0,7,0,45,99,67,0,56
5,9.96,2,4,0,89,70,78,0,75
6,7.32,1,1,5,60,69,71,1,59
1,6.97,1,6,3,52,41,100,1,62
5,9.6,2,3,4,77,46,59,0,74
3,7.65,3,4,2,54,69,97,0,67
1,8.53,1,3,2,44,72,59,1,61
6,9.23,4,2,4,77,87,68,1,80
5,6.18,0,7,0,63,78,74,0,58
5,5.85,3,6,2,57,86,71,0,67
4,5.34,4,4,3,68,77,56,1,66
5,9.49,0,6,4,71,59,91,1,76
5,6.0,4,6,3,46,58,90,0,68
6,6.54,3,7,5,69,48,47,1,76
6,6.43,2,6,0,77,61,60,1,63
1,6.52,0,2,2,65,71,62,1,51
3,8.34,4,7,3,47,69,90,1,81
6,9.77,4,5,4,64,45,90,0,84
1,6.65,3,2,0,69,100,66,0,60
5,7.04,3,6,2,63,56,45,1,70
1,8.86,3,5,2,69,76,97,0,77
1,7.16,2,4,0,44,54,91,1,55
1,9.63,1,3,0,43,99,47,0,64
2,7.52,4,3,0,90,46,74,0,66
1,6.74,2,3,5,81,53,44,0,67
6,9.86,4,2,3,48,59,72,1,74
2,7.13,2,4,1,94,99,40,1,69
3,6.16,0,4,5,72,69,63,1,61
1,5.89,1,5,2,90,57,71,0,61
4,9.98,4,4,3,68,100,94,0,86
5,8.76,3,3,4,70,96,72,0,78
5,7.04,1,4,2,83,61,77,0,62
2,9.13,4,5,5,58,64,41,0,84
5,7.73,0,4,1,84,63,83,0,61
5,6.59,4,4,4,93,70,56,1,76
2,8.72,4,3,2,86,88,49,0,78
5,8.73,4,4,1,100,57,76,0,78
1,7.5,1,2,0,41,73,76,1,50
3,5.23,4,7,1,59,100,41,1,70
2,5.39,3,5,2,51,57,51,0,59
4,8.94,2,5,1,89,53,76,0,73
2,9.12,3,5,5,60,43,69,1,80
6,8.39,0,4,2,100,46,54,1,66
4,9.2,1,2,2,70,46,62,1,63
6,8.6,2,7,1,75,40,91,1,74
2,9.48,1,6,1,59,79,57,0,73
6,5.75,1,6,5,83,91,100,1,71
4,6.94,4,5,4,59,63,70,0,74
1,7.32,3,1,4,84,71,92,0,67
2,6.49,2,6,3,75,49,98,0,68
2,8.63,4,6,2,85,48,77,1,81
5,9.56,2,3,4,92,78,68,0,80
2,7.06,3,1,3,57,42,95,1,57
2,9.71,4,1,5,45,83,53,0,77
1,7.58,2,5,2,72,74,96,1,70
5,7.61,4,7,5,49,44,82,1,80
3,8.0,1,7,3,57,46,97,0,70
6,6.34,0,1,4,90,51,79,0,53
4,6.92,2,1,3,73,62,62,1,58
3,7.77,3,6,1,54,64,64,0,70
5,9.71,2,2,5,42,56,80,1,70
1,8.21,0,3,3,47,53,77,0,57
4,6.67,2,4,5,90,74,67,1,72
6,5.05,2,5,0,50,40,74,0,49
2,9.91,2,6,0,85,61,69,1,78
2,7.46,3,6,3,71,67,99,0,76
3,9.69,0,5,0,87,97,66,1,72
6,7.75,0,1,3,81,62,47,1,57
5,8.03,3,4,5,56,57,87,1,74
6,8.56,2,6,3,86,85,58,0,81
1,6.6,2,4,3,69,96,40,0,67
3,8.49,0,4,0,82,84,84,1,63
3,7.63,2,5,2,47,83,83,0,67
1,8.36,1,5,3,79,76,59,0,73
6,9.18,2,7,3,46,42,69,0,76
1,5.92,2,6,1,59,53,96,1,60
4,8.07,4,6,1,51,78,68,1,75
1,5.26,0,7,4,60,46,47,1,59
6,5.51,0,7,0,67,56,53,0,54
1,8.37,1,6,2,67,45,77,0,69
5,5.35,1,2,3,98,86,42,0,57
2,7.98,1,5,3,55,58,42,0,66
1,6.1,0,5,0,87,54,94,1,54
2,6.52,4,2,4,49,78,53,0,65
1,5.65,4,5,4,93,44,60,0,72
6,6.24,3,1,1,61,54,74,1,52
4,9.11,0,1,0,46,91,99,0,54
4,8.19,3,7,4,43,84,83,0,80
2,9.75,2,2,4,63,65,83,0,72
6,5.24,1,6,2,73,78,88,1,60
6,8.96,3,2,1,80,84,82,0,71
6,8.5,3,1,1,86,52,80,1,64
5,6.3,0,4,1,93,70,66,0,57
3,8.65,1,5,5,53,52,67,1,72
1,8.58,1,3,4,83,62,67,1,70
6,7.3,4,3,3,88,79,44,1,74
6,8.44,3,2,5,56,71,82,1,72
6,7.22,4,3,4,84,76,78,0,75
4,6.68,3,4,4,47,43,49,1,64
6,7.33,0,3,0,81,56,48,0,53
1,9.48,0,1,1,97,59,59,1,62
6,6.92,2,2,1,52,85,68,1,56
1,7.02,3,6,2,46,50,86,1,67
5,8.04,3,3,1,42,81,68,0,64
3,8.76,1,5,4,63,72,67,1,74
4,8.67,1,7,0,86,78,50,1,74
1,5.1,4,7,2,63,45,60,1,66
2,8.44,2,2,4,100,78,74,0,74
5,7.25,0,4,4,46,95,62,0,62
3,7.62,3,1,5,69,86,68,1,69
3,7.81,4,7,2,44,77,54,1,77
3,8.66,2,3,5,79,57,56,0,74
1,9.16,1,1,4,60,41,63,1,62
5,8.23,2,4,4,88,80,74,1,77
6,7.82,4,7,5,47,77,100,0,84
2,6.87,0,6,0,46,93,59,1,57
5,5.69,1,3,0,78,56,97,0,50
5,9.79,1,6,5,41,63,75,1,78
5,7.31,0,6,0,82,69,50,0,62
1,7.83,1,2,1,51,82,94,0,56
2,8.76,4,6,2,67,63,69,1,81
1,5.34,1,2,0,83,43,99,1,45
2,9.28,3,6,4,58,46,78,1,81
2,8.99,2,7,1,67,54,59,0,75
1,8.87,4,5,2,74,96,61,1,83
2,5.11,0,4,0,51,69,63,0,44
5,7.63,4,3,0,67,98,97,0,68
1,5.27,3,1,2,98,68,53,1,57
2,7.75,1,7,0,65,88,75,1,69
3,8.59,1,1,5,77,83,52,1,68
1,5.61,4,3,2,45,84,40,1,60
4,8.47,1,4,2,58,92,94,1,67
1,7.25,1,4,4,66,52,89,1,64
1,9.06,3,6,2,92,79,66,1,84
1,7.67,0,1,3,48,78,52,1,53
2,6.68,2,3,0,94,68,74,0,60
1,6.66,4,6,4,80,65,47,0,78
4,9.49,0,3,1,89,75,57,0,67
6,7.26,2,1,3,49,74,73,1,57
1,7.03,0,3,2,49,88,91,0,55
3,5.2,4,3,1,72,87,45,0,61
4,6.82,3,6,1,57,58,97,1,66
6,9.25,3,2,1,93,41,66,0,70
2,8.8,3,2,1,49,92,57,0,66
1,6.1,0,5,4,46,53,96,0,56
6,7.07,4,6,4,79,55,99,1,79
3,5.98,1,5,1,71,88,89,1,60
4,9.77,1,4,3,82,75,48,1,76
4,7.99,3,2,0,93,79,54,1,66
2,8.77,0,2,5,45,80,62,0,63
2,8.57,1,2,0,58,70,98,0,57
2,9.37,0,2,4,80,87,42,0,70
6,9.75,4,4,3,82,87,96,0,86
1,5.16,3,1,3,73,88,48,1,57
5,9.88,2,4,2,82,74,61,0,78
4,9.35,3,1,4,44,61,89,0,68
5,6.91,2,5,3,58,60,62,1,65
4,9.19,1,2,3,88,67,59,0,69
2,8.68,2,6,0,89,56,91,0,73
1,8.97,0,6,3,93,89,46,1,78
1,6.1,2,1,3,53,57,92,1,51
4,8.24,1,7,1,49,71,56,1,68
6,5.13,1,7,0,88,62,42,1,59
2,9.24,3,7,0,50,45,46,1,74
1,9.76,1,4,1,70,68,52,0,70
1,8.31,0,1,0,41,45,80,0,45
3,7.56,2,3,2,49,72,80,1,61
1,8.63,4,5,5,60,100,62,1,86
3,6.63,1,5,2,40,87,76,1,59
1,8.13,2,2,4,85,71,43,1,70
1,8.59,3,2,5,70,56,48,1,73
6,5.71,4,4,0,50,43,45,1,55
6,5.7,3,1,0,82,87,100,1,54
2,8.58,0,3,2,49,97,81,0,62
1,7.16,3,5,4,59,70,57,0,72
2,9.45,2,1,4,60,61,74,0,68
2,6.56,4,3,2,76,66,62,0,66
2,5.21,3,6,2,76,93,70,1,68
2,8.25,3,1,5,53,60,59,0,67
4,8.42,0,2,1,97,59,46,1,60
4,7.77,2,6,4,96,73,100,0,80
1,8.42,3,6,4,96,62,51,0,84
4,7.62,2,5,1,44,83,99,0,65
1,8.46,1,3,2,45,55,76,1,59
6,5.22,0,7,1,63,45,88,1,53
5,6.84,0,2,1,55,55,97,0,47
3,6.05,0,6,3,99,46,90,1,63
4,5.5,2,7,4,62,53,96,1,67
4,6.17,3,4,2,86,42,43,0,63
6,5.96,3,4,3,77,72,51,1,66
4,9.87,2,2,5,91,88,92,1,81
1,6.43,2,3,3,55,91,54,1,61
1,6.15,1,3,3,90,75,41,1,61
5,9.17,4,5,2,91,78,97,0,85
5,7.1,4,2,1,52,68,86,1,61
5,7.11,0,4,2,90,78,50,0,62
1,7.22,3,2,4,84,43,95,1,66
2,7.08,0,1,5,47,78,72,0,55
2,6.63,3,3,5,77,79,53,0,71
5,6.43,3,6,5,71,80,66,1,77
5,9.41,1,1,4,61,61,43,0,65
1,5.81,2,4,1,56,54,77,0,54
6,5.91,2,3,2,44,43,79,1,51
4,7.86,2,4,1,47,97,59,1,65
3,6.72,4,4,1,98,57,41,0,70
2,7.11,2,4,2,100,96,43,0,72
2,9.03,4,5,4,89,83,88,0,88
1,9.52,0,4,2,69,62,63,0,67
1,8.95,4,4,5,58,77,48,0,82
3,6.17,3,1,4,51,43,58,0,55
3,9.9,1,1,0,64,43,47,0,58
5,6.82,1,1,0,83,57,80,0,50
3,5.85,3,3,0,52,40,67,1,51
4,7.5,0,5,5,43,71,52,1,65
4,8.63,1,3,3,98,60,47,0,70
2,5.42,3,5,4,49,77,53,1,65
4,8.17,1,5,4,87,65,89,0,74
4,9.29,4,2,2,67,80,89,0,75
4,6.31,1,6,4,44,88,49,0,65
5,8.47,4,2,2,67,60,100,1,69
2,7.0,4,2,3,83,82,59,1,70
1,7.07,1,5,2,70,68,40,1,64
2,6.4,1,5,0,55,92,51,0,57
2,8.12,4,3,2,98,80,74,1,77
2,6.8,1,5,2,62,82,59,0,63
3,9.15,0,7,2,68,71,51,1,74
1,9.81,2,4,4,86,98,89,1,84
3,9.68,2,4,1,60,43,51,0,69
5,5.82,3,5,1,41,52,78,0,57
5,5.07,2,4,5,62,100,68,0,64
6,7.19,0,5,1,55,90,97,1,59
6,8.64,2,7,5,50,74,42,1,81
5,9.89,2,2,4,93,93,46,1,80
5,8.92,0,5,0,98,66,62,0,68
3,7.9,4,2,1,48,40,52,0,61
5,5.13,2,7,1,41,88,100,0,60
1,9.13,3,1,3,57,88,50,1,70
3,5.89,2,4,5,52,78,64,1,64
5,5.28,2,7,5,84,53,91,1,71
3,9.25,0,1,3,47,76,59,0,59
3,7.83,0,4,0,49,69,88,0,54
4,5.64,3,7,2,66,53,86,0,67
6,6.93,1,7,2,56,50,66,1,64
3,5.43,0,6,3,63,70,45,1,58
2,8.19,1,6,3,60,96,45,1,74
3,6.41,3,6,0,40,67,78,1,61
2,9.33,2,1,0,55,66,80,0,59
4,6.79,2,7,4,97,42,97,0,76
5,7.47,1,6,2,82,45,97,1,67
3,5.32,3,5,4,72,78,97,0,68
4,6.38,3,6,1,45,58,48,1,63
1,8.38,0,1,5,51,80,60,0,60
4,8.68,1,7,5,71,73,57,1,81
6,6.21,0,4,0,87,67,40,0,53
6,7.52,1,3,2,97,51,89,0,63
5,9.09,0,4,2,50,78,89,0,64
2,6.9,0,3,4,57,49,51,1,55
5,5.67,3,5,3,41,91,40,0,64
2,7.16,3,7,3,71,86,67,1,79
2,8.0,2,4,0,88,64,63,0,66
2,5.04,2,1,5,88,62,58,0,57
2,6.74,3,5,3,59,95,97,1,71
6,8.04,3,4,1,60,98,53,0,70
6,9.76,0,5,2,75,65,53,1,72
3,7.04,2,7,3,77,58,65,0,73
6,5.81,3,7,0,95,77,55,0,70
5,7.67,1,3,1,66,59,99,0,58
6,6.43,1,5,5,86,84,63,1,71
5,6.07,2,7,5,50,91,71,1,73
1,7.95,1,1,4,57,83,45,1,61
6,9.58,0,4,4,56,57,88,0,69
5,9.18,2,3,1,73,87,84,1,70
2,5.91,3,5,0,84,50,69,0,61
4,8.83,1,2,4,65,97,100,1,69
2,6.15,0,3,2,98,64,62,1,56
3,6.45,3,3,5,45,82,58,0,66
5,9.6,4,1,5,82,40,64,1,78
2,9.56,0,1,2,69,71,64,1,61
6,5.84,1,5,5,91,72,91,0,68
6,5.32,0,2,5,78,46,41,0,51
1,6.47,4,3,5,89,70,49,0,74
4,7.91,4,5,0,71,65,80,0,72
5,9.38,0,6,0,56,46,92,1,64
2,5.59,3,2,2,52,75,66,1,55
4,7.07,3,5,0,92,85,83,0,71
1,6.36,4,3,1,85,63,47,0,65
3,5.07,2,5,0,80,44,80,0,54
4,8.94,2,1,5,52,61,82,1,67
1,9.07,3,1,2,45,83,72,0,65
5,6.11,2,4,3,61,75,82,1,62
3,5.76,3,2,0,72,42,58,0,51
6,5.72,1,6,4,72,89,94,1,67
1,7.32,3,3,1,43,95,69,0,62
6,6.23,1,2,1,53,98,73,1,52
3,7.56,4,1,1,89,76,53,0,66
1,6.92,2,6,4,87,97,75,1,78
1,6.05,4,3,4,74,77,59,0,69
3,8.76,0,4,1,66,85,62,0,64
5,5.75,0,1,1,45,45,54,1,38
1,8.99,4,1,1,97,91,41,1,75
3,7.81,3,6,0,100,64,63,1,75
4,9.16,3,2,5,40,62,63,1,71
6,5.02,2,7,4,82,51,100,1,68
1,8.75,4,5,2,67,67,70,1,79
4,5.26,0,7,5,68,97,55,0,67
1,9.75,4,2,0,71,83,93,0,73
5,8.51,4,1,2,67,100,43,1,71
3,6.6,2,2,0,66,79,73,1,54
1,6.6,3,5,0,49,71,54,0,61
3,9.31,0,4,2,57,94,58,1,68
2,9.51,2,3,1,43,91,58,0,68
1,9.46,0,1,5,77,64,87,0,67
5,9.04,0,2,2,100,73,83,0,66
5,9.1,3,1,3,90,69,74,1,73
4,7.86,3,3,4,80,76,59,0,74
5,5.14,2,2,3,81,57,86,1,54
3,5.43,1,4,5,91,95,78,1,66
2,8.25,2,3,0,94,96,80,1,69
5,7.01,2,5,2,71,74,97,0,67
1,7.84,1,5,1,98,87,68,0,71
5,6.16,0,1,5,44,76,54,0,50
2,8.25,4,5,1,61,80,59,1,75
3,6.21,1,2,3,96,45,71,0,57
1,7.3,4,5,3,87,58,52,0,77
4,7.39,0,4,0,96,61,46,0,59
4,5.89,1,6,4,61,96,97,0,67
4,9.38,3,2,0,41,71,93,0,63
1,7.63,2,6,5,80,66,55,1,78
4,9.33,1,1,1,82,98,49,1,66
5,6.31,1,1,5,73,55,96,1,56
1,5.86,0,7,2,89,65,95,1,63
1,5.09,3,5,3,41,78,41,1,61
1,5.47,1,5,1,85,43,90,0,55
6,5.74,3,1,0,94,55,77,1,53
3,5.39,4,2,4,98,91,92,0,69
6,9.48,1,3,2,75,88,57,0,71
6,9.56,3,1,4,79,58,73,0,74
6,9.69,2,7,0,47,67,60,0,74
3,9.8,0,4,0,72,96,60,1,68
6,7.46,3,2,1,72,56,40,0,61
4,7.65,0,3,2,43,84,54,0,56
1,5.65,1,7,5,57,41,49,1,64
1,5.69,1,7,0,100,41,98,0,61
5,8.86,4,3,1,58,63,74,0,70
2,9.28,0,7,0,49,93,64,0,70
4,8.92,2,2,1,89,94,71,1,70
3,9.17,2,1,4,81,66,70,0,70
2,6.38,3,3,1,80,43,49,0,59
1,7.33,2,4,5,69,87,100,1,73
6,7.3,0,6,4,61,98,42,1,70
5,9.98,1,2,3,78,75,61,1,72
5,9.75,0,5,0,77,59,77,0,68
1,7.99,0,6,3,40,51,41,0,63
4,5.69,1,1,2,69,93,62,1,51
2,6.29,0,7,3,44,67,96,0,61
5,6.82,2,2,1,90,99,80,1,62
1,9.37,3,4,1,86,68,79,0,77
4,5.85,3,6,2,65,100,92,0,70
1,6.1,0,6,2,95,91,63,0,65
1,6.75,1,3,0,85,85,71,1,58
4,9.63,4,1,1,70,72,96,0,71
4,7.52,0,1,2,78,88,72,0,56
4,8.23,0,2,5,80,95,88,0,68
1,6.94,4,2,3,51,57,66,0,63
5,5.94,3,4,1,56,51,52,0,57
3,6.11,3,7,5,57,96,76,0,77
3,9.01,4,7,2,41,49,78,1,79
1,9.47,1,5,0,88,63,68,0,71
1,7.47,0,2,5,63,86,80,1,62
5,6.78,2,6,4,67,56,64,1,70
4,9.04,3,2,1,91,97,85,0,74
1,8.37,3,2,1,78,82,58,1,68
6,5.2,3,7,1,49,71,40,1,62
4,6.75,1,4,1,86,95,74,0,63
1,8.41,4,3,4,72,64,55,1,77
6,7.87,1,5,4,63,91,47,0,72
2,9.89,3,4,5,50,46,46,0,79
5,9.33,0,2,5,47,59,60,1,64
6,5.3,3,3,0,66,68,50,1,53
1,8.63,0,2,1,65,58,65,1,56
3,6.68,0,4,2,51,50,99,0,52
1,8.41,3,1,3,74,72,54,1,68
3,8.09,3,2,1,96,89,96,0,70
5,7.52,0,7,5,54,94,84,0,74
5,9.26,1,3,4,60,93,91,0,72
4,8.54,1,5,0,76,54,45,0,65
4,9.45,1,1,1,99,70,99,1,66
3,6.41,2,2,0,69,52,76,1,51
3,6.74,0,2,2,44,95,93,0,51
5,8.11,2,3,2,56,98,43,0,67
6,9.83,2,7,2,65,87,58,0,84
3,6.86,0,7,2,73,58,86,1,64
3,5.16,2,1,3,72,45,60,1,49
6,7.23,0,1,0,57,67,76,1,46
4,7.72,4,1,1,64,61,82,1,62
4,9.0,4,2,3,80,67,57,1,76
3,8.64,0,1,1,100,55,81,0,58
4,9.82,0,2,4,69,89,87,1,70
4,8.91,0,2,5,76,72,75,1,68
2,6.49,1,6,3,59,89,100,1,66
4,8.21,0,1,5,84,80,90,1,65
5,8.36,3,4,3,41,84,94,1,71
1,9.99,4,7,5,93,87,76,1,100
3,5.69,4,5,5,52,93,54,0,73
3,5.96,0,5,4,96,90,77,0,66
5,5.78,4,4,5,100,65,98,1,75
1,7.95,0,1,3,79,62,94,0,57
1,5.68,0,2,5,81,40,41,0,53
5,8.28,4,3,0,59,68,81,1,67
6,9.02,4,4,5,45,47,91,1,78
6,7.16,3,5,2,50,81,70,1,68
1,7.8,2,5,5,85,78,45,0,79
6,9.56,3,2,1,64,42,58,1,67
6,7.85,3,5,4,81,52,77,0,77
6,6.04,4,5,2,49,59,97,1,65
1,6.72,3,2,3,70,82,54,0,64
6,7.65,4,1,0,82,94,72,1,65
3,5.77,1,7,5,43,91,79,0,68
2,8.06,0,6,5,64,44,65,1,70
1,10.0,2,7,3,67,84,92,1,86
5,8.26,1,5,4,63,51,69,1,70
6,6.86,0,6,3,74,87,50,1,67
4,6.66,0,6,0,80,56,85,1,58
1,9.66,2,1,5,100,53,40,1,76
5,9.36,3,3,3,99,92,53,0,82
2,7.36,0,1,3,44,65,97,0,50
3,6.77,2,2,5,72,69,49,0,64
5,8.55,4,2,3,50,81,98,1,71
6,6.57,0,2,5,47,84,56,0,56
4,5.6,0,5,3,60,71,50,1,56
6,6.55,3,4,0,71,69,81,0,61
5,7.17,3,5,1,44,51,54,1,63
1,6.28,4,1,2,73,75,51,0,61
4,6.08,0,3,4,48,58,42,0,52
4,5.03,3,3,1,77,83,61,0,57
5,8.15,2,3,0,82,64,89,1,63
2,8.07,0,6,4,71,72,95,1,72
2,5.94,2,3,4,49,81,98,1,59
6,9.72,1,6,5,51,60,65,0,79
5,7.05,4,4,5,74,97,78,1,79
4,5.13,3,7,3,78,100,82,1,73
5,6.1,1,3,2,57,41,89,1,50
4,8.46,3,6,5,62,76,88,0,83
6,6.01,1,5,2,51,60,62,1,56
1,5.27,3,3,0,70,65,55,1,53
1,8.09,4,2,5,50,71,100,0,72
5,7.59,0,1,1,73,66,100,0,51
4,8.81,2,5,3,66,56,94,0,74
1,8.86,1,4,2,60,43,42,0,64
4,9.8,2,5,3,49,78,69,1,77
6,5.29,2,2,1,52,54,97,1,46
5,5.19,3,3,4,97,72,52,1,66
4,9.94,0,3,1,84,99,47,0,70
5,8.22,3,4,4,86,100,63,0,81
4,8.58,2,7,1,64,53,44,1,73
2,5.48,4,1,3,52,65,46,1,56
2,5.35,0,3,1,80,86,90,1,50
4,5.8,0,6,5,45,41,93,0,58
6,7.14,2,4,2,74,59,90,0,64
5,5.55,3,7,2,67,65,66,1,68
3,7.23,4,7,0,59,41,51,0,70
4,7.81,1,7,5,59,87,80,1,78
4,5.0,3,3,2,80,41,94,0,55
2,5.57,0,6,2,43,87,88,0,55
1,6.88,3,7,4,59,56,95,1,75
2,5.27,1,5,5,44,57,64,0,58
5,5.67,4,4,3,61,90,81,1,67
2,6.16,4,4,3,63,87,89,0,69
3,7.15,1,4,4,83,43,72,0,65
6,8.57,1,3,2,56,56,54,0,61
3,5.66,2,4,1,44,72,70,1,53
6,8.69,0,5,4,96,62,50,0,74
3,9.28,2,1,3,65,92,75,1,69
2,8.26,3,1,0,75,52,96,0,60
3,5.22,1,2,3,47,46,45,1,46
2,7.2,2,5,1,48,97,98,1,65
2,8.3,0,5,3,56,80,84,1,67
5,9.89,0,4,4,95,85,99,1,79
2,9.76,1,7,0,47,40,65,1,69
1,6.98,2,2,3,44,79,47,1,58
3,8.08,4,6,4,49,81,78,1,81
4,9.45,1,6,4,89,70,76,0,82
4,9.16,3,5,4,99,75,76,1,87
4,7.4,2,5,0,94,64,87,1,67
1,6.31,2,5,4,53,84,69,1,67
2,5.69,1,3,0,66,89,77,0,51
3,7.44,2,5,5,66,80,55,1,75
6,8.61,2,6,1,44,79,54,1,70
6,9.85,3,3,1,54,69,77,0,71
5,9.31,3,7,1,67,77,92,1,82
1,6.02,4,6,5,44,60,47,1,72
3,8.6,3,5,4,61,58,74,0,77
2,6.45,4,7,0,51,55,48,1,67
4,8.42,3,6,5,81,72,60,1,85
1,8.33,4,1,1,47,86,80,1,64
1,6.36,3,7,2,98,45,44,1,74
3,6.17,3,3,1,40,81,58,0,56
2,5.52,1,7,4,74,76,96,1,68
5,5.25,3,3,5,99,47,87,0,66
2,9.29,4,7,2,55,40,55,1,81
5,5.25,1,4,5,94,52,57,0,62
5,5.44,4,5,3,69,65,51,1,68
4,6.19,3,2,2,82,55,55,0,59
4,9.44,3,7,3,80,88,100,0,89
3,6.66,4,2,2,49,78,44,1,61
2,5.96,2,2,0,73,86,42,1,53
5,8.58,1,2,2,91,95,46,0,68
3,6.6,1,1,1,50,85,91,1,49
5,6.67,3,2,3,59,97,71,1,64
1,8.69,1,6,3,82,67,70,1,76
6,6.26,4,4,5,46,88,53,1,71
6,9.48,3,2,1,60,96,63,0,71
5,7.81,1,4,0,99,62,87,1,64
3,7.69,0,3,2,50,46,72,1,53
4,6.32,1,7,0,76,63,44,0,62
2,9.18,4,6,1,62,85,47,1,82
5,7.86,1,5,2,83,47,41,0,67
5,5.78,2,7,1,70,84,93,1,66
2,6.03,2,7,3,57,40,78,1,65
4,7.34,3,2,3,63,43,77,0,62
5,8.9,2,4,3,61,100,81,0,75
1,9.7,4,6,4,76,100,74,0,93
4,8.32,0,4,4,86,82,77,0,71
1,7.53,0,5,3,83,80,94,1,68
6,6.25,3,3,4,40,58,100,1,60
2,8.36,3,2,4,89,61,90,1,73
4,9.91,2,4,5,45,75,99,1,78
4,7.38,4,7,1,77,40,97,0,75
3,5.81,2,2,5,68,58,73,1,59
3,5.52,4,6,2,82,90,90,1,73
2,6.35,4,1,3,96,68,99,1,66
4,7.85,0,7,5,50,58,69,1,71
6,9.73,4,4,5,55,82,88,0,86
5,6.5,1,3,4,45,45,62,0,55
2,6.53,4,6,1,40,64,43,0,66
2,7.41,0,5,1,99,78,74,0,65
3,9.59,2,4,5,94,62,53,1,83
6,7.1,4,1,2,87,40,61,0,63
2,6.12,1,5,1,99,100,69,1,65
6,5.82,3,3,0,74,54,42,0,55
2,7.29,2,2,0,63,64,99,1,55
3,9.0,3,2,3,77,43,50,1,70
5,6.46,1,4,5,42,84,49,1,62
3,7.56,0,5,2,90,95,42,0,68
2,8.02,0,1,5,100,83,80,1,66
6,7.25,2,1,0,79,40,87,1,52
1,5.96,4,3,2,93,79,89,1,68
3,9.61,4,6,3,41,96,44,1,85
6,7.83,3,5,1,90,60,97,0,73
3,8.65,0,5,1,99,94,54,0,72
2,8.18,4,2,1,54,82,97,1,67
6,9.99,4,7,0,61,49,87,0,82
5,7.28,0,3,2,85,41,89,0,56
6,7.12,0,3,0,85,56,45,1,53
4,6.8,1,6,4,94,99,43,1,76
1,6.81,3,3,2,43,52,62,0,58
2,6.38,0,5,3,63,66,84,0,59
6,9.9,1,7,0,58,93,40,0,76
2,9.35,0,2,1,69,80,95,0,61
3,6.58,2,3,1,61,87,73,0,58
3,6.53,2,2,1,78,67,54,0,56
6,5.52,2,6,0,87,88,43,1,64
4,9.39,0,3,0,79,49,66,0,61
6,6.86,4,5,1,66,88,52,1,71
5,7.86,4,2,1,54,91,94,1,66
4,9.5,2,4,1,91,49,85,0,73
2,7.04,3,7,4,76,93,86,0,82
6,9.03,1,6,0,93,85,79,1,75
2,7.15,2,3,1,40,86,71,0,57
1,8.5,1,5,3,51,48,48,0,67
4,7.16,1,2,1,48,73,76,1,52
6,6.96,2,1,0,58,85,64,0,52
1,9.95,4,5,3,57,92,96,1,86
6,8.06,3,5,5,98,78,42,1,84
5,6.84,2,1,5,78,99,78,0,66
3,6.29,1,1,5,50,43,79,1,51
2,5.2,0,7,0,50,84,55,1,53
6,8.53,0,4,0,69,93,56,1,62
4,6.86,1,4,0,59,93,66,0,57
6,9.11,2,4,2,91,43,49,0,73
6,6.82,4,5,3,97,43,92,0,75
6,6.87,2,7,4,54,80,40,0,74
6,8.9,3,5,4,96,50,90,1,83
4,7.45,0,5,2,94,40,89,1,63
4,9.42,1,4,0,64,84,68,0,67
6,7.95,4,2,4,88,60,57,1,74
3,6.2,2,7,3,42,98,91,1,69
6,7.84,3,5,1,97,64,71,0,74
2,5.02,2,5,3,82,48,76,0,60
2,6.56,3,5,0,65,64,82,0,63
4,6.04,2,4,3,84,57,72,1,63
2,8.27,4,3,5,67,46,98,0,76
2,5.68,4,4,0,45,85,61,0,59
5,6.45,1,3,3,85,65,82,1,60
6,6.66,4,4,2,71,95,50,0,71
6,5.02,3,7,3,50,88,76,0,67
6,5.23,1,2,5,52,57,68,1,51
6,6.56,4,2,4,56,40,59,0,62
1,6.11,0,5,1,85,100,61,0,60
6,5.58,3,4,2,92,48,71,1,63
4,5.77,1,3,3,85,49,89,0,56
4,9.18,3,3,0,75,87,47,0,72
1,8.42,1,2,2,69,50,61,1,60
6,7.42,3,5,4,43,71,54,1,71
3,9.54,0,7,1,53,60,74,0,70
6,5.15,4,3,5,85,75,55,1,69
4,6.72,2,4,1,67,95,91,1,63
5,9.12,2,5,3,46,71,83,0,73
2,8.14,2,6,5,55,58,68,1,76
5,9.91,1,4,4,53,47,73,0,72
3,9.72,4,4,4,76,74,59,0,86
6,5.85,1,2,1,78,61,96,1,50
1,9.86,1,7,1,88,43,91,1,78
6,9.73,1,4,4,66,68,52,1,75
3,6.87,1,1,1,69,70,95,0,51
3,9.91,4,5,0,54,47,90,1,75
2,5.18,2,1,1,96,94,52,0,54
3,8.3,3,7,0,95,51,70,1,77
5,6.33,1,4,5,78,44,60,0,63
2,5.65,4,4,1,81,100,89,0,67
6,7.89,0,2,2,57,69,69,1,55
6,6.53,3,2,2,50,100,96,0,60
1,8.33,1,6,5,61,74,87,0,76
3,7.7,1,2,5,85,76,64,0,68
3,6.96,3,6,2,43,43,69,1,65
4,5.91,3,7,5,42,95,49,1,74
2,8.01,1,7,0,100,82,46,1,74
4,9.15,4,2,0,63,60,73,1,68
2,8.0,0,6,3,53,97,43,1,69
5,8.05,4,3,3,91,97,61,1,79
2,7.56,2,2,1,42,55,96,1,54
6,6.94,2,4,0,98,92,68,0,66
1,7.29,2,6,2,70,57,93,0,69
2,9.95,1,4,2,92,96,43,1,79
2,8.75,0,6,2,100,70,40,0,74
2,7.15,0,5,1,96,77,87,1,64
1,7.29,1,6,0,97,98,62,0,70
3,7.5,1,1,5,74,71,62,1,62
1,8.3,1,6,1,70,87,45,0,71
3,7.33,0,6,5,96,72,90,0,74
6,8.43,1,3,4,91,58,44,0,70
1,6.65,3,3,4,51,59,62,1,63
3,7.05,3,7,3,49,87,77,1,75
6,9.32,3,5,5,59,49,46,0,81
6,6.64,1,5,0,57,65,44,0,56
3,9.82,3,2,5,83,85,99,0,82
3,5.86,1,5,5,95,57,72,1,67
5,6.21,3,3,2,75,84,65,1,64
6,7.32,1,1,0,90,98,98,1,57
3,8.99,4,6,5,100,84,60,1,94
6,8.66,2,1,5,58,97,73,0,70
1,5.87,4,3,5,56,54,65,1,65
4,6.18,2,2,3,79,75,49,0,60
4,7.88,2,1,2,100,57,41,0,63
2,6.48,3,6,1,50,70,59,1,65
3,7.11,2,6,2,44,54,53,1,64
3,7.43,2,1,5,76,77,93,1,66
6,7.97,4,2,5,84,68,92,1,77
2,6.26,2,1,4,75,81,46,1,60
3,5.82,1,4,1,84,54,49,0,55
6,6.99,1,7,5,87,96,70,0,79
3,5.41,3,3,2,83,40,47,1,57
6,7.63,4,1,1,53,76,97,0,61
3,9.2,0,1,4,92,80,40,0,68
5,5.59,4,2,4,67,98,68,1,66
6,5.56,0,1,0,92,62,70,0,44
5,5.4,2,2,5,48,85,47,0,57
5,9.24,0,3,4,98,50,55,0,71
5,5.4,2,4,4,77,77,85,1,64
5,9.92,4,5,4,68,55,58,1,86
1,6.79,4,3,5,64,94,65,0,74
2,6.64,3,1,3,47,69,99,1,57
4,5.46,3,7,4,87,68,49,0,75
1,7.93,2,4,0,58,80,57,0,63
3,7.93,2,5,1,41,42,41,1,61
3,7.47,1,5,3,45,79,76,1,65
2,6.56,1,6,1,69,56,68,1,61
4,6.84,1,6,1,100,65,41,0,67
4,6.6,4,1,0,41,93,91,1,55
4,7.13,0,6,3,90,48,42,0,66
5,6.71,2,5,5,58,56,63,1,68
1,8.38,3,5,2,52,76,48,1,73
3,6.48,2,3,4,88,95,82,1,69
1,6.75,0,6,1,92,70,87,1,63
1,7.18,2,6,1,47,97,99,0,67
1,5.02,3,3,0,48,70,53,1,50
4,7.46,3,5,5,62,50,85,0,74
2,6.28,0,2,0,76,77,93,0,48
2,5.28,3,1,0,47,61,91,1,45
4,9.56,4,2,3,48,85,82,0,75
3,6.61,3,2,5,55,42,50,0,62
3,7.13,0,5,4,55,95,89,0,65
3,9.14,0,1,3,51,88,82,1,60
2,5.83,2,2,0,64,67,63,1,50
2,9.25,3,7,0,96,71,53,1,83
1,6.21,3,7,5,50,43,90,1,72
4,7.95,0,7,5,57,79,57,0,74
5,8.43,2,3,1,52,77,75,0,63
1,9.53,2,3,3,74,50,52,1,72
6,8.04,4,1,3,57,96,73,0,69
2,7.27,4,2,5,82,40,58,0,71
1,7.86,0,7,4,69,86,80,0,74
4,6.01,2,4,3,82,55,94,1,63
6,8.45,2,6,5,76,73,50,0,82
1,5.93,4,4,4,69,84,88,1,71
4,7.79,4,1,2,99,71,65,1,70
4,8.24,0,6,5,42,83,44,0,71
2,9.49,2,1,4,68,85,60,0,72
5,7.25,0,4,0,64,72,48,0,55
1,8.88,4,2,2,41,50,87,0,66
4,5.84,3,2,1,86,75,51,0,59
3,5.78,4,5,1,44,52,40,1,60
4,7.62,2,6,1,99,96,88,1,76
5,7.98,0,1,0,70,59,53,0,50
4,8.16,2,2,5,44,64,65,1,65
2,8.73,4,4,1,60,45,46,1,71
1,6.47,4,6,4,87,76,94,1,80
2,8.11,1,4,5,88,65,98,0,74
1,5.94,4,3,0,65,43,55,0,56
6,6.09,2,2,3,46,84,54,1,55
1,5.34,0,7,0,69,65,95,0,55
6,8.74,0,7,0,73,57,43,1,68
2,7.53,1,5,3,67,52,69,1,65
3,6.19,2,5,4,53,47,62,0,63
5,7.78,4,6,2,57,90,61,0,78
3,6.77,3,1,3,96,86,54,1,66
6,9.19,0,3,0,83,100,56,1,65
4,7.64,2,6,1,56,72,41,0,68
4,5.15,1,4,3,64,82,47,0,56
3,9.93,3,4,3,45,55,45,1,75
4,5.37,2,1,2,44,81,78,0,48
6,8.48,4,5,0,92,78,95,0,78
2,7.19,0,5,1,60,70,67,0,58
5,6.25,4,4,1,93,79,87,1,69
1,8.38,1,7,2,78,62,44,0,74
6,5.63,0,1,5,98,91,60,1,58
6,9.29,3,6,1,96,55,89,0,81
1,6.25,0,2,4,89,95,59,1,60
1,6.81,4,6,3,59,49,82,1,72
5,8.16,2,3,3,50,75,73,1,66
5,5.01,2,5,1,44,70,46,0,53
5,7.36,2,6,1,77,83,69,1,71
4,9.47,1,5,1,78,71,69,0,73
6,8.4,1,5,3,74,60,54,1,71
2,6.94,2,2,1,74,55,66,1,56
1,8.3,3,7,4,96,95,48,1,90
6,9.68,4,2,4,64,68,66,1,78
6,5.94,3,6,3,69,89,41,1,72
5,7.66,2,3,5,41,87,75,0,68
5,6.17,4,5,0,59,84,66,0,65
6,9.27,1,4,0,75,55,86,1,65
5,8.61,0,5,0,76,97,79,0,67
4,9.01,0,3,4,41,54,64,1,62
1,9.72,4,6,2,87,47,75,0,86
6,6.16,3,3,0,83,54,79,1,58
1,5.24,4,4,2,86,60,46,0,64
4,6.45,3,2,3,66,60,52,0,60
5,7.0,3,4,4,71,46,76,0,69
3,8.13,0,3,5,98,91,59,1,72
4,8.99,1,4,0,43,58,93,0,60
3,6.75,2,5,4,66,100,61,0,72
1,7.37,1,3,3,69,61,57,1,61
6,8.93,2,7,4,42,85,90,0,80
5,6.13,0,6,1,85,77,50,1,61
4,6.09,2,2,0,84,52,45,0,52
5,7.95,3,2,4,66,65,43,1,69
3,7.18,4,4,5,77,83,42,1,79
3,9.74,2,4,4,75,61,100,1,79
2,6.79,1,7,4,40,46,91,1,65
6,8.8,0,7,3,74,91,45,1,77
3,7.92,0,4,0,95,74,54,1,62
6,5.27,4,6,5,51,42,42,1,68
2,5.42,3,5,0,74,74,56,1,60
4,6.02,3,2,1,94,86,69,0,61
2,5.72,0,3,1,57,55,61,0,45
6,6.65,3,3,4,85,84,41,0,71
3,7.89,4,2,0,76,55,96,0,64
1,8.01,0,6,0,62,41,55,1,59
6,7.94,3,7,4,72,77,61,0,83
5,5.59,2,7,2,53,56,88,1,62
1,8.0,2,4,0,98,77,50,0,69
6,7.05,3,1,4,83,63,75,1,65
5,9.52,2,4,4,40,61,92,1,73
2,9.56,4,6,2,66,89,51,0,86
1,8.84,1,2,1,63,62,79,1,60
6,8.52,4,5,5,41,83,74,1,81
4,5.57,4,4,4,51,58,82,1,64
2,5.42,3,7,0,52,96,84,0,64
5,9.2,4,3,1,66,83,96,0,75
4,7.14,3,5,1,59,98,80,0,69
3,7.26,0,2,1,86,95,54,0,57
2,9.24,3,7,4,87,61,83,0,89
2,8.11,3,1,0,90,56,81,0,62
6,5.9,0,4,5,76,41,98,1,58
6,6.06,1,5,2,73,53,60,0,59
5,5.03,0,5,3,45,67,43,0,51
2,8.55,3,3,3,47,52,46,0,68
6,7.43,2,7,1,60,95,68,1,72
3,9.75,3,4,3,78,77,80,0,82
6,8.57,0,1,3,60,56,45,1,56
2,5.52,3,5,4,84,48,78,1,68
1,5.81,0,3,2,45,79,56,1,48
4,7.51,4,7,3,80,53,75,1,81
2,9.62,1,4,5,83,41,41,0,76
3,6.24,1,4,5,98,81,56,0,69
2,9.13,0,7,2,69,99,68,0,77
3,6.56,1,7,3,49,60,66,1,65
2,6.35,2,7,5,50,74,46,1,72
4,9.51,2,1,1,40,69,50,1,60
4,5.24,1,3,1,49,56,65,0,45
3,8.3,0,7,5,64,78,91,1,76
2,5.22,2,1,2,55,64,89,0,47
4,9.0,1,5,2,58,83,92,1,71
5,9.15,3,6,2,49,98,78,0,80
2,9.47,2,7,2,86,78,71,0,84
4,5.93,4,2,0,53,74,89,1,55
1,5.62,2,2,1,42,45,62,0,45
1,7.52,1,1,3,43,42,90,1,51
5,6.36,1,1,0,79,75,85,0,49
4,8.03,1,6,2,72,87,79,0,72
1,7.57,0,6,3,59,86,46,1,67
2,5.72,0,6,1,54,40,40,1,51
6,8.7,3,6,2,46,73,64,0,75
4,9.02,3,7,4,83,40,70,1,85
5,9.82,2,2,2,42,65,45,0,66
4,6.98,1,5,3,94,57,67,0,68
3,6.69,3,6,1,66,75,70,0,69
3,5.96,1,6,2,76,45,100,0,60
1,5.9,2,1,1,68,50,75,0,48
3,6.61,0,6,0,65,83,55,0,58
5,9.91,3,5,4,66,79,54,1,85
1,5.46,4,7,5,64,69,61,1,76
5,6.3,4,7,5,79,53,57,0,80
2,5.43,4,5,0,82,49,89,1,62
5,6.37,4,7,5,90,96,47,0,86
3,5.46,4,3,4,69,70,49,0,65
2,7.54,4,7,0,83,97,76,1,80
3,7.19,4,5,1,59,94,78,1,72
5,5.87,3,6,1,46,75,88,1,63
3,5.87,4,7,0,68,54,45,1,67
3,8.13,4,4,3,85,69,82,1,79
3,6.94,2,6,0,73,87,98,0,67
4,5.28,3,2,2,65,53,49,0,53
2,9.6,2,7,3,66,86,78,1,85
2,7.02,1,7,1,93,62,97,1,69
2,7.96,4,2,0,96,56,46,1,67
5,9.43,0,7,3,83,66,81,1,79
6,7.01,4,1,2,48,83,84,0,61
5,9.1,4,1,4,61,52,74,1,72
2,9.57,2,3,1,51,53,67,1,65
1,5.87,1,6,3,45,65,64,0,59
3,9.46,2,3,5,45,82,67,1,75
3,5.6,3,4,3,66,50,48,1,61
6,6.38,1,1,5,97,77,44,1,62
1,9.04,1,2,3,93,40,96,0,67
4,9.5,1,4,0,58,63,55,0,65
5,8.42,2,7,1,91,59,68,1,77
4,5.52,4,1,1,45,47,82,0,49
1,7.61,4,4,0,97,47,94,0,70
6,7.86,4,6,0,88,69,62,0,77
1,6.41,4,5,5,56,57,96,0,73
6,9.96,4,7,5,68,93,57,1,97
4,6.68,3,7,5,62,52,65,0,76
4,6.05,0,5,0,56,97,86,0,54
1,5.55,1,4,2,60,85,44,0,56
1,6.89,0,1,3,49,86,47,0,51
3,8.46,3,5,2,82,75,79,0,78
6,6.16,4,5,1,47,58,58,0,63
3,8.85,3,4,0,93,52,76,1,72
5,5.68,3,5,3,53,80,67,1,65
5,7.2,0,6,5,70,87,43,1,71
1,8.51,1,7,4,90,99,59,1,84
4,5.68,2,2,3,57,65,89,1,54
5,7.99,2,5,4,86,99,61,1,80
5,8.99,1,6,3,69,48,51,0,74
3,7.98,4,7,0,57,73,40,1,76
3,7.56,3,4,4,91,92,47,1,78
5,9.19,4,5,4,96,70,99,0,89
1,9.93,3,5,1,64,97,97,0,81
3,5.91,2,3,3,88,81,80,0,63
5,8.46,1,4,2,76,46,66,0,65
4,5.4,0,4,5,64,48,60,0,55
3,5.21,0,6,2,69,79,84,0,57
5,6.4,1,3,1,69,65,93,1,54
6,9.85,2,3,1,75,91,72,1,74
3,7.76,3,6,1,50,90,77,0,72
6,6.34,0,2,0,87,72,72,0,50
3,5.66,2,5,0,78,72,85,0,59
3,9.6,1,1,0,66,96,76,1,62
2,6.81,4,1,0,55,91,84,0,58
2,6.53,2,3,1,77,79,96,0,60
6,9.29,2,4,1,71,43,44,0,69
1,8.02,4,4,0,68,67,54,1,70
5,5.84,2,6,0,91,93,69,1,66
1,7.11,0,2,4,49,43,42,0,52
1,9.64,0,1,3,69,86,67,1,65
2,9.51,0,7,4,50,73,69,0,77
5,5.35,2,7,3,54,88,75,0,66
2,6.34,2,6,0,83,79,42,0,65
2,5.77,2,6,0,62,87,91,1,61
2,7.67,1,4,5,87,45,83,0,70
4,8.75,4,2,0,62,72,99,1,67
1,6.48,2,2,4,89,44,97,0,61
1,8.79,4,3,1,46,58,70,1,68
1,8.34,3,1,3,100,57,53,1,70
4,8.64,0,2,5,53,42,45,0,60
3,9.74,1,2,4,48,73,58,0,68
6,7.12,4,2,5,93,97,44,1,77
6,6.71,0,7,0,67,41,94,1,57
4,8.42,1,1,1,45,40,88,1,51
1,9.04,0,3,4,82,74,90,0,70
6,5.96,2,5,3,84,90,98,0,68
4,9.23,2,4,5,61,43,93,1,75
2,5.29,0,7,5,99,74,65,0,69
5,5.03,1,6,5,100,47,89,1,66
6,5.79,0,6,0,57,83,95,1,54
5,9.89,3,1,3,83,68,94,0,75
1,7.62,1,7,5,77,75,83,0,78
6,5.23,1,1,0,61,53,57,0,40
4,9.99,0,7,0,48,81,76,1,71
3,8.72,4,6,2,57,88,84,0,82
6,9.19,0,1,3,96,69,75,1,65
6,6.06,4,5,1,60,89,70,1,67
6,5.53,1,4,0,54,46,57,0,47
6,7.58,2,4,1,48,52,91,0,59
4,8.86,2,2,4,81,61,48,0,71
4,8.19,0,6,0,97,96,65,1,70
3,8.16,4,6,5,41,84,41,0,82
4,8.79,0,6,0,53,93,97,1,66
4,6.14,3,2,5,60,41,71,1,60
1,8.31,0,6,0,82,47,81,1,64
1,6.96,0,3,5,84,96,84,0,66
5,5.35,0,7,1,73,60,45,0,57
3,6.01,0,1,2,92,93,59,0,53
1,8.97,4,3,3,46,59,47,1,73
3,9.48,4,1,0,99,50,84,1,71
3,6.41,4,7,3,54,73,43,1,75
6,5.95,3,4,5,78,83,64,0,71
2,5.13,3,7,3,51,44,70,0,64
2,9.74,0,6,5,98,92,97,1,86
2,8.42,4,7,3,46,87,58,1,83
3,9.79,3,3,5,44,69,46,1,78
6,9.32,2,4,1,86,72,86,1,74
5,6.7,0,7,5,78,51,76,1,70
5,5.56,1,2,3,93,44,69,1,53
2,7.5,4,6,4,62,40,66,0,77
5,5.13,0,7,5,92,74,56,1,68
6,5.75,0,4,1,67,98,71,0,54
2,6.17,1,5,1,73,64,58,1,58
6,8.33,2,3,4,64,43,64,1,67
5,7.55,3,6,2,41,48,68,0,68
2,6.51,3,6,2,90,93,64,0,75
6,7.82,1,1,5,48,88,92,0,61
4,5.63,1,4,0,73,83,71,0,54
4,8.78,3,6,2,100,90,76,1,85
6,8.56,2,6,0,85,100,50,1,76
6,6.08,2,3,3,86,42,43,1,60
1,8.03,0,1,0,95,69,85,1,55
1,7.52,1,6,2,71,59,70,0,67
3,5.3,1,6,0,100,49,75,1,58
2,6.39,1,3,1,51,59,43,0,51
3,10.0,3,7,2,100,79,41,1,91
3,5.5,3,3,0,100,42,78,1,57
5,7.53,3,7,2,58,50,90,0,73
4,9.25,2,5,4,86,54,72,1,80
5,6.5,3,4,2,77,91,83,1,68
2,6.3,0,7,4,96,67,66,0,70
6,9.45,3,5,0,49,83,65,1,73
1,6.52,2,2,4,49,74,58,1,59
2,8.26,1,6,2,74,46,96,1,69
6,8.7,0,3,1,80,93,83,0,64
2,8.94,2,7,4,94,72,80,0,87
6,9.97,4,4,2,76,81,97,1,84
1,9.02,1,7,1,71,88,78,1,76
6,8.29,3,2,3,95,77,72,1,74
3,9.48,2,6,5,93,58,77,1,87
2,9.53,4,2,4,46,96,49,0,78
1,9.87,2,5,4,90,83,40,0,86
6,8.88,3,2,0,100,68,89,0,70
3,5.97,2,7,3,49,99,74,1,69
3,8.55,4,1,0,82,41,50,0,64
4,5.38,2,1,0,77,83,98,0,49
3,6.59,0,1,2,66,100,53,1,52
5,5.58,0,6,0,71,58,45,0,53
1,9.75,3,2,4,90,48,82,1,78
1,6.69,4,6,0,46,99,78,1,69
1,8.57,4,6,1,87,45,79,1,79
6,7.86,4,3,4,65,56,64,0,73
2,5.54,4,4,5,61,41,62,0,66
6,7.81,4,1,2,97,78,93,1,71
5,8.31,1,1,0,51,45,44,0,50
2,9.41,2,1,1,63,53,65,0,62
3,5.35,4,5,5,95,88,57,1,77
6,6.48,0,5,1,93,65,71,0,60
2,8.46,2,7,4,89,57,86,0,83
3,5.17,3,7,0,85,45,95,1,63
2,6.02,3,1,1,97,51,60,1,56
3,6.09,4,1,0,68,77,65,0,56
2,8.35,1,6,4,71,61,89,1,75
6,6.43,1,5,3,55,53,74,1,60
6,8.0,2,4,1,65,52,49,1,64
5,9.83,1,3,2,45,48,97,0,64
4,8.97,3,4,0,40,89,67,1,68
1,6.66,4,6,5,52,81,70,1,78
6,7.36,0,3,4,77,71,54,0,62
6,6.0,3,2,4,45,49,94,0,56
3,5.08,3,2,5,77,66,97,0,61
4,6.45,2,4,2,51,53,79,0,58
6,6.85,1,5,3,48,48,92,1,60
2,7.82,0,7,0,59,48,97,0,61
4,9.72,0,7,3,98,65,47,1,82
1,9.74,1,1,4,78,96,100,1,72
2,5.35,4,2,1,66,71,85,0,56
3,8.07,1,6,3,42,80,49,0,69
5,5.21,4,7,1,63,74,84,0,68
2,8.24,0,5,2,54,65,49,1,63
1,5.59,2,5,4,73,80,77,1,66
2,9.73,3,3,1,89,84,57,0,78
4,9.32,0,2,0,71,81,87,1,60
4,5.11,0,4,4,60,96,67,1,56
1,8.91,0,6,2,40,42,67,0,64
4,8.18,3,5,0,72,69,89,0,70
2,7.48,4,4,4,50,68,95,0,73
5,8.01,2,4,3,42,59,59,0,65
2,8.39,2,6,5,61,43,63,1,76
5,9.42,2,2,4,49,53,96,0,68
4,8.84,4,6,0,83,84,45,0,81
2,7.88,1,4,1,77,91,80,1,66
4,9.12,1,7,1,63,78,87,0,75
5,9.93,2,4,4,46,60,71,1,75
4,6.5,0,1,4,88,46,45,1,53
6,5.59,0,7,2,88,45,50,1,60
3,8.66,3,7,3,75,94,69,1,86
2,9.89,1,6,2,40,79,42,0,74
6,5.58,0,4,5,40,45,47,1,52
4,7.16,2,1,2,65,64,72,0,56
4,5.31,3,2,1,56,43,93,1,49
3,8.88,1,4,1,50,99,86,1,67
4,9.74,3,5,0,42,76,86,0,73
3,7.49,0,6,5,100,96,58,1,78
2,7.05,2,4,5,49,64,97,0,67
5,9.54,2,1,2,41,57,49,1,61
3,5.67,2,5,0,71,73,58,1,58
3,9.46,0,2,4,55,64,48,1,64
6,6.96,4,6,0,87,61,46,1,72
4,7.8,2,3,1,98,95,100,0,69
2,7.64,4,3,2,65,85,53,0,71
5,8.08,2,1,1,79,95,41,1,63
1,9.71,4,2,4,78,95,61,0,83
3,9.76,1,2,3,49,53,99,0,64
1,9.16,1,4,5,100,76,84,1,81
4,5.96,2,3,2,95,50,59,0,59
3,6.67,3,4,1,75,66,65,1,64
1,7.44,3,2,3,69,65,98,0,65
6,9.53,0,1,4,48,91,94,1,64
1,7.6,1,1,3,44,74,43,0,55
6,9.89,1,5,1,46,55,78,1,68
5,9.92,3,7,1,75,91,93,0,87
4,7.99,2,1,4,40,79,79,0,61
2,9.39,0,7,4,66,59,62,0,77
1,10.0,1,3,3,51,54,55,0,68
3,9.25,0,5,3,55,53,64,1,68
4,8.28,1,3,5,87,85,91,0,74
1,9.23,4,4,5,47,47,48,1,79
3,5.41,4,7,1,64,63,92,0,68
3,8.17,0,4,4,52,72,100,0,64
2,6.08,3,1,0,80,55,50,0,52
2,5.58,3,5,4,49,66,64,0,64
3,9.46,1,3,2,79,98,70,1,72
2,8.2,4,3,2,72,67,85,1,72
3,6.22,4,2,4,74,83,66,0,68
1,6.93,0,1,3,76,53,75,0,52
5,9.87,0,6,2,78,48,90,1,73
2,9.31,3,4,5,67,85,86,0,83
6,5.08,3,7,1,55,52,53,0,61
6,9.9,3,6,1,47,90,62,0,80
6,6.84,2,7,1,72,61,55,1,68
5,8.48,4,2,5,92,69,59,1,80
3,8.56,4,4,4,74,71,92,1,81
3,9.56,0,7,2,94,55,42,0,78
4,9.43,4,4,3,77,90,45,1,84
6,6.41,0,7,5,51,64,68,0,66
6,8.22,2,3,5,54,88,43,1,72
3,6.97,3,4,1,56,62,40,1,62
6,7.63,2,5,5,66,76,89,0,75
3,7.77,3,4,5,89,67,47,0,78
3,6.98,3,7,3,60,42,87,1,72
2,7.32,0,5,5,60,99,59,1,69
3,6.04,3,7,1,56,98,99,1,69
1,8.04,2,4,5,66,62,55,1,73
1,8.79,1,2,4,51,72,86,0,65
1,7.15,0,7,1,87,93,70,0,69
1,9.89,3,3,4,83,78,71,1,83
5,5.29,3,2,2,75,64,97,1,56
4,7.95,4,3,2,67,64,73,0,70
4,7.92,0,7,3,64,78,68,1,71
3,5.18,0,7,5,48,60,51,1,60
6,6.12,2,2,1,86,94,43,0,59
1,9.53,1,7,2,76,98,94,1,82
4,7.72,2,1,5,62,70,82,1,64
4,7.18,2,4,0,50,88,73,0,60
1,7.08,2,4,0,89,69,45,0,63
5,9.44,1,1,3,40,78,88,0,62
5,6.84,2,1,5,55,84,99,0,61
4,9.3,0,5,2,99,99,90,0,77
5,6.55,1,2,4,89,100,48,0,64
2,7.66,3,7,5,52,84,44,0,82
1,5.72,4,4,0,59,81,85,1,61
4,9.13,4,5,5,55,91,55,0,87
1,8.68,0,7,2,93,73,98,0,76
5,7.65,4,7,4,55,77,95,0,82
1,5.13,4,6,1,74,46,40,0,64
5,7.41,4,4,5,89,66,59,0,80
5,6.13,3,7,2,71,52,74,0,69
1,7.07,4,1,1,100,68,49,1,65
5,9.28,2,5,0,62,62,64,0,70
2,8.85,0,6,1,95,47,86,1,70
3,6.21,0,5,0,64,60,94,0,52
1,9.92,0,5,3,82,52,67,1,74
3,9.52,3,2,3,67,65,74,1,73
1,7.64,3,6,0,97,82,72,1,76
5,7.65,4,5,4,84,49,84,0,79
5,9.51,2,4,3,95,68,54,1,79
4,8.18,4,2,4,41,66,60,1,69
2,7.68,0,4,4,42,95,81,0,63
4,8.75,2,6,4,70,43,74,0,77
3,6.18,0,5,2,72,81,98,0,59
5,9.39,2,5,5,72,70,89,1,82
4,7.66,1,6,2,86,56,90,0,70
5,8.02,3,4,5,93,99,92,1,83
1,5.45,3,7,5,74,47,76,1,73
4,6.55,0,3,4,75,91,49,0,61
3,7.13,0,5,0,65,76,95,0,57
4,7.07,1,5,5,51,100,55,1,70
5,8.89,4,7,3,95,59,59,1,89
6,6.41,2,2,1,92,86,89,0,60
6,5.91,1,4,2,83,94,47,1,61
2,7.91,1,7,2,85,49,84,0,72
5,8.08,0,7,1,50,90,70,0,67
1,5.61,0,5,4,45,89,47,1,57
4,5.01,4,4,5,64,97,97,0,70
6,9.59,4,2,1,85,83,52,1,77
1,5.4,0,4,4,98,73,63,1,60
5,9.49,3,4,2,98,78,51,0,82
1,7.0,4,7,1,73,50,84,1,74
5,8.27,1,2,5,74,86,98,0,69
2,5.93,0,5,0,60,51,56,0,49
4,9.12,2,4,3,57,49,86,0,70
1,5.9,2,3,3,47,52,99,0,54
4,6.93,3,5,3,73,93,80,0,74
1,6.19,0,7,1,91,73,91,0,64
5,9.19,1,2,5,87,95,75,0,76
5,9.29,3,1,4,53,69,95,0,70
1,6.86,1,6,5,58,54,51,0,68
2,6.54,2,3,5,59,93,95,1,66
5,8.87,1,5,2,43,47,93,0,65
3,9.39,2,6,3,77,77,75,0,82
3,8.12,4,2,1,71,75,52,1,68
4,9.64,2,3,3,65,79,74,1,74
3,6.92,2,5,5,67,91,44,1,74
3,5.76,3,6,4,51,61,52,0,67
2,5.9,3,1,0,97,44,85,0,53
2,8.35,0,5,0,49,71,47,1,59
6,7.04,0,1,5,80,59,94,0,57
6,5.78,2,1,2,74,62,50,1,52
2,6.46,4,4,0,72,79,47,1,65
6,7.65,0,7,0,53,85,70,0,63
2,5.61,2,2,1,79,93,51,1,55
6,5.02,3,4,1,62,88,50,0,58
5,9.59,0,1,2,57,94,56,0,62
2,6.52,0,2,5,92,91,66,0,63
4,6.11,2,2,2,83,41,52,1,55
4,8.49,2,2,5,51,58,75,0,67
2,9.27,1,3,1,81,65,52,0,67
3,8.16,1,5,0,75,75,80,0,66
4,6.27,4,1,5,64,53,61,1,63
3,9.31,0,2,4,91,46,85,1,67
4,7.55,1,6,0,76,96,83,1,68
1,6.91,2,3,0,79,55,97,1,57
1,8.02,0,3,4,90,49,63,1,65
2,8.5,1,6,2,61,82,69,1,72
4,7.97,4,1,1,45,61,52,1,60
5,9.6,4,4,2,55,65,47,0,78
3,8.14,4,3,2,62,44,44,1,68
4,9.39,4,1,2,48,96,82,1,71
2,7.93,2,3,1,82,51,95,1,63
3,6.65,4,1,2,74,63,91,1,61
6,7.66,3,2,2,68,95,45,0,67
2,5.43,4,7,3,53,63,46,1,70
4,6.15,1,4,0,44,54,93,0,49
5,8.83,0,6,3,60,63,61,1,70
6,8.31,1,3,1,92,63,95,1,64
2,5.83,0,6,5,45,81,69,0,62
4,7.19,2,3,5,40,65,54,1,63
1,5.71,0,3,4,70,94,76,1,57
4,9.28,3,7,5,84,73,95,1,92
1,5.55,4,5,4,80,57,80,0,71
1,8.27,1,5,5,67,82,99,1,75
2,8.04,0,7,3,42,76,59,0,68
4,7.36,1,6,3,77,45,70,1,68
4,6.39,4,2,3,91,84,90,0,69
1,7.02,2,3,0,62,64,44,1,56
3,9.03,4,4,1,79,56,84,1,76
6,8.81,2,5,5,43,98,97,0,78
5,8.69,1,1,5,97,55,97,0,69
4,8.75,2,1,5,45,94,51,1,68
6,5.72,2,1,2,51,94,76,1,51
6,5.5,2,2,3,51,95,69,0,55
3,9.31,2,7,0,97,68,78,0,80
6,9.19,2,3,4,46,40,42,1,68
4,8.41,0,3,4,67,99,52,1,68
2,8.03,2,6,4,65,84,50,0,78
2,6.83,2,5,3,87,81,49,1,71
6,6.12,4,1,4,46,84,69,0,61
4,8.34,4,2,4,96,59,48,1,77
4,9.57,4,6,4,95,65,69,1,92
1,7.18,2,4,2,42,60,68,1,60
3,6.52,4,3,4,52,89,77,1,69
5,6.35,0,3,0,91,89,85,1,54
1,5.12,1,2,3,80,66,81,0,52
5,7.6,4,6,5,50,75,96,0,81
4,9.94,4,6,2,78,74,88,0,88
2,9.08,0,5,2,62,55,73,1,66
1,9.49,3,7,3,86,68,65,0,88
6,8.11,3,2,4,40,46,41,1,64
6,7.41,0,6,5,73,46,98,1,69
5,9.95,4,5,5,70,73,95,1,90
4,7.24,1,6,4,72,87,75,1,73
2,9.58,4,3,1,86,44,46,0,76
5,8.81,0,5,4,75,92,91,1,75
2,6.65,0,6,5,75,47,75,1,66
3,7.52,2,7,0,53,47,79,0,65
2,6.92,0,7,4,76,82,53,1,71
6,5.68,2,5,3,71,68,66,0,63
1,6.78,0,7,4,92,91,65,0,74
1,9.44,2,5,3,67,49,59,0,76
1,8.76,2,7,2,40,40,74,0,71
2,6.39,4,6,1,86,77,50,1,74
6,6.84,2,5,2,46,67,65,0,62
2,8.08,3,7,3,55,46,96,1,76
4,7.08,0,1,1,93,56,74,1,51
6,7.52,1,7,2,71,95,44,0,73
6,8.49,0,1,4,63,87,55,1,61
2,7.34,4,6,5,53,85,50,1,81
2,5.95,4,1,5,86,96,72,0,69
1,7.6,2,1,4,54,63,48,0,60
6,6.78,4,2,1,91,74,61,1,66
1,6.45,4,7,2,40,48,44,0,69
4,6.64,0,4,0,67,81,59,1,54
3,7.2,3,6,0,58,42,95,0,64
1,9.43,3,5,0,96,83,82,0,80
2,8.67,2,2,2,97,43,73,1,67
5,8.34,4,6,5,46,71,69,1,83
3,7.36,4,1,2,57,83,49,1,63
4,5.01,3,5,2,86,93,76,0,66
2,6.7,2,4,3,52,94,71,0,65
3,9.07,4,6,5,90,52,63,1,90
2,6.94,2,5,0,57,63,56,0,60
1,7.82,0,7,0,43,46,83,1,59
2,6.02,4,7,0,89,58,42,0,71
4,9.58,4,3,5,43,98,78,1,82
5,9.62,4,3,3,66,66,82,1,79
1,5.73,3,6,3,55,89,82,0,69
1,8.62,3,2,2,53,66,65,0,66
4,5.38,4,4,5,53,57,51,0,66
4,7.99,4,2,5,46,69,76,1,71
3,5.89,0,5,0,84,67,81,1,54
5,5.73,0,4,0,95,68,96,0,53
2,5.02,2,6,5,53,48,51,1,63
3,9.7,2,2,4,81,78,85,1,76
2,9.15,3,5,5,84,78,72,0,87
2,5.39,1,1,4,45,60,66,0,47
2,8.0,0,5,4,82,84,53,0,72
3,6.16,2,7,3,96,77,46,1,75
1,6.32,0,2,2,77,46,81,1,49
4,9.37,0,6,1,66,84,83,1,71
1,5.57,1,6,0,50,64,77,1,53
5,8.01,0,4,4,70,65,87,1,66
3,7.01,1,4,0,90,91,81,0,62
5,5.95,1,1,0,88,45,91,1,46
4,7.26,0,2,0,96,88,98,1,56
4,9.7,0,7,5,42,94,83,0,80
6,8.91,2,6,2,40,59,66,1,71
5,5.66,0,6,0,55,57,49,1,51
1,9.25,0,1,2,83,59,81,0,61
5,9.69,0,3,1,66,79,93,0,65
3,6.38,2,6,1,85,57,97,1,66
4,6.67,1,5,3,89,86,82,0,69
4,5.63,2,3,0,99,40,80,1,54
5,6.72,0,3,4,42,72,48,0,55
5,8.37,4,1,3,95,78,83,1,74
2,6.36,0,1,5,47,87,73,0,53
5,5.03,2,5,3,89,62,85,0,63
2,6.69,2,1,1,55,91,80,1,53
3,7.27,3,1,4,86,53,68,1,65
3,7.83,4,1,0,93,67,57,0,65
1,8.42,2,6,0,41,60,93,1,65
5,5.31,1,1,1,68,100,68,1,48
1,7.35,0,1,5,55,83,94,1,57
6,6.33,1,7,2,94,76,69,0,70
3,9.74,2,3,1,68,46,96,1,68
4,6.8,2,3,4,70,51,98,0,63
2,5.5,1,5,2,81,90,52,1,61
6,5.21,1,4,4,98,76,61,1,63
4,6.33,3,5,0,50,78,55,1,61
6,5.89,0,6,2,90,67,84,0,61
1,8.25,1,6,4,71,98,71,0,78
1,9.23,0,6,0,63,46,79,1,65
2,6.56,4,2,4,58,84,65,0,67
3,7.89,2,5,2,71,96,70,1,73
2,8.65,1,7,0,49,91,83,0,70
4,6.99,4,5,4,93,56,58,1,78
6,5.33,2,1,3,88,76,81,0,55
2,6.15,3,1,2,95,53,93,1,58
5,9.42,2,1,2,71,82,73,0,68
5,9.12,1,4,2,62,91,86,1,70
3,5.43,4,7,5,72,90,88,1,79
2,6.12,4,7,0,69,94,99,1,72
4,8.85,4,6,2,69,96,45,0,85
5,7.43,2,1,4,46,43,99,1,56
3,8.8,0,2,3,55,61,74,0,59
2,6.06,0,7,4,82,88,50,1,69
3,9.76,2,3,4,92,56,99,0,78
4,8.92,1,2,2,89,74,76,1,67
5,5.99,2,7,3,40,85,61,0,67
5,7.79,0,7,3,69,92,52,1,73
5,5.57,2,4,3,73,71,55,1,61
1,6.81,4,1,3,100,77,65,1,69
5,8.3,1,5,1,93,96,61,0,73
6,6.65,1,7,3,73,70,99,1,70
1,8.28,3,3,2,100,64,81,0,73
2,6.22,2,6,5,77,49,52,0,71
1,8.61,4,4,3,100,98,62,0,85
1,6.8,2,2,4,70,88,71,1,64
1,8.95,3,7,1,99,41,62,0,82
3,5.68,3,1,4,95,66,82,0,62
6,6.81,2,4,2,47,51,71,0,58
4,7.32,2,4,2,93,95,87,0,71
5,7.12,2,5,5,92,92,77,1,78
1,7.17,0,6,5,59,55,67,1,67
4,7.22,3,5,3,85,55,72,0,73
3,9.94,1,5,5,93,42,79,0,82
4,5.97,0,6,2,68,64,65,0,58
1,8.84,4,2,1,70,57,69,0,69
2,7.76,1,5,5,60,78,91,0,72
6,7.07,1,6,4,65,81,56,0,71
4,8.17,1,4,2,70,79,81,0,67
1,9.27,3,7,5,59,71,68,0,88
1,7.33,4,4,5,61,99,41,1,79
5,9.32,0,6,2,96,89,90,0,78
2,5.47,4,4,1,96,88,77,0,68
5,8.27,0,7,0,79,42,73,0,65
2,6.67,3,3,0,65,47,89,1,56
6,6.93,4,3,1,56,91,85,1,65
5,7.86,1,6,2,64,100,77,0,72
6,7.4,4,6,1,76,44,51,0,73
3,6.91,3,2,1,66,96,91,1,62
3,6.54,3,7,0,42,59,60,0,64
2,8.09,3,6,3,95,83,66,0,83
2,7.53,0,5,5,63,64,79,1,67
5,6.62,4,4,2,64,45,42,1,65
3,6.02,1,5,4,89,67,76,1,66
4,8.87,1,6,1,49,62,88,0,68
4,9.0,2,4,0,75,63,65,0,68
4,6.07,3,3,3,81,49,91,1,63
3,6.31,1,4,2,57,49,44,0,55
4,6.2,3,2,1,100,72,85,0,62
6,9.42,1,1,0,84,48,100,0,59
1,8.87,4,7,1,93,57,59,1,85
2,5.37,2,4,4,56,42,99,1,57
5,9.16,3,6,2,53,72,85,1,78
6,5.18,0,2,5,97,49,80,1,54
4,6.27,0,3,2,58,66,47,0,51
1,9.59,1,3,2,57,74,82,1,67
5,9.32,4,1,2,62,57,67,1,69
6,8.91,3,6,0,47,46,68,0,70
5,7.29,2,5,4,89,46,89,0,72
2,6.61,4,5,1,55,61,80,1,66
3,9.41,1,4,0,64,49,41,1,64
4,8.29,4,3,3,82,99,93,1,79
6,6.48,2,2,2,71,66,41,0,57
6,7.32,4,1,2,88,84,77,1,68
1,9.41,3,5,1,89,43,77,1,77
1,9.52,1,4,2,58,51,82,1,67
1,8.3,2,4,2,57,42,62,0,65
5,8.66,1,3,1,71,94,49,1,66
4,5.2,3,2,4,85,87,84,0,63
5,8.02,2,2,0,88,82,92,0,63
4,8.44,2,5,4,79,42,67,0,75
6,5.1,1,4,1,54,64,58,0,49
5,9.22,4,3,5,88,65,67,1,84
5,9.64,4,2,5,60,79,70,0,81
5,6.19,0,4,5,50,46,41,1,56
3,9.23,0,2,2,68,85,68,0,63
2,8.33,2,1,2,71,73,91,0,62
4,7.9,1,2,4,45,49,100,0,58
4,9.22,2,2,3,94,42,53,0,71
5,6.43,1,4,0,58,95,67,1,56
3,8.95,3,2,2,55,67,40,1,67
5,6.57,0,2,1,51,50,98,0,45
4,8.94,2,1,4,54,90,83,0,68
2,7.26,3,2,0,50,71,89,1,56
2,5.58,4,2,5,78,47,95,0,64
6,6.91,0,4,3,95,59,55,1,62
3,6.17,1,3,5,49,44,76,1,56
2,5.5,4,1,5,90,80,60,0,67
3,5.55,4,2,2,76,52,90,0,59
5,8.9,3,3,4,88,50,53,1,77
6,9.41,2,4,2,96,97,82,0,80
4,9.64,2,1,4,63,73,56,1,70
2,9.27,3,6,3,90,83,93,0,87
2,9.15,4,4,1,75,42,54,0,74
1,5.34,0,3,1,40,54,87,1,41
4,8.95,4,1,0,85,99,70,1,71
2,8.92,3,2,2,56,99,85,1,70
2,5.66,4,3,2,53,72,99,0,60
4,8.31,4,4,2,77,95,88,1,79
6,7.26,4,1,1,93,99,75,0,68
3,9.5,4,3,0,64,82,53,1,74
4,8.48,0,7,1,99,96,75,0,76
3,9.75,1,6,5,76,49,66,1,82
6,5.52,1,3,4,74,96,42,1,60
6,5.2,2,4,2,61,42,75,1,53
5,9.87,1,4,4,95,85,93,0,82
1,5.4,1,2,5,99,92,45,1,62
6,6.93,1,2,3,86,87,66,0,62
6,8.25,4,3,4,46,80,61,0,74
3,9.4,4,4,4,50,53,61,1,79
6,6.27,0,7,4,49,92,75,1,66
4,5.15,4,3,1,53,72,71,1,56
5,7.61,4,7,4,74,72,66,0,84
5,7.36,1,5,5,85,75,46,0,74
4,6.53,0,6,2,88,62,78,1,63
2,9.37,0,4,0,75,94,89,0,67
6,8.75,1,7,3,45,94,51,1,76
1,9.29,1,5,2,91,100,55,0,79
6,5.81,0,7,0,44,93,77,1,55
5,8.46,3,5,2,81,100,44,0,80
1,9.88,1,4,4,46,40,81,0,70
2,8.06,1,2,3,54,66,88,1,60
3,5.86,0,3,2,60,90,74,0,52
3,9.98,3,1,3,92,71,48,0,77
6,7.64,3,1,1,57,60,68,1,57
6,9.2,2,6,1,40,83,66,0,73
1,5.75,3,7,4,43,59,96,0,68
1,8.33,1,4,4,50,66,71,0,67
2,9.56,4,7,1,49,75,49,1,83
6,7.66,0,2,2,84,80,64,0,59
5,6.44,1,2,0,95,71,98,1,54
3,5.64,0,2,0,58,78,81,0,43
2,6.48,3,1,1,93,96,92,1,62
1,6.77,0,5,0,81,68,77,1,57
5,8.55,1,6,2,69,85,64,0,73
6,5.89,4,7,0,89,62,43,0,71
4,5.53,1,1,5,80,97,82,0,58
1,6.93,2,2,0,80,74,91,0,57
2,7.29,0,1,5,59,54,99,1,55
4,8.14,1,1,1,99,82,80,1,62
5,8.54,3,6,3,66,49,83,1,77
3,9.45,3,3,3,51,91,62,1,75
5,6.44,1,4,2,95,54,93,1,61
3,7.64,2,7,3,53,64,49,0,73
5,6.83,0,5,4,73,56,45,0,63
1,5.01,2,7,1,81,90,52,0,65
1,7.9,4,3,5,89,70,70,0,80
2,9.08,1,4,5,77,50,44,1,74
4,5.18,2,2,3,41,59,99,0,49
5,5.02,4,6,0,88,70,98,0,66
5,8.64,2,6,3,97,55,43,0,80
4,8.42,4,3,1,71,75,42,1,72
6,7.03,3,7,0,57,78,69,1,70
2,8.31,3,4,0,89,50,62,0,69
5,9.77,1,6,5,60,59,76,1,80
2,6.24,2,3,1,85,65,57,0,58
5,6.23,3,6,2,93,95,74,1,75
5,5.93,0,1,2,50,88,44,0,46
6,8.62,3,1,1,69,90,80,1,66
1,6.77,3,3,5,58,65,67,1,67
2,9.94,2,7,1,87,81,77,0,85
4,8.57,4,3,1,79,86,86,1,75
2,6.84,0,7,0,89,45,98,1,61
6,5.75,0,5,0,69,84,57,0,53
3,7.96,4,2,1,97,74,47,0,71
3,6.47,2,1,5,74,47,51,1,59
6,9.53,3,6,0,43,46,69,0,72
6,7.21,4,3,4,60,76,61,1,71
1,6.46,0,4,1,44,89,45,1,52
2,7.94,0,6,0,93,98,100,0,69
2,5.68,3,2,2,75,92,69,0,60
3,7.81,3,4,1,97,55,47,1,71
4,5.28,1,6,1,66,48,94,0,55
2,8.03,4,2,1,46,50,86,0,62
5,7.65,3,4,3,100,60,87,0,75
5,7.6,1,1,1,99,99,68,0,61
1,8.42,2,3,2,95,90,70,0,73
1,5.22,0,7,0,70,85,44,0,56
3,7.3,4,6,1,59,46,50,1,70
4,7.22,2,3,5,64,51,96,1,66
4,7.3,4,5,4,77,90,56,0,81
6,9.9,4,6,5,99,79,52,0,97
1,5.7,3,3,5,95,60,59,1,68
2,8.45,1,7,0,64,44,70,1,67
5,7.01,4,6,2,56,45,65,0,70
2,7.56,2,1,3,85,82,67,0,64
5,8.81,4,2,2,76,65,98,0,73
3,5.79,1,2,5,54,68,64,0,55
5,8.82,0,3,3,94,93,87,0,71
2,5.35,4,4,0,49,42,57,1,54
2,7.42,2,3,3,73,50,84,1,64
4,8.71,0,6,0,83,62,71,1,67
4,5.96,0,2,2,82,64,68,0,50
1,8.85,3,7,5,46,51,42,0,82
2,5.83,3,6,2,78,40,74,1,66
3,9.0,4,5,3,90,43,77,1,83
5,7.34,2,2,4,64,91,54,1,66
1,8.42,3,4,5,78,40,90,0,77
6,9.59,1,4,5,85,45,42,1,77
6,7.04,1,5,2,83,73,60,1,66
5,6.16,0,6,3,67,66,100,1,61
5,9.34,0,6,1,81,84,42,0,73
5,5.81,0,6,0,66,55,92,1,53
4,8.16,1,7,1,76,50,74,0,70
5,9.62,3,4,1,94,53,89,1,77
6,8.37,3,3,1,78,77,47,1,70
5,5.98,4,3,3,77,87,87,1,68
2,5.76,2,7,2,91,88,42,1,71
3,6.26,1,7,5,95,49,93,0,73
6,6.96,0,7,1,67,100,50,1,66
3,5.8,2,2,3,73,92,87,0,59
6,8.99,0,1,2,68,93,41,0,61
1,6.79,2,3,0,84,97,72,1,62
2,9.68,2,3,2,87,52,47,0,73
6,9.21,3,6,2,47,84,51,0,79
2,9.54,4,7,1,52,73,58,0,83
6,6.47,4,6,3,85,72,57,1,77
3,7.87,0,7,5,76,94,89,0,78
3,6.61,1,5,4,94,72,60,0,70
6,6.28,4,3,0,42,78,61,0,58
6,8.04,1,7,3,53,52,82,1,70
4,9.09,0,2,5,71,56,69,1,66
2,5.47,1,7,1,62,48,57,1,57
2,6.38,2,6,3,96,52,45,0,71
2,6.03,2,5,5,62,55,40,0,66
2,8.99,0,3,4,52,76,48,1,65
1,9.67,1,2,0,88,93,91,0,68
1,5.4,1,5,2,80,69,55,1,59
5,6.9,0,1,5,78,78,68,1,58
6,9.57,4,6,0,89,72,68,1,84
6,6.72,3,2,4,60,79,44,1,64
6,8.56,4,3,0,82,45,58,0,69
6,5.5,3,5,5,87,51,61,1,70
2,7.22,1,1,0,97,41,88,0,52
2,7.52,3,2,1,70,72,94,0,62
1,8.79,3,1,2,89,54,47,1,68
3,6.44,1,2,4,46,56,90,0,53
4,6.32,2,3,1,96,91,57,0,63
2,6.51,3,2,0,75,74,83,0,57
2,7.78,0,3,0,58,70,87,0,53
2,9.38,4,2,3,61,69,53,0,75
3,9.15,1,7,1,63,98,43,1,77
3,5.29,1,5,4,63,77,79,0,61
1,9.39,3,2,4,95,55,66,1,78
2,5.48,2,2,4,60,81,63,0,57
4,7.08,2,4,5,100,84,69,0,76
6,8.83,4,4,5,82,79,51,1,86
2,5.41,4,2,5,52,56,82,0,61
1,5.2,2,4,4,99,99,52,1,68
1,6.65,2,3,0,45,46,79,0,50
4,8.65,2,4,5,67,95,89,1,78
5,7.61,3,2,0,71,44,84,0,58
1,7.09,0,6,1,52,79,43,1,60
3,9.07,4,1,2,73,100,65,1,74
3,8.83,1,6,4,71,66,40,1,77
6,8.93,2,6,0,93,40,66,1,73
1,7.3,2,6,1,53,41,62,1,63
6,5.1,0,6,4,71,43,81,1,57
1,5.86,2,1,2,84,40,77,0,51
4,8.71,4,2,4,44,68,50,0,72
2,8.77,2,2,5,74,60,78,1,72
1,9.86,0,1,3,95,81,81,1,69
5,5.95,3,7,4,43,74,83,0,71
3,5.61,4,7,3,53,73,60,0,72
4,5.69,3,5,2,57,78,61,0,63
2,5.92,1,4,3,50,41,67,1,53
2,7.64,0,5,2,58,64,77,1,61
3,9.88,1,3,1,41,45,45,1,61
2,7.95,1,6,3,73,47,64,0,70
6,7.61,1,7,5,42,74,43,1,73
4,8.37,1,6,4,68,92,73,1,77
5,5.37,0,1,4,62,58,96,1,46
3,9.08,3,1,1,97,48,65,0,68
1,8.23,2,5,0,87,72,78,0,70
1,5.86,1,3,5,40,47,92,0,54
1,8.15,2,5,5,81,77,93,1,79
4,7.98,2,3,2,45,71,66,0,62
5,5.32,1,2,5,98,62,78,0,59
2,6.33,4,6,0,56,73,60,1,67
5,6.95,2,2,0,58,62,60,0,53
5,6.22,4,1,1,83,85,93,1,61
3,6.22,3,2,1,91,71,95,1,60
4,7.86,2,5,3,100,40,68,1,73
1,7.35,0,3,5,87,46,73,1,63
3,8.34,3,1,3,95,82,66,0,72
2,9.78,3,2,3,41,87,81,1,72
5,8.3,4,1,3,54,63,96,0,67
1,7.91,1,1,3,62,41,85,0,55
4,9.24,0,3,4,58,97,65,0,69
6,8.16,0,5,1,72,57,44,1,62
5,5.83,4,6,2,45,58,59,1,65
5,6.57,4,5,2,89,81,47,1,75
5,8.67,3,4,2,100,75,91,0,79
5,8.69,4,5,2,58,95,57,1,80
1,9.94,1,2,2,69,67,92,1,67
4,8.13,3,4,4,61,74,44,1,74
3,9.5,3,4,1,42,71,43,0,71
1,5.27,3,4,5,99,52,90,1,69
4,7.83,0,4,3,44,45,82,0,57
3,9.6,0,5,3,69,68,44,1,73
5,6.44,3,7,3,42,49,55,1,68
4,5.77,1,4,1,99,98,48,0,61
5,6.75,2,2,1,78,79,64,0,58
4,8.96,3,2,5,78,49,96,1,75
2,5.42,4,1,4,67,73,77,0,60
6,8.0,2,7,4,40,59,47,0,74
5,5.68,0,7,5,61,86,40,1,67
5,7.18,0,2,3,84,72,70,0,58
5,9.83,2,6,5,84,50,72,0,86
2,5.98,4,1,1,86,63,94,0,58
1,5.17,0,2,3,90,72,99,1,51
3,7.14,0,4,4,78,99,44,1,67
5,7.89,3,3,5,56,96,57,1,74
5,6.49,1,4,3,81,61,75,1,62
1,7.71,4,5,4,90,87,87,1,84
1,9.77,3,1,0,67,51,59,1,64
6,6.56,1,3,2,97,69,93,1,61
4,6.55,0,7,0,89,71,63,1,63
5,7.41,1,2,5,69,100,100,1,67
4,7.58,0,4,3,79,83,58,1,65
1,5.01,3,7,3,47,58,67,0,64
1,8.08,0,1,1,66,84,99,0,54
6,9.99,1,1,2,80,79,69,1,68
3,6.46,3,7,4,84,41,78,0,75
2,8.15,1,2,3,64,98,54,1,65
2,5.02,1,1,4,98,90,89,0,56
2,8.02,2,2,4,52,53,48,1,63
1,7.24,0,7,4,73,94,99,1,73
5,7.65,0,2,0,78,98,78,0,56
6,7.72,1,4,4,46,72,70,0,65
3,5.88,0,1,1,91,71,40,0,48
2,8.85,4,7,0,61,96,52,1,82
6,7.78,0,5,0,72,97,75,1,63
1,6.35,3,5,3,85,80,41,0,72
2,9.69,0,4,2,77,58,81,1,69
3,5.06,4,7,2,70,53,76,0,68
4,8.63,1,4,5,84,43,96,1,73
3,6.91,0,2,3,72,41,74,0,52
5,7.61,3,7,2,92,49,76,1,78
2,6.46,4,5,4,91,98,50,1,80
2,6.61,2,1,1,61,68,97,1,52
4,5.08,1,5,4,66,54,57,0,58
4,8.65,1,4,2,66,70,59,0,67
2,8.55,1,4,2,60,72,41,0,66
5,8.27,4,7,1,92,68,63,0,83
4,9.39,0,7,0,74,50,94,1,70
1,9.51,0,7,0,97,87,55,0,77
2,7.78,0,7,1,86,84,62,0,70
3,8.42,0,2,0,89,79,94,1,59
3,5.05,1,1,2,94,98,96,1,52
5,9.23,2,4,0,49,48,89,0,64
1,9.08,1,6,2,86,86,77,0,78
4,5.1,2,1,3,67,96,86,0,53
2,7.71,2,5,4,79,97,83,1,77
3,9.53,0,2,0,76,68,68,1,60
3,5.91,3,7,3,80,76,69,0,74
3,6.76,4,5,5,72,60,43,0,77
3,6.66,3,7,0,100,70,68,0,74
6,6.78,2,6,3,90,92,83,0,75
5,5.21,3,4,1,47,61,97,1,54
4,6.4,2,4,3,76,91,82,1,67
2,6.47,1,1,2,89,57,93,0,53
2,9.33,1,7,1,97,41,80,0,77
2,6.76,0,4,1,80,99,66,1,60
4,7.24,4,6,2,100,61,72,1,79
5,6.9,1,1,0,72,76,57,0,50
1,5.6,4,6,1,58,59,45,1,65
5,9.95,0,3,0,69,87,71,1,65
3,9.13,4,4,4,53,87,70,1,81
3,7.7,1,5,3,53,93,51,1,68
5,7.38,1,5,3,75,100,99,0,71
5,8.25,3,1,2,46,43,62,1,58
4,6.63,3,6,2,91,65,68,0,73
4,5.25,3,6,5,82,59,42,1,72
6,7.02,4,6,3,73,61,72,1,77
2,9.92,1,6,4,89,82,78,0,85
6,5.91,0,3,2,71,100,67,1,55
2,7.64,2,4,4,81,59,57,0,71
3,5.04,1,6,5,72,68,83,0,64
6,5.61,3,2,2,94,87,100,1,62
6,7.94,3,2,1,53,96,61,0,64
1,6.49,4,7,5,64,70,59,0,80
5,9.53,3,7,0,67,100,55,1,83
4,7.03,4,5,3,81,62,97,0,75
6,6.04,0,4,0,89,83,91,1,55
4,7.73,3,2,5,78,100,96,0,75
2,8.97,4,1,3,69,77,46,0,73
6,5.1,3,4,5,70,55,88,1,64
2,7.53,4,5,2,63,58,43,0,72
6,8.87,1,7,0,90,50,81,1,73
3,5.52,4,3,5,43,51,77,1,62
1,9.51,2,1,5,53,75,73,0,71
2,6.32,0,1,4,48,52,75,0,47
5,5.85,1,6,5,75,41,57,1,65
5,7.95,0,4,2,45,90,72,1,60
3,5.88,1,7,5,63,50,40,0,67
3,8.4,3,3,1,65,40,87,0,64
5,7.45,4,1,0,73,80,64,1,62
2,5.55,3,3,0,40,49,84,0,49
5,9.56,0,5,1,62,42,53,1,65
1,8.37,0,1,3,56,47,50,0,54
6,7.73,1,7,2,75,55,96,1,71
1,6.87,0,2,1,76,75,91,0,52
5,5.67,4,7,5,89,82,100,0,82
6,8.54,0,5,4,97,79,47,0,76
5,9.07,3,5,2,84,78,99,1,80
1,5.63,4,6,1,59,59,81,0,65
1,7.47,0,1,1,98,86,55,1,56
2,7.42,2,2,0,98,94,98,1,63
2,6.75,2,3,0,65,99,78,0,59
1,8.95,3,2,0,50,47,76,0,61
6,5.5,1,5,2,94,49,70,0,59
2,6.03,1,1,5,59,90,81,0,56
2,5.01,0,2,3,98,76,57,0,52
4,6.86,4,7,2,40,71,96,1,73
4,6.46,1,2,0,83,66,46,0,52
2,9.33,2,5,0,52,70,43,1,69
5,8.73,1,3,2,97,42,71,0,67
6,5.42,2,2,5,75,78,70,1,60
3,8.7,1,6,5,98,45,49,0,80
2,8.38,3,2,1,83,56,69,1,66
4,6.41,4,4,1,77,49,89,0,65
6,5.08,0,5,0,52,60,89,0,46
6,5.58,2,4,0,53,68,74,0,52
4,6.25,1,5,3,51,68,84,0,60
6,9.08,0,5,5,92,59,70,1,77
6,7.33,2,4,1,100,54,70,0,66
4,9.59,2,7,3,91,41,85,0,84
1,8.95,3,3,0,73,72,93,0,69
2,6.44,1,3,5,97,51,85,0,65
5,9.23,0,5,0,66,52,72,1,63
3,5.58,1,7,3,93,83,44,1,70
5,5.18,1,7,3,51,83,49,0,62
1,8.04,4,4,0,77,78,85,1,72
1,6.71,2,2,4,93,78,90,0,66
6,6.65,2,5,0,75,77,62,0,63
5,8.44,4,6,1,95,84,46,1,84
1,9.25,4,5,5,40,60,97,0,82
5,6.61,1,1,5,65,80,86,0,58
1,6.63,2,3,0,79,55,67,1,56
3,7.67,0,4,2,79,73,60,1,63
1,8.27,3,2,0,60,66,70,0,61
5,6.01,4,6,4,71,82,80,0,76
6,9.56,0,7,1,64,42,66,0,70
5,8.27,0,2,0,51,48,68,0,49
4,8.13,1,6,3,64,83,49,0,73
5,9.52,4,5,1,65,100,47,0,83
3,9.54,0,2,1,75,73,48,0,62
2,5.68,3,2,4,55,58,50,0,58
3,5.73,0,5,5,53,77,61,1,60
3,8.81,3,3,3,85,65,79,1,75
1,9.78,3,1,2,73,62,65,0,70
3,8.33,3,3,0,88,57,89,0,67
5,7.06,4,3,2,63,84,76,0,68
2,8.42,3,1,5,47,85,79,0,69
6,6.14,4,5,3,66,79,41,0,71
3,9.99,0,3,1,78,80,89,1,68
5,7.16,3,4,4,52,84,58,1,70
1,9.66,2,4,4,68,88,89,1,80
1,7.15,0,1,1,70,77,91,0,50
6,9.64,2,4,4,82,91,55,1,82
6,6.68,2,5,2,58,49,43,0,62
5,8.8,1,2,5,90,82,88,0,73
6,9.76,4,5,1,49,49,77,1,76
6,8.23,1,1,0,95,60,83,1,57
1,8.39,4,2,0,99,77,46,0,72
5,5.51,1,4,3,82,77,94,1,60
2,7.37,0,3,5,87,86,53,0,67
6,9.43,2,7,5,79,46,51,1,86
5,6.2,0,4,1,73,96,60,1,56
3,8.94,4,5,5,85,51,91,0,86
1,8.38,2,5,2,88,91,73,0,77
2,6.11,2,7,5,88,80,60,1,78
1,6.41,4,1,1,82,72,75,0,60
1,7.14,0,3,1,40,64,79,1,49
4,5.63,2,3,2,58,67,81,1,54
5,9.57,0,2,4,40,63,88,1,62
3,8.7,0,2,2,95,87,46,1,65
6,6.82,0,5,1,63,70,60,0,57
3,6.5,2,1,1,64,57,49,0,51
5,8.45,3,7,1,43,62,60,0,73
1,7.12,1,5,1,63,46,88,1,59
4,6.15,4,6,3,78,89,55,0,77
5,7.15,0,3,4,59,47,64,0,56
2,9.36,2,3,1,72,93,52,1,72
2,5.34,4,5,3,67,54,94,0,66
5,6.84,3,7,5,82,77,89,1,82
6,9.81,3,3,1,84,67,66,0,75
3,5.07,2,7,4,74,66,76,1,68
3,9.45,0,2,4,63,60,47,1,65
6,6.87,3,3,2,79,83,69,0,67
4,5.95,3,2,3,83,66,70,0,62
1,5.07,3,4,5,41,86,98,0,63
1,5.35,2,7,4,62,95,46,0,70
2,5.86,4,1,0,72,86,69,1,56
4,5.13,1,1,1,91,100,57,1,51
6,6.68,2,3,4,53,81,62,0,63
5,5.22,0,1,5,54,80,77,1,48
3,8.46,2,6,5,71,53,99,0,79
5,9.09,2,4,3,62,60,84,1,72
3,9.44,1,3,3,43,53,95,0,65
5,7.75,1,2,3,59,88,80,0,61
6,9.73,1,4,2,70,82,69,1,73
6,5.03,4,7,5,98,45,94,1,77
4,5.67,2,6,1,46,51,69,1,56
5,6.47,0,4,0,40,67,47,1,48
5,8.95,1,1,3,44,88,51,0,61
4,9.43,1,6,1,53,68,49,0,71
4,8.09,2,2,3,69,76,46,1,66
6,6.92,0,5,3,77,77,78,1,64
6,8.33,1,4,5,62,42,56,1,68
2,5.9,2,1,0,46,99,71,0,48
5,7.29,3,7,1,83,72,44,0,76
6,7.54,4,7,3,78,89,81,1,84
6,5.52,2,4,5,89,85,60,0,68
5,5.17,1,2,2,93,51,70,1,51
4,8.75,0,7,3,55,51,91,0,70
5,7.67,3,2,5,48,50,54,0,65
1,6.66,0,3,1,78,67,52,1,53
5,7.19,0,5,4,94,90,85,1,71
1,9.79,0,5,3,100,74,88,0,78
5,6.92,2,1,2,85,73,46,1,59
1,5.52,2,5,2,73,61,63,0,60
1,7.32,4,2,3,70,78,92,0,69
5,8.24,3,5,1,100,92,43,1,79
2,5.06,0,1,3,84,62,99,1,47
6,6.66,1,4,2,46,51,80,0,54
3,6.97,0,5,3,96,58,58,1,65
6,7.32,3,5,2,90,70,85,0,74
1,6.51,0,7,4,41,98,74,1,66
5,8.33,2,2,3,45,92,68,0,65
5,9.72,2,2,0,83,52,75,1,66
5,9.57,3,7,3,100,58,94,0,90
5,8.32,4,4,2,73,75,73,1,76
2,7.53,0,7,1,56,61,47,0,63
3,9.13,3,6,2,65,83,41,1,81
4,9.18,1,6,4,51,69,43,0,76
1,9.15,1,3,1,59,43,41,1,61
3,5.79,4,5,0,80,52,69,0,64
6,5.13,2,2,0,97,59,96,1,51
4,9.92,3,3,4,85,78,68,1,83
4,9.8,0,5,4,74,45,43,0,74
5,7.82,3,5,4,74,83,60,1,79
3,9.97,4,3,5,93,51,48,1,87
6,8.85,3,2,4,68,55,41,0,72
5,7.59,4,4,3,87,84,59,0,78
5,6.95,4,6,2,77,56,93,1,74
2,7.96,4,5,5,70,47,88,1,80
1,7.58,3,7,3,79,72,72,1,80
4,9.97,1,1,1,52,83,94,1,62
6,7.45,0,1,0,65,96,45,0,51
4,9.18,4,1,0,61,91,68,1,68
3,9.07,2,7,1,47,78,55,0,75
1,5.36,4,4,0,79,92,75,1,63
5,5.44,3,6,4,46,51,44,1,64
1,8.3,4,5,4,44,65,76,1,77
5,6.3,2,2,5,91,58,48,0,64
1,8.29,1,2,4,40,52,71,1,59
5,5.72,3,7,1,84,95,76,1,72
4,6.99,3,6,2,93,49,73,1,73
4,5.51,3,4,1,79,73,78,1,61
4,6.41,2,6,2,50,70,86,1,64
4,5.44,3,5,0,91,66,97,0,62
1,9.85,1,3,5,71,97,96,1,79
5,6.98,0,3,0,46,42,94,1,46
4,9.51,0,5,0,90,83,79,0,71
1,9.86,4,5,2,68,44,68,0,81
5,9.55,0,2,0,69,44,70,0,57
1,7.27,2,4,1,60,76,97,0,62
2,8.89,0,4,2,78,46,42,1,64
4,5.77,2,6,4,87,79,82,0,72
3,5.47,2,7,2,83,95,100,0,70
1,9.38,4,7,1,82,98,64,0,89
4,5.16,0,2,5,96,90,94,1,58
6,9.86,4,1,1,80,95,81,1,76
5,8.36,3,3,1,78,87,75,0,71
2,7.1,1,5,0,59,81,83,1,60
4,5.71,0,6,5,61,52,97,1,61
6,8.62,3,3,4,68,73,52,1,75
1,7.82,3,3,5,85,75,78,0,76
1,8.56,4,6,4,43,73,58,1,81
6,7.09,4,4,3,42,92,98,1,70
2,5.33,1,2,5,48,42,55,1,50
6,6.57,1,1,5,44,49,81,0,52
5,6.58,1,1,1,95,97,69,1,57
1,5.04,1,6,5,42,82,78,0,61
6,5.05,4,6,0,64,74,74,1,63
3,6.65,2,2,2,71,76,41,0,59
3,8.64,4,3,0,72,91,40,1,72
6,8.12,2,2,1,57,45,98,1,57
5,6.2,4,7,0,84,60,93,0,71
1,8.01,4,2,5,75,97,87,0,78
3,8.24,1,7,1,89,84,84,1,76
6,7.61,2,5,5,80,44,42,1,74
6,7.61,3,5,2,68,42,65,1,69
4,6.85,3,3,2,78,59,67,1,64
6,5.62,3,4,4,86,69,66,0,68
5,6.93,1,1,5,84,51,53,1,60
3,6.73,3,5,3,41,100,89,1,69
4,7.96,4,3,0,50,74,82,0,65
3,9.28,1,6,3,98,71,90,0,81
3,6.88,3,2,0,70,58,63,1,57
5,8.55,1,7,4,43,54,74,0,73
6,9.06,4,5,4,68,49,91,0,82
5,6.06,1,2,2,93,96,73,1,59
6,9.51,3,2,2,89,65,63,0,74
4,5.35,1,5,5,96,45,45,0,64
5,9.51,0,7,2,42,87,96,0,73
5,5.82,3,3,5,41,86,70,0,63
2,6.69,4,6,0,83,65,95,1,71
1,8.03,2,7,5,75,41,68,0,79
5,9.53,1,1,3,53,88,75,0,65
2,6.28,1,3,3,87,87,68,0,62
1,8.82,3,4,2,92,71,52,0,78
6,8.55,3,7,4,43,42,47,1,78
6,5.8,0,7,3,83,58,54,1,64
6,7.4,4,7,4,69,75,72,0,83
2,7.41,1,4,2,58,59,98,0,60
2,6.52,1,1,0,58,100,64,1,49
1,8.9,2,7,5,83,69,55,0,87
6,9.63,1,6,1,70,76,60,1,75
3,8.58,1,7,3,54,84,91,1,76
5,9.86,0,4,5,68,59,76,0,74
2,5.25,2,2,5,42,99,84,0,57
2,5.19,1,4,2,58,73,56,0,53
2,9.47,1,5,2,61,98,73,1,75
1,9.49,4,7,5,86,83,52,1,97
6,5.54,1,2,3,59,56,73,0,50
3,6.79,0,7,1,100,81,82,0,68
5,9.18,1,3,0,94,62,100,1,66
5,5.64,1,6,3,46,80,54,0,60
6,6.34,3,1,5,43,48,80,1,57
3,8.4,1,5,0,40,66,61,0,60
1,9.91,2,5,2,80,56,90,1,78
2,8.99,3,1,5,46,80,43,1,71
2,8.89,2,4,5,61,85,100,0,78
6,6.71,2,1,3,76,56,88,0,57
5,8.31,0,1,0,96,88,86,0,58
2,5.57,1,4,4,69,41,78,1,57
5,9.96,2,7,4,100,97,62,0,94
5,7.4,1,3,4,48,98,52,1,64
6,8.19,1,6,5,97,54,47,1,79
4,9.38,0,1,0,66,50,40,1,54
4,5.0,0,4,4,77,93,80,1,58
4,9.88,2,5,2,95,96,89,0,84
3,6.8,2,1,5,62,76,100,1,61
6,6.7,3,6,0,51,80,56,0,65
5,5.73,1,7,2,52,48,56,0,59
2,9.29,1,7,1,72,53,47,1,74
3,9.35,0,1,0,54,47,42,1,52
4,5.1,0,7,4,55,82,68,1,61
1,5.28,2,3,4,73,51,93,1,57
3,9.59,3,3,5,48,46,61,0,75
3,5.61,3,5,1,81,42,82,1,61
6,8.1,0,3,5,91,65,41,1,69
2,8.1,0,7,3,66,42,41,1,69
3,9.35,3,6,1,87,85,87,1,83
2,7.86,3,5,4,54,43,56,1,72
6,7.17,2,7,4,74,96,48,0,79
1,9.87,3,1,3,73,99,72,1,76
5,6.14,1,4,1,79,71,68,1,57
5,6.31,3,3,2,69,85,68,0,63
4,5.42,4,5,1,87,53,93,0,65
4,9.88,3,3,2,62,42,83,1,72
1,8.53,0,3,4,48,52,96,0,61
5,5.06,0,2,4,71,47,45,0,48
4,8.52,4,1,1,74,95,82,0,70
2,7.02,1,3,4,88,77,45,1,66
3,9.84,3,4,5,71,41,91,1,81
6,6.39,3,6,5,84,77,76,0,78
4,8.55,4,2,5,55,91,84,1,77
1,8.14,2,5,3,71,85,40,1,75
5,5.06,2,5,0,64,70,55,0,54
1,9.43,1,4,2,69,78,90,1,71
6,5.7,3,4,4,76,66,50,1,66
6,8.32,3,6,2,76,56,61,1,77
1,8.88,3,1,1,74,74,73,1,66
4,8.15,0,4,3,84,85,40,1,68
4,5.49,2,5,2,47,63,52,1,57
5,9.88,4,1,4,79,40,88,1,76
2,6.18,0,4,0,88,68,85,1,54
5,8.14,0,4,5,86,65,88,0,70
3,8.99,2,7,3,75,83,97,1,83
2,9.7,3,5,1,93,74,81,0,82
3,8.02,1,1,4,64,90,67,0,63
5,6.3,4,2,3,57,83,88,1,64
2,9.18,2,2,4,78,63,52,1,72
2,5.82,1,6,1,49,85,77,0,58
3,5.11,2,1,1,40,72,69,0,43
1,9.54,2,4,0,97,65,97,0,74
4,7.88,2,4,3,43,76,75,1,66
2,5.35,2,1,0,65,78,43,0,46
2,7.9,3,2,0,50,91,53,0,61
3,5.73,0,6,0,54,97,75,1,55
2,5.16,2,7,5,71,90,95,1,72
3,5.58,1,7,2,54,65,62,0,60
1,8.88,1,3,1,67,77,44,1,64
2,8.78,1,5,0,62,92,85,1,68
6,8.02,0,1,2,42,89,54,1,53
5,6.05,0,6,2,90,77,62,0,63
1,8.69,1,3,2,71,50,47,1,64
6,7.04,3,5,0,59,100,97,0,67
1,7.55,0,3,2,95,68,95,1,61
4,9.49,0,3,0,53,68,50,1,59
1,7.29,3,5,3,74,42,46,1,70
1,8.13,2,3,1,79,48,62,0,63
4,9.81,0,2,4,81,74,84,1,70
2,7.26,1,6,0,48,96,85,0,63
5,7.8,1,1,1,99,45,80,0,57
6,7.92,3,7,0,95,95,66,1,80
3,6.2,1,6,5,86,48,70,1,69
5,8.68,4,7,3,63,47,86,1,83
1,8.63,1,2,1,80,66,92,1,62
3,6.07,3,2,1,43,73,79,0,53
4,5.07,3,7,2,51,90,41,0,66
5,9.99,3,5,0,90,63,83,0,80
2,7.91,4,5,0,63,87,87,0,73
6,5.91,0,5,4,40,44,70,0,53
5,6.42,2,3,2,53,49,100,1,55
5,8.09,1,3,2,70,59,47,1,62
2,5.69,0,7,4,49,61,40,0,60
3,5.19,3,1,2,72,51,64,1,51
4,8.99,0,3,2,75,83,56,0,66
2,8.58,0,1,3,81,68,69,1,60
4,6.55,4,2,5,74,70,63,1,70
2,5.29,3,1,1,97,45,70,1,53
5,7.43,3,1,4,87,85,90,0,69
4,6.38,1,5,3,57,46,91,1,59
3,6.99,1,3,5,64,92,100,0,66
3,6.37,1,4,3,51,72,98,1,58
6,5.88,1,4,3,99,85,52,0,65
4,6.93,0,5,2,67,54,97,1,58
6,9.82,0,6,5,92,52,94,0,82
2,6.33,1,6,5,90,63,54,1,72
1,6.68,1,6,4,48,69,65,0,65
3,6.65,1,2,2,63,72,71,1,54
5,7.4,2,2,2,59,59,84,0,58
3,9.22,1,2,3,65,58,74,0,65
1,7.01,2,1,0,44,58,55,1,48
5,9.03,1,7,4,66,77,48,0,81
4,5.58,3,3,4,67,63,58,1,62
4,9.47,4,2,3,76,44,79,0,75
3,5.93,0,4,3,79,61,79,0,56
5,5.2,3,1,1,46,99,85,0,50
2,5.79,4,2,3,58,61,90,0,60
5,5.95,2,2,2,93,67,84,0,58
6,7.54,0,6,3,61,56,42,1,65
1,7.25,2,6,4,57,70,65,0,72
4,8.58,2,3,0,54,86,76,1,63
3,5.25,0,3,0,100,46,47,1,47
5,7.49,4,1,2,72,56,45,1,64
4,6.66,0,4,0,78,51,44,0,52
3,8.15,1,5,3,90,46,60,1,71
4,5.22,2,6,0,44,68,66,1,54
3,5.17,1,4,3,79,84,83,0,59
4,7.14,0,7,5,76,47,77,0,71
2,9.06,0,6,1,98,43,47,0,71
6,8.36,4,3,4,44,79,61,0,74
1,5.08,2,3,5,76,93,62,1,63
4,5.89,3,5,2,82,55,64,0,65
1,6.13,0,4,1,46,55,46,1,48
4,7.12,3,4,0,41,61,53,1,58
5,7.93,2,5,2,69,50,80,0,68
6,6.08,1,3,3,88,98,97,0,63
2,6.91,2,1,1,50,80,68,0,53
6,7.92,4,4,4,91,93,56,1,83
1,6.92,3,2,4,76,99,90,0,70
5,5.72,3,4,1,78,50,45,0,59
3,7.46,1,7,1,72,44,71,0,66
6,6.62,1,4,1,48,81,58,0,56
2,9.32,0,7,0,50,97,66,1,70
5,8.88,2,4,5,99,77,69,1,82
5,5.95,4,3,5,51,87,89,0,68
1,5.76,0,2,5,49,51,92,0,49
2,6.74,2,7,4,91,79,72,0,78
5,7.06,1,4,4,93,64,76,0,68
5,9.66,4,1,0,50,97,84,1,69
3,6.51,1,6,2,72,100,50,0,67
1,9.34,1,7,4,96,84,95,0,87
1,7.53,3,6,2,59,52,80,0,71
2,9.43,2,2,2,44,87,49,1,67
5,8.51,0,5,2,86,65,68,1,68
3,8.54,3,1,4,63,50,61,0,67
4,7.59,2,5,3,71,95,59,0,73
6,9.2,2,4,2,93,79,58,1,77
1,6.27,2,7,5,70,62,63,0,74
3,9.54,4,3,3,81,52,67,0,79
2,8.18,3,4,0,83,72,41,0,70
3,7.19,0,4,5,53,91,79,0,64
5,9.91,3,5,3,58,91,94,1,83
6,9.31,1,4,3,81,67,57,1,74
1,8.86,2,1,1,63,90,57,1,63
4,6.37,1,3,2,93,43,41,0,57
5,9.87,3,5,4,71,67,86,1,85
1,8.71,0,2,1,51,73,88,1,56
2,8.03,1,6,5,89,90,94,1,81
1,9.61,1,4,3,60,90,95,1,74
3,5.81,4,6,0,90,49,62,1,67
6,5.7,3,7,4,75,88,86,1,76
4,7.82,1,5,0,64,94,91,1,64
6,5.28,3,6,3,90,91,98,0,72
3,8.32,0,4,0,92,47,54,0,61
4,6.2,1,7,1,53,48,99,1,59
4,5.6,0,4,0,47,57,64,0,44
5,7.05,1,5,1,68,41,84,1,59
4,7.33,2,1,2,64,57,57,0,56
1,5.85,4,2,4,62,79,60,1,64
6,5.21,4,4,0,98,41,86,1,60
2,7.07,4,1,1,75,61,71,1,61
2,8.8,0,4,3,96,55,89,0,70
6,9.37,3,4,5,87,76,58,0,85
5,5.49,4,1,3,51,71,57,1,56
4,7.62,1,4,1,89,49,63,0,62
3,6.32,1,2,4,51,80,86,1,56
1,6.87,2,6,2,57,73,81,0,67
5,9.67,0,5,2,75,87,69,1,74
4,6.76,1,7,4,87,55,68,1,73
2,6.83,1,7,5,89,88,93,0,78
3,6.05,2,6,0,58,73,60,1,60
4,9.8,2,1,1,87,97,60,1,71
5,7.28,3,6,2,92,76,87,1,77
3,7.85,3,3,4,74,79,80,1,73
3,7.27,3,7,2,88,95,41,0,81
3,6.26,1,4,2,66,73,84,1,58
3,9.05,2,5,0,42,83,40,0,68
4,5.14,0,2,2,52,52,61,0,42
3,8.45,3,2,1,77,87,95,1,69
4,7.97,4,3,4,90,76,79,1,79
3,5.72,1,6,5,80,51,77,1,67
3,5.83,0,2,5,58,54,58,0,51
5,8.3,1,6,5,82,69,58,1,79
4,6.56,3,5,0,74,70,41,0,64
2,6.33,1,3,5,54,68,68,1,59
4,5.3,3,6,0,55,73,89,1,59
6,8.83,1,1,5,74,71,89,0,68
2,9.41,3,6,4,44,83,62,1,83
5,9.1,2,6,1,46,62,86,1,71
4,7.33,2,3,5,60,49,97,1,65
5,7.67,2,1,2,80,47,96,0,59
2,6.21,2,2,2,93,60,97,0,59
5,5.86,2,7,5,40,50,87,1,67
5,9.12,4,5,1,64,51,66,0,76
1,8.99,1,6,3,69,88,84,0,77
4,8.89,2,4,4,58,100,62,1,77
5,7.32,4,3,1,63,78,67,0,67
1,9.32,4,2,2,85,86,95,1,78
1,9.63,1,6,4,99,58,67,0,83
3,6.64,1,5,5,54,100,99,1,69
3,6.12,3,4,4,74,73,44,0,68
2,7.32,3,3,2,63,77,57,0,66
4,5.9,2,5,1,75,73,69,1,61
3,9.42,0,2,3,88,85,63,1,69
2,6.69,3,7,4,98,65,76,0,81
4,7.88,0,6,5,53,79,55,1,71
2,7.97,3,6,4,61,55,68,1,77
1,7.57,4,6,4,78,58,69,1,81
1,5.78,4,3,5,47,89,64,1,67
4,9.96,4,6,5,87,95,77,1,97
2,5.86,0,3,5,93,68,100,0,60
2,8.76,2,6,1,55,84,78,0,73
3,8.96,3,1,4,85,77,40,0,74
3,5.73,3,7,5,56,100,79,1,76
4,9.67,0,6,2,44,75,78,0,70
6,7.44,4,1,2,80,60,94,1,65
3,8.14,2,3,5,74,49,78,0,71
5,8.21,3,5,0,92,86,70,1,75
3,7.52,2,2,4,93,62,78,0,68
6,5.71,2,4,3,76,83,70,0,63
2,8.76,1,1,0,91,99,98,0,63
1,7.91,2,2,4,57,91,72,1,67
1,5.59,1,6,4,60,83,51,1,64
2,8.5,0,3,5,81,98,64,0,72
1,8.51,4,2,1,40,46,94,1,62
3,7.74,1,2,1,56,77,62,0,56
1,5.45,2,7,2,47,44,82,0,59
6,6.76,4,7,0,68,58,100,0,71
6,5.25,2,6,0,59,85,87,0,58
3,7.39,2,2,5,88,72,67,0,69
2,9.53,1,3,0,89,63,72,0,67
5,5.01,0,7,5,76,82,77,1,66
3,6.33,2,1,2,78,62,65,1,55
1,9.0,1,4,3,100,61,63,0,75
3,5.05,2,5,3,99,75,44,1,66
6,5.05,4,1,5,44,92,83,1,59
3,8.05,0,4,3,98,85,99,0,70
3,8.95,2,3,5,49,60,56,0,71
5,8.88,0,4,0,45,57,84,0,57
6,8.9,0,3,4,46,77,76,1,64
4,6.81,4,4,0,74,66,54,0,66
4,9.41,4,7,5,66,76,41,1,93
6,5.06,3,1,4,81,88,73,0,59
4,6.56,0,6,1,60,64,59,1,57
1,6.69,2,6,5,63,78,69,0,73
4,5.83,4,6,5,68,69,55,1,76
1,6.68,2,3,2,66,82,83,1,61
6,7.93,0,2,3,77,53,98,1,58
4,7.6,4,6,0,41,73,43,1,69
4,6.6,3,3,0,64,93,70,1,61
2,8.75,0,7,1,41,71,65,0,66
1,8.57,2,3,4,77,70,94,1,73
1,6.4,3,4,3,98,88,80,0,73
3,6.62,0,3,2,57,41,98,1,50
5,6.44,4,4,4,81,86,51,0,75
4,5.64,0,7,4,46,78,41,1,61
2,8.76,1,1,5,88,74,47,1,70
5,5.23,2,3,3,43,62,53,0,52
2,5.75,4,2,2,83,45,63,1,60
5,5.53,4,2,3,79,60,82,1,62
4,9.13,1,1,3,80,65,79,1,65
2,5.22,3,7,0,49,69,80,0,60
1,8.32,4,6,2,90,80,64,1,84
3,5.22,3,2,4,80,81,97,0,62
2,8.93,3,4,3,67,92,46,1,78
6,9.56,3,3,1,69,69,71,1,72
4,7.43,0,5,2,63,92,92,1,64
4,9.02,1,7,1,75,47,62,1,73
6,8.53,2,3,4,55,78,85,1,70
5,8.98,1,7,2,72,72,78,1,77
3,8.83,4,7,0,49,49,65,0,75
5,6.03,1,3,2,87,57,81,0,56
6,7.5,2,5,4,60,87,46,0,73
6,9.8,0,6,0,66,75,95,1,70
3,6.72,4,7,4,94,80,86,0,85
6,9.85,0,2,5,60,94,89,1,71
6,7.92,4,2,2,66,89,84,0,70
2,7.31,2,3,4,71,50,43,0,65
3,8.29,0,2,2,44,83,83,0,56
4,9.08,2,7,0,92,47,64,1,77
5,6.97,2,7,2,74,40,91,1,69
4,5.16,1,4,4,61,47,57,1,54
4,8.54,4,7,4,98,44,46,1,89
2,9.78,3,4,5,75,40,61,0,82
5,8.12,3,5,5,49,42,43,0,74
4,5.94,0,7,4,73,66,68,1,65
3,6.24,2,3,1,91,84,63,0,61
5,9.55,1,6,1,93,100,93,1,80
1,5.07,4,4,1,100,100,79,1,68
2,7.74,0,1,3,45,87,91,0,54
4,5.79,2,2,5,53,62,89,1,57
6,6.41,3,6,2,98,83,99,0,75
5,6.53,3,3,1,96,78,77,1,65
1,6.1,4,4,4,95,79,80,1,75
6,8.96,4,5,4,76,50,51,1,83
1,6.66,4,4,1,97,84,48,1,72
4,6.73,0,1,5,58,50,54,1,52
6,7.27,4,4,1,71,75,98,1,70
4,9.51,0,3,4,59,77,52,0,69
6,8.44,1,5,1,60,70,96,0,66
5,5.31,2,7,5,54,99,69,1,71
3,5.2,3,5,3,56,94,74,0,65
3,7.83,0,1,3,100,63,74,1,60
1,9.44,2,3,5,83,58,65,1,78
2,6.62,4,1,3,96,92,58,1,69
6,6.24,3,1,0,84,71,60,0,55
4,8.74,0,1,3,91,79,60,0,64
2,8.01,4,4,4,63,77,52,1,78
5,7.83,2,2,5,60,56,60,1,66
5,5.75,1,4,0,87,89,63,0,57
5,5.88,2,3,4,54,74,65,0,59
3,6.41,0,6,4,50,51,83,0,60
4,6.03,1,1,5,76,54,95,0,55
5,9.86,1,1,5,69,78,70,1,72
5,5.09,4,2,1,99,52,69,0,58
1,8.13,2,5,5,57,69,63,0,75
6,7.59,0,1,2,95,81,71,1,58
6,6.62,1,4,3,67,58,69,1,60
6,9.44,4,7,5,52,48,96,0,88
2,8.35,1,1,2,82,96,65,1,63
1,9.99,2,3,2,49,67,77,1,70
3,5.84,3,7,1,86,83,57,1,72
2,5.44,0,2,2,78,99,80,0,51
1,5.7,3,6,3,51,82,93,1,67
5,6.35,2,5,0,89,95,88,1,65
4,7.08,3,6,4,98,64,99,1,80
2,9.31,2,3,3,77,79,51,1,75
2,6.42,2,4,1,80,80,60,0,62
5,9.58,4,6,0,87,43,62,0,81
5,7.31,3,3,1,79,91,67,0,67
4,8.24,1,6,3,65,76,99,0,73
6,6.32,2,1,4,83,46,56,0,58
2,5.78,3,2,2,58,80,54,0,57
1,9.35,1,1,5,62,43,62,1,65
3,5.55,0,2,5,87,62,98,0,55
5,8.87,1,4,2,75,83,92,0,71
5,7.9,3,3,1,66,83,92,1,67
3,9.31,3,6,0,91,45,73,0,78
1,8.59,1,2,5,55,84,67,1,68
5,6.41,1,3,4,46,48,43,1,55
3,7.87,2,7,1,98,96,80,0,80
5,5.07,3,6,4,52,48,51,0,64
6,7.38,2,7,5,94,60,41,1,81
6,5.43,2,7,1,51,42,64,1,58
5,7.14,0,2,0,66,52,63,1,48
5,5.55,3,1,3,72,77,70,1,57
6,9.78,2,2,2,70,57,100,1,69
5,7.62,0,2,4,50,94,43,1,59
1,9.57,2,5,4,56,85,83,1,80
1,5.11,2,6,0,77,70,73,0,59
4,8.19,3,6,4,41,68,45,1,76
1,6.53,1,7,3,42,94,70,0,67
2,7.16,1,4,3,73,41,78,0,61
2,9.37,3,6,0,89,70,89,0,80
2,9.9,1,1,1,71,77,63,1,64
5,6.23,4,1,1,63,91,64,0,59
5,9.74,1,3,4,63,46,44,1,70
3,8.44,2,2,4,52,79,93,1,67
2,9.76,2,2,0,61,49,93,0,63
2,7.81,0,6,3,58,52,49,1,65
1,9.8,3,2,0,92,98,57,0,75
6,9.46,0,1,1,69,40,68,1,56
6,5.64,2,5,3,78,76,50,0,65
4,6.55,2,3,4,60,64,88,0,62
3,6.22,0,2,1,87,69,69,0,51
6,7.86,4,5,2,62,41,82,1,72
4,9.01,1,6,1,55,75,44,1,70
1,8.8,4,4,3,81,63,45,1,80
3,8.63,4,1,3,46,51,53,1,66
3,6.88,4,4,0,59,44,55,0,61
2,5.7,4,1,3,87,95,99,0,64
5,6.05,1,3,2,81,54,53,0,55
2,8.71,3,6,2,53,81,72,0,77
1,5.74,0,4,3,65,97,95,0,57
2,6.11,4,3,4,61,88,76,1,68
3,7.12,4,7,3,80,85,44,1,83
2,5.36,0,7,4,75,46,79,1,61
4,6.06,0,3,3,65,93,53,0,56
2,5.75,3,3,1,51,41,79,1,52
6,9.76,2,4,3,88,94,48,0,82
1,5.96,3,4,1,70,42,66,0,58
1,9.31,2,4,4,79,43,91,0,76
3,5.57,1,7,3,43,87,42,0,63
2,9.35,3,7,4,79,55,49,1,87
3,8.0,1,2,2,66,66,87,0,59
3,9.25,0,3,5,48,61,50,1,66
4,9.34,3,6,0,51,42,73,1,72
5,7.98,0,2,4,68,88,40,0,63
3,9.59,4,1,1,67,97,49,0,73
5,7.93,0,7,0,55,56,92,1,62
5,8.56,4,4,5,47,61,45,0,78
1,7.08,2,6,3,86,91,47,0,76
6,9.57,4,5,1,88,46,70,0,81
6,9.12,2,1,0,52,96,45,1,61
2,5.83,4,3,0,53,69,70,1,56
4,7.88,4,7,4,99,47,73,0,87
4,9.48,1,7,3,54,58,79,1,77
6,8.97,1,3,3,99,46,92,1,70
2,9.81,0,6,3,48,40,68,1,70
6,6.16,1,2,4,92,55,42,0,59
2,6.84,2,7,4,95,89,61,1,80
2,7.54,1,4,3,100,96,51,1,72
2,6.16,0,7,0,83,97,77,1,63
2,6.97,3,6,5,71,79,58,1,79
1,7.69,2,4,3,61,70,46,1,67
1,5.96,3,7,4,94,78,62,1,79
6,6.28,2,1,3,90,66,94,0,58
2,5.62,0,6,4,64,49,95,1,59
3,8.57,1,1,3,80,73,98,1,64
2,6.81,3,1,5,65,86,94,0,66
3,6.1,3,5,0,84,53,52,1,62
1,7.54,1,5,0,68,41,43,0,59
2,5.34,0,3,4,57,78,60,0,52
5,9.62,1,7,4,75,94,53,1,86
6,6.47,4,3,1,59,61,75,0,61
2,9.43,4,3,2,72,65,89,0,77
4,7.49,4,6,1,59,83,46,1,75
3,9.25,3,4,4,42,44,52,1,73
2,6.24,3,3,5,98,77,74,1,72
5,5.88,0,2,4,82,55,100,0,53
3,9.25,2,1,3,73,51,88,0,66
5,6.06,1,6,1,45,80,72,0,58
6,8.73,2,4,2,70,91,96,0,73
6,6.72,3,7,1,74,83,50,0,73
6,8.74,1,5,0,71,81,90,0,68
1,9.54,3,1,0,81,56,78,0,66
5,9.91,0,3,1,96,64,64,0,68
2,6.8,1,5,5,48,63,85,0,65
4,6.84,3,5,1,85,50,78,1,67
4,9.91,4,5,5,87,57,98,0,91
6,9.31,4,6,4,66,75,63,1,88
4,5.23,3,1,5,63,42,61,1,55
3,7.87,2,4,3,95,58,82,1,72
5,5.91,0,1,0,89,45,90,1,43
5,9.97,0,2,2,98,62,87,0,68
5,5.69,3,3,3,61,79,88,0,61
3,7.8,0,6,5,69,46,97,1,70
2,8.33,1,4,1,75,86,85,1,67
1,9.69,0,6,0,65,83,95,0,70
3,9.24,4,4,1,89,86,61,0,81
5,6.23,3,3,0,41,48,54,1,51
5,7.86,1,7,2,81,41,57,0,71
5,9.77,0,2,3,83,97,83,1,71
2,8.68,4,5,2,46,91,84,0,78
4,8.44,2,3,2,66,86,71,0,68
1,8.77,0,5,3,55,89,97,1,69
3,6.61,4,3,5,88,84,95,1,76
5,8.65,4,1,3,85,87,75,0,75
6,6.16,4,6,5,95,86,49,1,83
1,7.14,4,2,2,68,50,48,0,63
6,9.45,2,6,1,60,42,83,0,72
1,5.09,3,2,3,65,100,64,0,59
5,7.07,4,3,2,95,81,96,0,73
1,6.33,3,2,2,57,88,43,1,59
1,5.99,2,5,2,40,69,77,0,58
5,9.19,2,2,1,100,47,85,1,68
2,8.48,1,2,4,41,76,75,1,62
6,5.56,1,6,4,53,60,97,1,61
2,7.47,4,2,3,77,47,81,0,68
6,7.33,3,7,4,54,86,76,0,79
4,5.71,2,4,0,75,50,78,1,54
6,9.0,0,7,5,100,80,46,1,85
6,6.83,1,3,3,63,96,81,1,62
1,8.81,1,1,3,99,97,93,1,70
4,5.96,0,1,2,64,96,99,1,49
5,6.58,3,4,5,48,73,65,1,68
5,5.48,3,6,0,54,78,59,1,61
3,5.72,3,4,4,76,55,84,1,65
4,9.42,4,1,3,45,46,99,0,68
1,5.55,4,5,5,82,43,100,0,72
3,5.48,0,1,0,84,71,86,0,43
3,9.7,2,1,1,51,76,60,0,63
5,8.23,0,7,1,66,85,44,0,69
6,5.5,2,3,2,46,61,96,0,51
1,9.86,0,1,0,67,46,69,0,55
4,5.74,4,1,3,91,52,87,0,61
3,8.83,3,7,1,51,57,98,0,76
1,5.17,1,2,5,81,81,77,1,58
5,8.12,0,4,1,74,73,75,0,62
3,7.73,0,7,5,41,52,77,1,68
3,6.04,1,1,4,65,73,62,1,54
2,8.22,0,1,4,59,68,62,0,58
5,8.09,3,5,0,64,86,97,1,71
2,8.99,1,7,4,60,44,87,0,76
5,9.38,1,1,0,40,93,90,1,57
5,7.55,3,3,3,67,70,45,0,68
2,7.45,3,6,3,92,50,82,0,77
1,8.11,1,5,3,77,77,85,0,72
1,8.65,3,1,4,52,90,62,0,69
1,6.78,3,6,4,69,99,54,1,78
6,7.52,3,3,2,99,86,40,0,73
3,7.93,1,4,1,49,43,75,0,57
1,9.94,0,1,5,84,46,78,1,68
6,7.94,2,4,3,61,62,67,1,68
3,6.12,1,1,4,68,70,49,0,54
1,7.94,2,5,1,44,93,72,0,67
5,9.1,3,5,3,47,56,85,0,75
4,9.29,3,6,3,92,49,63,0,84
1,9.0,0,3,5,50,61,45,1,66
4,9.44,3,2,1,65,69,53,0,69
1,6.67,2,7,1,58,68,93,0,66
5,7.54,1,6,4,58,56,71,0,69
4,8.9,1,6,1,69,82,58,0,73
6,6.32,0,3,1,75,60,45,1,51
5,6.86,2,1,4,81,61,59,1,61
4,9.16,3,4,3,95,87,64,0,83
4,8.85,4,4,5,48,78,100,0,81
2,9.86,0,1,1,46,79,59,0,58
2,9.98,0,2,5,57,87,77,1,71
5,6.2,4,2,2,48,87,50,0,60
5,9.5,1,2,0,45,96,100,0,61
5,5.47,1,1,5,45,61,71,1,49
3,8.55,1,7,1,84,66,68,1,74
6,6.1,4,5,5,61,62,69,0,73
1,6.5,3,6,1,56,43,68,1,63
2,9.73,3,5,0,54,65,61,0,73
4,6.32,2,1,2,48,78,50,1,52
2,8.37,2,5,5,45,97,88,0,77
1,5.89,1,7,3,62,56,59,1,64
5,5.47,4,2,2,56,42,80,1,54
2,6.7,0,5,0,71,56,53,0,54
6,8.12,3,1,5,100,82,66,1,76
6,6.24,4,6,1,71,79,97,1,71
3,6.5,2,5,3,76,58,77,1,66
2,8.54,3,5,2,42,78,99,0,72
5,5.51,3,5,2,96,57,43,1,66
4,7.23,4,5,3,55,99,46,0,76
3,9.71,2,6,2,41,67,69,1,75
5,6.98,4,1,0,91,92,49,0,64
3,7.17,0,3,3,42,54,46,1,53
2,8.69,3,5,0,80,90,44,1,76
1,8.9,4,3,3,90,65,43,0,79
2,8.85,4,6,0,53,74,86,1,76
5,9.99,0,1,1,53,55,75,0,57
4,5.36,4,4,1,69,54,54,0,60
4,9.91,3,7,2,88,44,78,0,86
5,9.75,1,3,3,79,85,77,1,74
3,9.26,1,1,5,88,63,75,0,71
6,7.27,2,4,3,66,41,90,0,64
5,9.35,0,5,0,56,98,41,0,67
2,6.1,2,6,5,78,75,54,1,73
4,8.96,1,6,2,48,91,59,1,73
1,5.93,0,1,2,75,84,94,1,49
4,9.08,4,2,5,49,87,73,0,78
6,8.07,4,4,3,68,70,52,0,76
4,5.49,3,2,1,43,69,99,1,50
6,9.48,1,6,3,60,51,64,1,74
5,7.89,4,6,5,76,98,53,1,88
4,8.28,0,5,3,41,76,80,0,64
3,6.42,4,5,4,54,93,87,1,74
2,9.36,2,3,0,67,96,93,1,69
3,7.73,2,6,0,64,60,48,1,66
2,7.11,2,5,4,65,51,88,1,68
4,7.67,2,3,2,96,97,93,0,71
4,8.52,2,4,5,48,79,74,1,74
2,8.48,3,2,0,69,76,61,1,65
1,6.79,2,4,2,48,74,44,1,60
4,6.93,3,7,1,40,61,83,1,67
1,7.81,3,2,2,95,84,76,0,70
1,9.62,4,1,0,95,75,53,1,73
2,8.73,0,4,5,51,92,56,0,70
1,6.95,2,7,5,100,47,44,0,79
1,6.69,0,1,2,84,66,52,0,51
5,7.62,1,2,1,91,66,98,0,59
3,9.35,3,6,4,52,75,93,1,83
1,5.04,1,6,0,53,46,86,0,50
3,8.55,3,3,5,49,42,70,0,71
1,6.47,2,4,1,56,43,88,0,55
3,6.04,1,4,3,56,63,49,1,57
4,5.06,4,3,4,70,47,87,0,62
4,9.48,1,3,4,85,84,100,0,76
3,9.56,3,5,0,88,52,62,1,77
1,5.31,3,7,1,90,48,68,1,67
5,7.61,0,6,5,65,59,55,0,70
3,5.76,1,5,5,74,97,56,0,68
6,8.79,4,2,3,75,59,46,1,74
5,8.33,2,6,5,50,44,82,1,75
6,6.49,0,4,1,55,85,53,1,54
3,5.58,1,3,5,68,44,83,0,56
1,9.16,0,3,2,84,74,48,0,67
6,8.37,1,7,5,57,40,46,0,75
3,5.03,2,6,0,50,81,53,1,56
5,8.14,2,1,2,50,54,55,0,57
1,9.05,4,7,5,48,56,99,0,87
6,7.95,0,7,5,97,51,49,0,77
3,7.12,4,5,5,64,85,99,0,79
1,7.92,1,6,2,97,95,44,1,76
1,8.1,2,6,5,94,75,90,1,83
4,8.2,2,1,4,71,100,46,1,69
1,9.84,3,3,5,73,82,61,0,83
3,5.89,3,4,4,42,97,63,0,65
5,8.12,4,4,2,53,54,79,1,70
2,5.94,0,1,5,87,53,81,1,53
4,6.05,1,7,1,79,66,98,0,64
3,8.35,4,5,0,64,89,61,0,75
3,9.58,2,2,5,55,61,94,0,72
3,5.8,2,6,0,75,48,74,0,59
6,9.81,2,4,1,48,86,85,1,72
6,6.6,1,2,2,43,60,91,0,50
5,6.96,4,6,0,84,42,94,1,70
3,5.77,1,5,5,41,91,93,1,63
6,8.08,2,1,4,94,70,42,1,68
6,7.98,3,7,3,64,52,86,0,78
6,7.21,4,5,4,89,41,81,0,77
5,7.38,3,3,1,95,86,46,1,69
5,8.11,4,5,3,61,53,58,0,76
3,7.92,2,1,0,96,46,81,1,58
4,6.87,3,1,5,44,68,100,1,61
3,9.42,3,5,0,88,43,85,0,75
6,8.34,4,6,3,60,43,47,0,78
2,6.03,3,1,0,49,63,100,1,48
6,6.6,3,3,3,62,81,62,0,65
1,8.94,2,2,2,66,60,59,1,65
2,5.52,4,5,1,69,90,72,0,67
2,8.75,4,1,5,94,84,45,0,80
3,6.79,0,7,4,43,67,54,0,64
6,7.76,4,6,3,97,77,44,0,85
6,6.4,2,6,3,45,47,53,1,63
4,9.93,3,6,2,93,81,48,1,88
1,9.53,0,2,5,98,56,65,1,72
3,9.64,3,3,5,65,48,71,0,78
5,5.92,4,5,4,49,85,70,0,71
3,9.21,1,1,2,88,100,45,1,68
2,7.68,3,2,2,44,59,40,1,60
3,8.54,4,3,1,78,44,58,1,70
4,6.09,2,4,0,76,97,54,0,60
3,8.56,4,1,5,79,74,73,1,76
4,9.57,0,6,5,40,80,58,1,76
2,6.34,1,6,4,96,68,88,1,71
4,6.17,1,3,2,73,51,50,0,54
6,5.52,1,7,0,87,93,57,0,64
5,6.33,2,7,0,47,71,63,1,62
2,7.68,1,2,0,60,70,85,0,54
4,9.16,3,7,5,70,70,90,0,89
1,6.39,2,6,0,97,40,48,1,64
2,8.11,4,5,1,86,96,50,0,80
1,7.4,0,2,1,62,82,82,0,53
5,6.44,2,6,2,50,44,43,1,61
4,7.55,0,5,0,55,90,57,1,59
2,5.84,2,3,2,66,75,83,1,57
2,8.2,4,3,3,46,51,62,0,69
5,5.58,0,2,5,88,55,80,1,55
6,8.65,2,2,1,63,55,76,1,61
1,5.89,0,5,1,71,60,40,0,54
2,9.99,1,7,5,100,72,64,0,91
3,9.12,1,1,4,74,65,48,0,66
1,6.72,1,2,3,70,42,78,0,54
4,7.13,3,6,1,100,62,40,0,74
5,6.3,1,1,0,86,64,91,0,49
1,8.84,1,1,5,68,93,56,0,69
3,6.9,4,7,0,43,59,42,0,68
3,8.78,0,1,5,74,86,62,0,66
5,5.09,0,3,0,50,91,40,1,44
5,5.68,1,3,5,73,96,63,0,62
1,6.82,0,1,2,78,88,52,1,53
4,5.54,2,1,1,97,93,97,0,55
6,8.01,1,3,2,54,75,59,1,61
3,5.25,1,5,1,53,74,59,0,53
5,9.3,3,7,4,60,82,99,1,87
6,8.81,2,7,2,46,72,51,0,75
6,6.08,1,6,1,56,44,56,0,56
6,7.42,1,7,4,81,43,60,1,73
4,7.26,0,4,1,57,97,79,1,58
5,8.62,1,2,3,53,91,63,0,64
3,7.01,1,1,5,77,47,69,0,59
5,5.16,1,3,2,68,50,62,0,49
1,6.37,1,7,0,93,82,62,0,67
3,7.33,3,1,4,90,89,95,0,70
5,9.87,2,1,4,49,66,95,0,68
3,9.41,3,1,0,56,49,86,0,61
1,5.91,0,7,4,71,98,56,0,68
2,8.62,4,1,0,100,97,41,1,72
3,9.68,1,5,0,90,84,81,1,75
2,5.04,0,2,1,59,59,63,1,41
6,8.6,4,2,2,56,71,72,0,69
4,7.3,1,3,3,85,87,96,0,66
1,8.4,1,5,4,46,66,96,1,69
3,8.03,4,5,1,90,88,84,1,79
1,9.92,3,2,3,95,57,83,0,78
6,6.44,4,3,3,100,65,54,0,71
2,8.93,4,5,4,78,97,71,0,88
4,6.17,2,3,4,83,74,81,1,65
1,7.18,1,2,1,69,67,73,1,55
2,9.88,1,1,4,77,40,99,1,67
6,8.83,3,6,3,79,73,61,0,83
6,6.58,3,6,4,80,94,70,0,78
6,8.1,2,6,5,89,65,54,1,82
2,5.25,2,5,5,49,97,59,0,65
3,6.33,2,3,1,71,45,81,1,55
5,8.59,3,1,1,96,89,62,1,70
1,7.85,4,2,1,65,88,70,0,68
5,7.35,1,7,4,92,97,41,0,80
6,8.45,1,4,2,87,85,52,0,71
5,6.99,0,6,1,56,64,81,0,59
2,5.13,3,5,2,40,56,71,1,56
6,7.21,3,7,0,78,65,88,1,72
6,9.51,2,5,1,93,60,55,1,77
4,9.28,0,3,2,65,71,54,1,64
4,7.04,0,2,2,69,64,64,0,53
2,5.11,3,6,3,48,71,51,1,63
2,8.18,2,2,2,83,100,67,1,69
5,8.71,1,5,3,72,80,80,1,74
1,6.47,2,5,5,65,93,51,1,72
5,7.38,1,6,5,81,58,96,0,74
2,9.96,3,6,5,49,41,60,1,84
1,7.88,2,3,2,81,74,51,0,67
5,6.76,0,3,2,71,55,90,0,54
3,8.14,4,4,0,78,55,93,1,70
3,5.9,0,1,2,100,72,97,0,51
1,6.0,1,3,4,95,90,88,0,64
4,9.62,3,1,4,86,89,55,1,78
1,6.2,2,5,5,81,63,49,1,70
5,6.55,3,4,4,87,70,95,0,72
6,7.72,3,4,0,87,81,49,1,70
3,9.5,1,7,2,91,62,91,0,81
6,8.91,3,7,0,72,56,41,0,77
3,5.22,2,7,2,66,72,66,1,64
5,8.47,0,4,3,82,76,91,1,68
3,7.52,3,2,0,68,75,69,1,61
1,7.38,2,6,5,58,95,72,1,77
6,8.46,2,7,4,57,95,55,0,82
2,5.98,1,6,4,74,58,49,0,65
6,9.91,3,5,4,86,60,54,0,86
5,8.23,1,2,2,67,78,65,0,61
2,6.83,0,2,2,77,79,100,1,55
6,8.0,0,4,0,49,58,95,0,54
5,6.08,2,2,5,42,47,54,0,55
4,8.17,3,5,1,81,65,45,0,73
1,5.14,2,5,2,68,80,56,0,60
3,6.71,3,7,1,55,90,84,1,71
3,8.74,1,2,1,75,99,40,1,65
3,9.04,0,6,2,40,57,89,1,65
4,6.26,0,5,0,93,53,62,0,56
1,7.7,1,6,5,57,57,73,0,72
6,7.64,4,1,1,43,76,74,1,60
6,7.11,4,2,0,44,67,99,1,58
1,6.14,4,4,0,60,97,82,0,64
2,8.52,3,7,5,43,99,64,0,85
1,6.26,1,4,2,90,72,40,0,61
3,9.56,3,5,5,59,45,64,0,81
6,7.64,3,5,1,58,46,77,0,66
1,9.35,1,4,0,74,99,55,1,70
6,6.45,3,1,1,91,100,86,1,62
1,9.04,1,4,0,84,44,80,1,65
5,5.57,4,2,2,96,66,51,1,63
3,8.83,4,4,0,96,47,49,0,75
1,6.93,3,3,2,63,77,66,0,64
4,7.35,0,1,2,59,72,95,0,51
1,5.83,1,7,1,89,96,78,1,67
5,5.09,2,1,1,67,51,81,1,45
4,8.33,2,4,5,96,76,46,0,80
4,7.94,3,3,1,77,100,45,1,70
1,8.11,0,2,3,63,76,84,0,59
5,6.28,1,4,1,59,54,50,0,53
4,6.2,4,2,1,63,56,63,1,58
3,9.15,3,3,5,45,76,96,1,76
2,8.81,1,7,0,77,90,79,0,75
3,6.68,1,4,5,93,81,64,1,70
6,8.19,1,4,3,100,68,76,1,72
6,9.14,0,2,3,64,42,42,1,60
5,9.44,1,4,0,71,50,43,1,65
4,5.03,0,3,1,56,65,43,1,44
3,9.07,0,4,5,56,79,96,1,71
3,6.75,1,7,4,44,96,80,1,70
2,8.59,4,7,2,56,84,40,1,83
5,6.86,1,5,3,97,45,69,1,67
4,8.03,4,3,0,48,74,54,0,65
5,8.23,3,1,4,59,63,84,1,66
1,7.02,2,2,2,41,90,70,0,57
3,7.56,3,6,4,58,78,76,0,77
5,8.63,0,6,1,48,73,89,0,65
5,7.38,3,3,0,98,93,44,1,69
2,5.07,2,6,2,79,63,82,1,62
1,5.06,2,1,2,58,58,60,1,46
6,8.31,4,1,1,84,52,74,0,66
3,9.24,3,3,1,95,96,43,1,78
2,8.93,0,1,1,43,82,46,0,54
5,6.55,0,1,0,45,48,97,1,39
3,7.36,4,6,3,75,58,68,1,78
6,6.17,4,5,4,50,90,75,1,72
5,9.95,3,4,0,60,71,74,0,73
1,6.3,4,6,0,81,60,71,0,69
3,7.08,2,6,4,87,71,81,1,76
2,8.41,0,5,2,64,96,91,1,68
1,9.38,2,4,4,69,85,50,0,79
6,5.26,1,1,1,57,51,89,0,41
6,6.51,2,4,2,64,68,72,1,61
3,7.84,0,7,0,90,72,92,0,68
6,8.09,1,7,4,60,40,80,0,72
4,5.35,3,5,0,62,88,96,1,60
2,8.32,1,2,5,100,43,56,1,69
3,7.64,4,2,0,69,52,51,1,62
4,9.14,0,4,4,83,62,40,1,72
6,6.11,4,7,5,85,67,95,0,82
3,5.98,2,2,5,99,82,62,1,67
4,8.97,3,3,5,57,89,46,0,78
6,8.52,0,2,0,91,51,53,1,57
5,8.96,3,4,3,72,58,80,0,76
5,8.91,0,1,3,84,91,83,1,64
1,5.52,4,5,0,100,72,92,0,67
5,6.39,2,2,2,98,57,79,1,60
4,6.3,1,4,2,74,73,46,1,59
2,9.67,3,7,2,85,69,53,1,87
5,7.44,0,5,2,61,82,73,1,62
3,5.56,0,3,3,89,86,41,1,56
3,6.45,3,1,2,63,86,100,1,58
3,9.36,1,6,4,62,45,59,1,76
5,9.24,2,5,2,90,43,56,1,76
5,9.5,0,6,4,40,51,49,0,71
1,6.94,0,7,3,54,62,92,1,64
2,8.21,3,5,4,87,67,44,0,80
2,6.39,3,4,5,67,50,72,1,68
6,5.9,0,3,4,99,67,76,1,59
1,5.11,0,7,0,81,79,75,1,57
4,6.12,0,2,4,59,73,83,0,53
3,8.02,4,3,5,100,87,85,0,84
5,9.52,0,1,0,75,73,97,0,58
6,5.67,2,6,5,82,60,50,0,70
6,9.59,2,2,2,55,75,60,0,68
5,6.73,1,6,4,44,67,43,1,65
1,7.13,3,3,4,90,97,64,0,75
6,6.82,1,1,1,82,73,80,0,53
2,7.04,0,5,2,89,96,74,0,66
1,6.3,3,5,4,54,80,74,0,69
5,8.49,0,6,4,41,68,74,0,68
1,8.79,3,6,1,63,65,78,0,76
2,9.12,4,5,0,52,52,72,0,72
3,6.71,4,7,2,62,99,52,1,78
5,8.82,4,6,1,51,91,43,0,79
2,8.19,1,5,2,85,73,96,0,71
5,9.79,3,7,2,72,58,83,1,84
2,7.12,1,6,0,83,47,79,1,62
2,9.96,3,2,0,84,68,90,1,72
6,8.7,0,6,3,64,82,95,1,72
6,8.88,4,5,1,74,79,77,0,79
6,5.13,4,2,5,74,55,81,0,63
3,7.49,3,2,1,40,67,84,0,57
3,7.64,1,3,2,82,69,69,0,63
2,5.2,1,5,3,43,62,66,1,54
4,6.56,2,7,3,97,68,74,0,75
5,9.78,4,4,2,70,59,67,0,80
6,7.13,4,6,0,67,56,80,0,70
5,5.93,1,5,3,50,65,81,0,58
2,7.57,4,4,1,71,96,84,0,73
1,5.17,1,5,0,41,86,87,0,50
2,7.58,2,2,4,99,78,94,1,70
3,7.97,3,5,3,90,100,47,1,81
4,6.79,3,5,2,83,72,65,0,71
1,8.81,2,7,1,98,53,82,1,79
5,5.68,4,5,3,52,70,73,1,67
3,9.39,0,5,2,56,55,100,0,67
6,9.78,4,3,1,90,60,90,1,78
1,5.01,1,6,3,43,74,68,1,57
3,9.21,0,3,1,70,89,94,1,64
5,7.53,2,2,4,77,58,41,0,65
2,7.31,3,2,1,42,45,45,0,55
5,6.19,3,4,2,82,99,87,1,69
1,7.24,4,2,3,93,62,55,0,71
1,9.75,3,3,2,51,65,46,0,72
2,6.05,4,2,4,83,48,50,0,65
1,5.9,1,4,5,57,52,98,0,59
4,6.21,1,4,0,69,97,55,0,57
6,7.76,2,3,1,85,83,45,1,66
3,9.65,1,7,2,50,54,76,0,74
2,7.87,4,2,5,63,71,48,1,73
5,6.22,3,6,3,60,98,42,0,72
5,7.2,1,4,3,88,78,92,0,67
6,6.95,1,7,0,93,83,68,1,69
1,5.23,4,7,3,87,56,92,1,74
1,7.55,1,2,4,74,84,47,1,64
5,5.63,3,2,0,43,94,79,1,51
6,9.21,3,6,4,65,68,56,0,84
5,7.74,3,7,1,47,88,77,1,74
1,9.22,3,3,4,63,100,83,0,79
2,9.78,0,3,1,82,79,45,0,67
3,9.72,3,2,4,84,57,86,1,78
1,5.5,0,5,0,95,73,50,1,55
2,9.72,3,5,1,51,88,49,1,77
3,8.98,3,1,5,44,64,100,0,69
4,8.89,4,1,4,55,51,41,1,70
6,5.45,3,1,4,71,84,92,0,59
2,5.9,1,3,3,68,54,68,1,55
4,9.88,3,2,4,72,82,45,1,79
1,6.07,2,6,3,80,63,90,0,68
6,5.85,4,6,4,53,48,88,0,70
2,6.81,4,4,2,98,79,48,1,74
1,9.57,3,2,3,64,59,41,0,72
6,7.38,2,2,0,47,64,43,1,53
6,9.6,3,1,0,66,86,96,1,67
1,6.67,1,2,1,74,63,80,0,53
1,6.13,4,6,5,61,88,79,1,78
2,7.48,4,1,5,46,65,69,0,66
6,8.08,2,2,0,75,53,43,0,59
2,6.96,0,4,1,86,44,40,1,56
6,6.73,2,5,0,51,87,82,1,60
2,6.09,1,5,3,97,96,50,0,69
1,6.38,2,3,2,94,68,46,0,63
1,8.37,0,4,1,48,99,57,1,61
5,6.85,1,6,2,93,47,47,1,67
2,5.4,1,2,4,89,56,69,1,55
5,5.69,0,4,4,93,93,54,1,63
5,6.86,3,2,2,84,82,97,1,65
4,9.62,2,4,3,74,61,49,0,76
6,6.9,1,4,2,78,57,85,0,61
3,5.3,2,5,2,58,66,98,0,58
4,7.09,0,4,2,67,41,41,0,55
6,8.34,4,3,1,68,40,81,0,68
3,7.97,0,2,1,47,93,90,0,54
5,6.39,2,1,2,82,80,54,1,57
3,8.44,1,4,5,66,47,61,0,70
1,8.15,2,1,3,44,60,91,1,58
1,5.86,4,5,4,87,63,73,0,74
2,5.81,1,1,4,68,41,88,0,50
6,7.74,4,3,4,74,83,42,0,76
4,8.3,3,3,0,100,98,43,1,73
5,9.81,0,5,3,72,77,64,0,75
6,7.11,3,6,1,71,67,96,0,70
5,8.82,2,3,4,60,73,44,1,72
1,5.58,3,2,1,49,95,51,1,54
4,9.45,0,6,1,81,51,92,0,71
4,8.17,1,3,1,55,89,94,0,61
1,8.15,4,6,5,50,44,63,1,80
3,5.71,1,4,1,58,84,58,0,54
4,5.2,3,7,2,91,99,71,1,73
3,8.51,2,3,1,52,94,51,1,65
5,5.59,3,6,0,54,94,76,1,63
4,5.63,0,2,1,81,75,94,1,48
2,5.94,0,5,4,75,47,86,0,59
1,5.49,2,3,1,71,69,66,0,54
3,8.13,1,2,4,58,94,57,0,65
2,7.11,0,4,1,54,49,64,0,52
5,6.33,0,7,3,77,60,90,1,65
5,7.2,2,1,2,61,85,62,1,58
4,9.22,1,1,4,88,91,99,0,71
4,9.64,3,5,0,52,73,96,1,74
2,7.44,4,5,1,59,73,96,1,71
6,7.83,2,1,4,88,43,42,0,64
6,6.29,1,1,5,54,95,41,0,57
4,7.57,4,5,2,46,50,50,0,69
6,8.74,2,1,5,94,61,85,1,72
1,7.46,3,3,1,61,80,92,1,64
2,6.51,3,6,2,82,89,76,0,74
1,7.91,1,7,0,89,100,69,0,74
6,9.73,1,7,4,59,62,52,1,81
4,9.44,3,2,0,99,88,79,1,74
1,8.85,3,6,2,58,73,45,0,78
5,6.38,2,5,3,66,69,51,0,65
4,6.21,1,2,3,47,98,78,1,55
2,9.19,4,4,5,57,64,82,1,82
3,5.91,3,4,4,49,100,47,1,67
3,8.03,4,3,1,89,63,48,0,72
4,7.19,1,4,5,88,64,43,1,70
6,7.34,1,5,0,80,69,76,1,62
1,7.27,0,3,3,74,78,75,1,60
1,9.5,3,6,3,54,83,71,1,83
4,5.44,1,3,1,95,55,96,1,53
5,8.91,1,7,0,62,49,51,1,69
2,9.18,3,5,2,51,70,57,1,75
6,9.71,0,1,5,88,99,100,0,73
5,7.26,0,7,3,66,50,70,0,66
4,7.5,0,2,4,45,48,86,0,53
4,9.81,0,5,4,63,75,79,0,75
5,7.29,2,7,2,61,87,82,0,73
3,7.52,3,1,1,48,58,85,0,55
4,6.66,3,1,1,49,91,78,0,55
2,5.16,3,4,5,42,44,68,0,59
6,7.17,0,6,3,45,51,87,0,60
5,8.28,0,7,5,65,49,94,1,74
3,8.45,1,7,3,84,53,79,1,77
5,5.03,2,3,3,53,59,68,0,52
3,9.01,3,3,2,75,59,66,1,72
3,7.46,2,4,2,81,83,50,1,69
2,7.6,3,4,3,99,94,72,1,78
6,9.81,0,3,1,58,75,88,0,64
4,6.42,0,5,0,87,91,78,0,59
3,8.81,3,5,3,95,64,57,0,82
4,7.87,4,5,1,78,80,83,1,76
6,8.5,0,5,1,62,85,59,1,65
4,7.09,1,4,4,44,44,67,1,59
2,6.4,0,2,5,83,80,61,0,60
2,7.73,1,2,0,54,66,71,0,53
1,6.87,2,3,3,69,41,60,0,60
2,6.11,0,2,0,72,51,76,1,44
3,9.2,0,5,3,93,67,66,0,74
6,7.38,2,4,5,77,83,77,1,74
2,9.24,1,5,0,58,52,65,1,65
5,7.37,4,1,0,44,60,62,0,55
6,7.78,1,4,1,48,82,73,1,60
3,9.98,3,1,0,46,94,51,1,66
6,9.76,3,1,0,63,47,50,1,63
2,6.36,3,7,5,80,99,75,1,82
5,9.34,2,3,3,93,92,71,1,78
1,6.95,1,1,1,55,51,78,1,48
3,5.36,0,7,0,76,80,76,0,57
3,7.88,3,2,1,49,83,82,1,62
6,9.89,1,2,1,60,50,99,0,62
4,9.87,0,1,2,60,58,55,1,60
4,5.63,1,3,3,86,100,81,1,61
5,8.86,2,1,2,54,99,70,0,65
1,9.01,3,7,1,52,47,80,0,75
1,6.84,4,4,5,91,66,45,0,78
6,8.29,3,4,5,89,96,52,0,83
6,7.44,3,4,0,94,46,75,0,66
4,6.14,2,4,3,46,60,50,1,58
2,8.81,0,1,4,79,96,50,0,66
1,6.31,3,5,3,47,66,99,1,65
2,6.7,0,5,2,82,53,87,0,60
1,5.95,0,6,3,95,71,97,0,65
2,8.6,2,4,0,80,68,59,1,68
2,7.29,3,7,3,77,63,68,1,78
1,7.22,2,7,4,91,67,58,0,79
5,8.02,2,6,5,41,63,100,1,74
5,5.79,4,6,2,76,93,69,1,73
6,9.49,2,3,2,61,41,45,0,67
2,7.33,4,3,1,94,91,95,1,72
2,6.83,0,1,2,93,70,56,0,54
2,5.63,0,5,4,43,51,57,0,53
2,5.84,1,7,4,91,40,75,0,68
2,9.6,1,7,5,86,99,94,0,90
4,7.28,0,1,2,46,97,99,0,51
3,8.61,3,2,5,40,60,57,0,69
2,5.4,1,7,3,58,68,82,0,62
4,8.22,2,7,4,97,69,51,1,84
5,9.61,1,4,2,69,81,81,0,72
2,6.5,0,2,2,89,40,99,1,51
5,7.9,3,2,3,41,61,95,1,63
6,9.7,0,6,5,94,81,42,0,84
3,8.6,3,7,2,92,47,86,1,82
1,5.31,1,3,0,52,52,57,1,44
3,6.89,2,7,1,67,53,55,1,67
2,5.43,2,5,4,53,81,78,1,63
2,9.31,0,6,3,42,40,82,1,67
3,8.11,3,6,3,55,71,67,0,76
3,9.78,1,4,1,64,77,81,0,70
6,5.1,3,1,0,85,51,48,1,49
5,7.12,3,4,1,86,91,59,0,70
1,5.52,3,1,2,96,86,57,0,59
3,6.75,1,1,5,42,84,64,1,56
1,5.81,3,5,3,73,86,97,1,69
3,6.64,2,2,5,42,96,60,1,62
5,9.1,0,1,5,80,99,84,0,69
1,5.8,4,5,5,68,55,65,1,72
4,7.37,3,2,5,79,63,62,1,70
5,9.61,2,6,2,58,83,49,0,79
1,9.99,2,6,3,59,59,92,1,80
3,6.25,0,2,5,60,82,83,0,56
3,9.68,0,4,3,59,83,52,0,70
5,6.31,4,4,5,67,71,92,0,73
5,7.07,4,7,2,86,66,93,1,80
3,9.39,4,4,1,66,73,76,1,77
1,8.93,1,7,5,83,100,95,1,87
4,9.29,1,7,4,85,100,98,1,87
6,9.0,2,3,4,89,61,51,0,75
5,6.18,0,2,1,98,42,98,0,50
3,7.79,3,3,0,64,56,75,0,62
1,6.93,0,4,1,41,53,42,0,50
5,7.3,1,5,1,92,66,53,1,66
1,5.77,2,4,1,82,78,74,0,60
5,6.58,3,1,4,96,59,73,1,65
3,9.29,4,5,3,63,85,79,1,84
1,9.49,4,7,0,72,70,68,0,83
3,8.05,1,7,0,58,80,69,0,68
1,7.49,2,5,0,65,70,46,1,64
5,8.56,0,7,2,85,68,93,0,74
6,8.04,1,2,5,80,81,41,0,69
6,9.92,0,3,1,42,97,57,1,64
4,5.95,3,1,3,66,82,65,0,58
4,7.25,0,5,3,53,71,56,1,61
2,9.59,3,3,2,59,69,85,1,73
3,9.57,2,3,4,74,82,51,1,77
1,7.48,1,1,2,62,66,97,0,54
4,5.67,0,1,2,64,58,89,1,44
5,9.07,2,4,1,43,100,96,0,69
6,7.93,2,7,4,96,67,71,0,83
1,8.87,0,7,5,41,84,88,0,76
2,7.31,4,4,5,41,49,68,1,71
6,6.02,4,5,2,64,55,87,1,66
1,5.12,3,5,5,86,70,49,0,70
4,7.8,2,5,3,62,49,75,1,68
4,5.81,1,4,1,60,49,41,1,51
3,5.94,1,5,5,92,67,76,1,68
2,7.18,2,5,4,84,51,53,1,71
1,7.21,4,4,3,64,72,49,0,72
2,6.37,2,4,0,66,67,79,1,57
5,5.66,3,5,1,91,57,40,1,64
2,9.72,2,5,3,50,91,80,1,78
4,5.66,0,3,2,53,67,94,0,48
3,6.75,4,2,2,56,67,60,0,62
4,6.52,0,4,1,93,82,44,1,59
6,9.33,0,2,4,54,78,48,1,65
4,7.05,2,7,2,85,53,48,0,72
1,5.62,2,4,3,90,47,57,0,61
3,5.05,1,6,0,70,69,95,0,54
1,8.61,0,7,4,73,75,44,0,77
5,8.57,2,7,1,75,42,55,1,74
5,7.09,1,3,2,96,49,73,1,61
4,5.63,0,7,4,79,48,96,0,63
3,6.86,1,2,0,83,86,43,1,55
2,7.95,4,3,4,52,79,60,0,73
3,8.52,3,1,4,100,52,94,0,72
3,5.39,0,7,1,94,61,89,1,60
3,7.78,2,2,0,57,96,76,0,59
4,6.38,4,2,0,56,63,79,1,56
1,8.09,1,6,4,84,46,83,1,74
4,8.24,3,2,2,83,52,53,1,67
2,9.55,0,1,4,78,45,66,1,64
1,7.05,3,7,3,67,49,88,1,74
2,7.69,4,1,2,65,90,51,0,67
6,6.34,3,7,1,87,99,66,1,75
6,6.43,0,3,0,53,50,95,0,45
1,5.23,4,1,5,76,68,73,1,62
4,6.43,1,4,2,50,55,43,1,55
2,5.32,0,5,1,71,93,82,0,55
2,9.82,3,2,4,63,59,83,1,75
5,8.12,0,7,1,92,60,90,1,70
2,5.87,4,3,3,97,94,41,1,71
4,5.58,3,3,5,92,68,81,0,68
5,6.85,1,7,1,70,53,81,1,64
4,6.54,2,3,5,79,94,71,1,69
3,6.4,1,3,5,80,99,41,0,67
2,7.34,0,2,2,89,80,97,0,58
3,9.56,2,3,0,47,55,61,0,63
6,7.84,4,2,2,78,48,58,1,67
6,7.61,3,3,2,47,45,65,1,61
1,9.03,3,3,0,86,77,59,1,72
2,5.02,4,5,3,70,68,75,1,66
5,5.99,0,7,2,58,57,57,1,59
3,7.48,1,4,0,75,63,91,1,59
4,8.53,2,1,0,78,90,89,1,62
2,7.43,4,1,2,71,56,53,1,63
1,5.82,0,1,5,60,75,59,1,51
4,9.65,0,4,0,62,60,84,1,63
3,6.64,2,2,5,93,58,63,1,66
2,8.94,4,1,4,75,62,86,1,74
3,9.46,1,1,2,54,66,86,1,61
2,6.73,1,1,5,41,92,96,0,57
2,9.23,4,7,3,51,50,70,1,83
3,8.55,3,2,4,77,65,91,0,73
3,9.52,1,4,3,45,92,75,1,72
4,6.26,3,4,5,85,93,54,0,75
1,9.66,4,6,2,77,50,85,0,84
3,5.33,0,6,1,40,82,46,0,51
6,8.97,4,2,0,77,61,88,1,69
1,7.18,0,7,4,89,96,62,0,76
6,5.89,4,5,2,65,58,68,0,66
4,5.4,3,3,0,92,47,80,0,55
3,6.95,3,2,5,87,98,43,0,73
1,6.95,4,3,1,62,62,70,1,63
3,6.15,0,4,3,97,87,57,0,63
2,6.08,4,3,2,40,96,84,1,62
3,7.0,0,6,2,60,92,70,1,64
1,7.05,3,1,5,96,62,86,0,69
3,7.21,2,3,1,58,79,75,1,60
3,9.34,1,6,3,68,48,57,0,75
5,8.06,3,3,2,89,63,49,1,71
5,5.1,4,4,5,65,51,46,1,66
1,7.6,4,7,0,73,51,77,1,74
1,8.81,0,7,5,90,71,84,0,82
2,5.28,1,5,1,56,41,67,1,50
2,7.11,3,3,2,57,98,98,1,66
3,7.26,1,7,5,93,45,57,1,76
6,9.77,1,4,3,71,43,70,0,72
1,7.38,3,1,4,95,100,93,0,72
3,8.75,0,3,2,43,52,48,0,57
6,6.51,0,3,3,69,75,82,1,56
5,8.9,0,1,1,70,80,55,0,57
2,6.61,2,6,3,57,78,79,1,68
1,7.15,1,7,3,44,77,64,1,68
3,7.4,2,6,1,71,57,76,1,68
5,9.63,0,6,4,68,54,69,0,76
4,5.27,3,2,5,51,87,86,1,60
5,5.98,1,5,0,54,72,97,0,54
3,8.53,3,1,4,54,81,41,0,68
2,7.89,4,7,0,74,69,44,1,77
6,6.26,1,6,0,92,75,81,1,63
4,6.45,3,1,0,74,64,69,1,54
4,6.84,0,1,2,82,43,58,1,49
2,7.25,2,2,4,91,57,53,1,66
4,9.09,3,1,3,92,84,66,0,74
1,5.07,4,2,2,53,95,69,0,58
3,9.49,0,5,1,78,93,84,0,72
4,7.07,4,2,1,57,72,53,1,62
5,6.15,2,5,0,77,59,70,1,59
6,7.54,4,5,2,61,81,75,1,74
3,8.3,3,5,5,77,60,78,0,81
2,5.22,3,4,5,94,40,89,1,67
5,8.58,0,5,2,50,73,69,0,64
1,8.8,2,2,1,42,48,77,0,58
4,5.83,2,4,3,100,40,86,1,63
5,5.84,1,7,4,92,86,50,0,73
3,6.02,1,7,4,53,66,56,1,66
5,8.98,3,1,0,83,54,49,1,64
1,6.36,4,7,0,64,63,55,0,69
6,8.98,4,1,0,53,99,90,1,67
4,7.7,0,3,1,86,98,50,1,62
3,8.84,2,5,1,70,64,78,1,71
4,7.77,3,7,5,64,73,98,1,83
4,6.68,4,3,4,94,83,67,1,75
2,9.55,1,5,5,80,89,60,1,83
4,8.58,3,7,5,58,94,67,1,87
5,7.42,0,5,0,51,49,95,0,54
5,8.19,3,7,5,46,69,94,1,81
6,8.08,4,6,2,88,84,62,1,83
1,6.79,0,2,5,53,80,85,0,57
3,7.12,1,2,3,68,97,40,0,61
5,6.59,1,1,1,86,64,88,1,52
4,10.0,4,4,5,53,42,100,1,82
1,7.9,0,1,0,62,94,93,1,52
3,5.46,1,5,0,90,61,52,0,56
3,7.6,0,6,1,90,79,47,1,67
3,5.25,3,4,4,53,85,58,1,63
3,6.44,2,3,4,62,95,63,0,65
6,7.23,2,5,4,47,63,79,0,67
3,7.67,2,2,4,52,95,88,0,66
1,9.88,1,1,2,75,66,98,1,65
5,9.91,4,1,0,83,65,76,1,72
1,5.49,2,3,4,40,55,64,1,54
4,7.69,4,1,4,76,77,82,0,71
2,9.09,2,1,5,65,80,65,1,71
6,6.19,3,7,3,43,92,85,1,71
6,8.75,2,4,3,55,43,81,1,68
4,9.39,4,5,0,64,62,66,0,76
1,8.31,1,4,5,58,58,71,1,69
1,6.64,3,4,1,59,95,83,0,65
4,9.62,4,1,4,65,54,42,0,75
2,9.42,0,7,2,90,70,80,0,78
3,8.58,2,5,3,71,63,100,0,74
3,6.82,3,1,4,42,50,82,0,57
5,8.96,1,6,1,87,92,48,0,76
1,6.58,0,7,2,46,49,40,1,58
1,6.26,2,6,3,71,47,57,0,66
4,7.58,3,7,5,44,42,42,0,76
4,9.99,4,1,1,60,58,53,1,70
3,9.02,2,4,1,69,43,71,0,67
1,8.65,3,6,5,59,68,43,1,83
1,7.26,2,2,2,97,84,99,0,66
6,6.56,3,6,2,68,80,76,1,71
5,9.28,4,2,3,63,60,60,1,74
5,7.84,2,7,2,40,93,81,0,73
3,9.07,3,4,4,82,91,66,1,83
2,7.44,0,4,2,64,84,44,1,60
1,8.77,1,1,5,66,48,42,1,64
6,9.34,3,5,1,64,91,61,0,78
1,6.96,3,6,2,98,90,59,0,78
4,5.07,3,1,3,60,87,80,1,54
3,6.27,2,1,4,56,57,83,0,55
2,9.57,1,3,2,67,58,41,1,67
5,8.44,2,1,4,71,56,82,0,65
1,8.69,3,5,2,83,83,40,1,79
2,6.63,3,1,4,89,82,62,1,66
3,8.51,1,4,2,73,63,87,0,67
5,8.23,0,5,2,61,88,64,1,66
1,5.89,2,6,0,81,45,65,1,60
6,9.84,0,4,1,96,70,96,1,71
3,6.77,3,7,3,58,66,42,1,73
1,6.65,3,3,3,87,86,99,0,69
5,6.85,4,3,0,47,73,70,0,60
5,5.46,4,5,2,41,85,66,0,64
6,8.12,0,6,1,44,66,52,1,61
3,6.19,4,7,4,67,66,86,1,77
3,9.02,1,2,0,43,74,72,1,57
2,6.97,0,7,3,92,96,64,0,73
1,7.29,4,2,3,75,51,94,1,67
2,8.23,4,5,5,40,68,95,1,79
5,8.81,1,5,5,54,96,98,1,77
5,6.16,1,7,3,52,45,55,0,62
6,9.83,0,7,2,70,94,86,0,79
6,8.11,2,4,5,56,76,77,0,73
3,5.03,1,3,4,45,46,65,1,49
2,7.08,4,5,4,63,45,93,1,73
5,7.18,0,1,4,94,92,98,0,61
1,9.05,2,4,2,91,58,86,1,74
4,6.53,0,3,3,52,53,91,0,52
1,6.66,4,4,5,60,89,57,0,75
6,5.35,2,3,5,63,60,56,0,59
1,6.42,2,1,3,93,53,85,1,58
5,8.58,1,3,2,95,79,93,0,70
2,8.17,3,4,1,61,53,64,0,67
3,5.41,4,7,2,68,92,97,1,73
2,5.57,3,3,2,63,90,65,0,60
4,6.88,4,4,3,83,71,57,0,74
3,8.72,0,5,4,51,65,88,1,68
4,9.16,3,1,3,59,42,40,1,66
4,5.07,2,4,5,81,54,85,0,63
5,6.65,1,2,1,73,60,46,0,52
5,7.12,4,2,0,54,69,69,1,59
6,9.56,1,6,5,90,87,72,0,87
6,7.51,4,6,0,92,96,64,1,79
4,6.35,2,3,2,43,86,64,1,57
2,6.95,2,5,0,92,53,66,0,64
6,7.18,2,5,5,53,86,74,0,72
5,8.35,2,2,4,40,95,82,1,66
6,5.21,2,3,3,72,78,57,0,58
4,6.95,1,5,1,99,76,96,0,66
3,8.23,0,5,1,89,80,69,1,67
2,6.42,3,7,1,86,87,53,0,74
2,7.96,1,3,5,82,67,74,1,70
1,6.79,3,4,5,89,41,73,0,72
6,8.79,0,2,3,68,61,59,0,61
2,5.3,4,6,4,95,94,54,1,78
5,9.59,0,7,1,49,46,46,1,68
3,5.86,0,5,0,75,83,52,0,54
5,5.79,4,7,4,53,71,75,0,74
6,9.2,3,7,4,61,98,79,1,88
4,9.35,2,4,5,89,100,99,1,85
1,5.46,4,4,5,72,55,92,0,69
1,9.54,4,4,4,67,75,73,1,84
3,6.37,0,4,1,46,41,52,1,47
2,8.09,4,1,4,75,56,97,1,70
2,5.34,1,1,5,75,88,43,1,56
2,6.9,2,6,1,89,42,52,1,67
1,7.25,0,3,0,80,87,87,1,56
4,8.0,3,2,5,73,62,83,1,72
2,7.63,3,3,0,76,98,52,1,67
5,7.31,3,7,0,45,76,62,0,69
2,9.8,3,1,5,74,78,68,1,78
4,5.93,3,3,5,66,67,72,0,65
3,5.79,0,3,0,69,84,62,0,48
3,8.57,1,4,4,71,80,42,1,72
1,5.37,1,5,4,58,47,71,0,57
4,7.41,3,1,1,61,72,94,1,58
5,7.42,1,1,0,60,43,42,0,47
4,6.55,2,3,2,44,92,51,0,58
5,9.65,1,5,0,60,46,99,1,66
5,6.41,4,3,3,80,50,95,1,67
4,6.44,3,2,2,95,79,43,0,65
6,6.17,4,1,3,59,47,72,0,58
4,5.73,4,4,2,77,59,71,0,65
5,6.82,3,4,5,70,82,56,0,73
2,8.4,0,4,1,76,78,91,0,63
3,8.71,1,6,4,98,67,48,1,81
3,9.07,2,6,1,45,50,44,0,70
1,5.99,0,1,2,70,89,100,1,49
3,5.18,2,1,0,86,96,60,1,51
6,9.87,3,4,1,82,61,42,1,77
5,5.07,1,7,2,63,75,92,1,60
4,9.8,0,1,0,93,45,78,1,59
4,9.14,3,4,4,93,46,42,0,80
6,9.56,0,2,2,57,49,76,0,59
3,6.94,4,2,3,94,79,83,0,71
5,5.99,1,2,3,99,43,74,0,56
3,8.03,1,3,3,68,48,72,1,62
1,8.71,3,3,0,99,77,93,1,72
3,5.65,3,5,0,100,88,42,1,66
1,8.99,3,5,1,90,58,87,0,77
4,6.04,1,5,0,51,85,57,0,55
5,7.46,4,2,2,51,72,42,1,64
2,9.28,1,2,3,68,77,68,1,68
1,5.97,3,2,4,100,61,76,0,66
3,6.21,2,1,5,46,78,44,1,57
3,5.31,4,1,3,55,40,48,1,53
4,5.73,1,2,2,51,88,51,0,50
6,5.73,2,4,5,60,92,55,1,66
2,6.02,4,5,4,43,60,66,1,68
6,6.43,1,3,1,81,88,48,1,58
3,9.07,3,5,0,99,46,89,1,76
6,9.58,1,4,2,56,85,98,1,71
2,7.03,4,6,5,67,46,93,1,78
2,5.64,3,1,0,70,61,100,1,50
5,6.12,0,7,1,86,52,96,0,61
6,8.68,2,2,4,47,62,96,0,66
5,8.39,3,1,5,85,99,82,0,76
3,9.84,3,1,2,89,61,61,0,73
3,5.07,4,4,4,65,65,56,0,65
3,8.75,4,1,5,79,57,40,0,75
4,7.53,2,1,5,85,92,96,1,69
6,9.51,4,7,2,94,46,42,0,88
1,7.88,3,5,1,87,41,44,1,71
2,7.23,2,5,1,70,92,61,0,68
1,8.33,2,6,1,58,58,40,1,69
3,9.17,1,4,0,98,53,86,1,68
6,6.41,3,7,3,46,64,88,0,70
5,5.54,3,2,4,88,97,43,0,66
1,7.17,4,7,2,44,72,61,1,74
3,6.07,3,5,4,52,87,63,1,69
1,7.15,4,7,3,57,78,94,0,79
1,9.96,3,6,0,57,97,71,0,80
2,7.87,1,1,0,90,87,85,1,58
1,8.47,3,6,3,94,59,41,0,82
3,8.39,1,6,5,89,83,75,0,81
2,9.1,3,3,2,59,44,44,1,69
3,9.72,3,5,3,91,88,95,1,87
4,8.29,0,6,0,88,60,46,0,66
4,7.38,3,6,5,62,98,75,0,81
4,6.59,1,3,0,75,95,79,0,56
1,6.8,2,2,5,88,52,82,0,65
6,6.67,1,1,4,90,53,47,0,58
3,6.62,3,5,2,79,93,75,0,72
4,8.47,4,7,2,91,100,82,1,89
6,7.94,0,2,0,72,55,51,0,52
4,6.01,4,7,3,46,84,67,1,73
4,9.85,0,7,0,79,89,41,0,76
6,7.14,0,4,4,44,89,86,1,61
4,7.83,4,2,3,71,98,53,1,73
1,8.51,3,4,0,48,80,58,0,67
1,8.07,1,4,5,69,67,60,0,71
2,6.56,4,5,5,71,40,69,0,74
1,8.99,2,3,2,78,99,88,1,74
5,5.55,0,4,4,43,41,87,0,50
2,7.84,1,1,0,64,47,76,1,50
4,6.37,2,5,0,61,52,91,1,57
5,8.08,1,6,5,98,77,60,1,81
3,6.09,3,6,5,47,58,67,1,70
6,8.86,2,4,5,41,90,99,0,75
3,6.14,4,5,5,76,98,72,1,79
5,9.45,1,1,1,74,96,81,1,65
1,9.31,4,5,3,76,41,46,0,82
4,6.81,4,7,1,95,70,81,1,78
2,6.93,1,5,2,100,49,96,0,66
4,8.51,1,7,3,61,44,55,1,73
1,5.45,0,6,4,40,62,76,1,56
4,5.4,0,4,3,78,93,90,1,57
6,5.68,2,2,5,81,69,64,0,61
6,7.81,2,5,0,87,71,77,0,68
6,5.75,2,4,0,72,40,83,0,53
3,6.39,0,6,0,88,84,77,0,61
1,8.23,4,1,3,43,83,81,0,67
6,5.08,3,7,0,87,81,81,1,67
5,5.9,3,1,0,48,42,84,1,46
6,9.65,1,2,5,47,86,90,0,71
2,8.32,0,1,1,97,69,69,1,58
3,6.53,1,4,0,90,76,56,0,59
5,5.23,3,2,1,61,67,55,1,52
1,7.93,1,7,2,88,90,43,1,77
1,6.11,0,6,3,81,90,69,0,65
2,9.8,0,4,1,88,60,59,1,69
6,8.43,0,6,5,93,100,74,0,81
5,9.87,3,6,3,60,52,100,1,82
2,9.24,0,2,3,87,79,98,0,67
5,7.42,2,2,4,93,65,44,1,68
6,8.35,2,4,1,80,79,84,0,70
6,9.06,0,2,0,67,69,53,1,57
4,7.89,2,4,5,76,63,80,1,74
4,5.31,0,1,5,41,77,80,1,47
6,7.35,3,7,4,85,80,79,0,83
3,5.65,2,1,1,56,85,67,0,49
2,8.57,3,7,5,70,44,49,1,84
4,8.4,2,5,1,84,55,93,1,71
6,9.96,4,3,2,52,85,100,1,78
5,8.14,4,3,0,98,81,91,1,73
2,9.0,3,1,2,84,94,69,0,72
4,6.34,2,5,3,57,88,89,0,66
3,6.7,4,3,0,63,55,71,1,60
2,9.59,0,4,2,70,91,51,1,70
2,8.78,1,4,2,72,88,84,1,70
1,8.28,4,2,0,93,87,55,0,71
5,6.27,4,3,1,92,49,65,0,64
3,8.49,0,6,3,70,57,74,0,70
3,9.43,4,4,4,97,77,80,1,88
3,6.15,4,3,5,66,56,55,1,68
5,8.53,4,2,4,96,80,56,1,80
3,6.97,2,1,4,75,93,87,0,64
1,5.59,4,5,3,60,79,62,0,68
4,8.82,1,6,0,44,70,81,0,65
5,5.84,2,2,0,50,65,61,0,47
3,6.26,2,2,0,73,65,89,0,52
6,8.91,3,2,4,98,79,60,0,79
4,8.71,4,5,1,73,51,73,0,76
2,6.27,1,4,2,96,57,85,0,61
5,9.7,1,3,4,100,73,96,1,78
6,6.08,3,1,3,99,74,44,1,63
2,9.97,1,7,0,87,98,77,0,82
6,8.69,2,1,2,42,95,91,0,62
3,6.96,0,6,0,45,50,70,0,53
5,5.65,2,5,0,59,95,72,0,58
3,6.6,0,1,0,43,92,86,1,44
2,5.97,1,6,5,76,69,42,1,69
1,8.11,4,6,1,92,84,92,1,82
6,6.78,0,5,2,78,89,58,0,63
1,6.48,2,5,4,46,50,95,0,63
2,8.79,2,3,1,99,85,57,0,72
3,6.15,2,3,5,56,91,67,1,64
4,7.93,2,5,3,77,43,54,1,71
6,5.97,3,3,5,75,94,89,1,70
4,8.57,1,4,3,73,75,72,0,70
5,8.13,4,2,5,45,49,67,0,70
6,8.99,3,1,4,78,93,85,1,75
1,5.34,1,1,2,41,98,88,1,46
4,6.05,0,7,4,57,73,91,1,64
2,5.77,3,1,1,81,70,47,0,55
5,5.95,3,1,2,66,71,95,0,55
6,5.52,3,4,3,78,89,79,1,66
2,7.81,3,4,2,80,67,98,1,71
5,7.97,0,2,2,90,82,88,0,61
1,9.22,2,5,2,58,76,69,1,74
2,7.09,3,3,4,71,71,40,0,69
6,7.66,1,2,0,63,71,46,0,54
5,9.96,2,7,1,73,56,94,1,80
3,7.66,0,1,2,64,73,97,0,53
6,7.87,4,3,2,94,74,53,1,75
6,9.98,0,7,4,63,96,60,0,83
6,9.97,4,2,1,64,96,95,0,76
6,7.12,1,1,1,51,78,45,0,50
3,8.17,4,2,3,69,100,56,0,74
2,7.4,3,1,1,90,60,53,0,61
2,8.6,2,6,1,45,71,46,0,70
2,9.69,2,1,2,69,73,54,0,67
1,6.55,3,6,0,95,73,47,0,70
3,9.09,2,4,2,72,47,99,0,70
3,8.27,0,1,5,54,55,95,0,58
5,6.4,3,2,4,68,74,87,1,64
4,8.99,3,3,1,93,62,49,0,73
2,7.14,2,4,0,90,100,68,0,67
4,5.6,4,6,2,53,61,80,1,66
5,9.97,1,3,5,95,70,58,1,80
3,7.13,4,6,3,64,68,41,1,76
5,7.71,0,7,4,84,77,47,1,75
6,9.04,3,5,5,100,58,69,1,87
5,9.8,3,3,4,44,93,82,1,78
5,9.36,0,5,5,41,84,75,0,73
6,7.63,1,7,4,86,75,89,0,78
4,7.73,3,5,2,55,88,57,1,72
6,6.4,4,4,0,78,99,41,1,68
1,7.31,0,3,0,99,95,44,1,60
5,9.73,3,6,1,93,48,85,1,82
5,8.63,4,1,0,77,74,52,1,67
4,5.06,0,4,3,99,98,79,0,60
3,5.58,0,4,5,56,40,96,0,54
6,9.62,0,1,4,70,72,50,1,65
3,9.24,1,3,2,40,56,93,1,62
1,7.43,0,6,4,45,96,47,1,68
6,8.08,2,4,4,70,65,86,1,72
1,6.45,2,5,3,45,52,77,0,61
1,8.96,0,1,5,75,44,56,1,63
1,8.02,3,6,4,47,58,50,0,75
2,8.47,2,2,4,68,97,96,0,71
6,6.87,4,4,3,48,96,65,0,71
6,7.15,4,6,3,61,81,78,0,77
2,6.04,3,5,0,49,48,73,0,57
4,9.74,4,3,5,63,45,42,0,81
2,9.73,3,3,4,79,60,89,0,80
5,9.09,4,1,5,41,88,64,0,74
3,9.68,0,5,1,59,61,63,0,67
3,8.33,4,1,1,56,92,92,0,66
1,6.17,0,4,1,72,96,91,1,56
6,8.8,4,1,5,53,78,62,1,74
6,6.63,4,2,3,71,87,69,0,67
1,7.2,4,1,4,93,90,85,1,73
5,6.37,0,1,0,94,44,80,1,46
3,7.12,4,4,4,76,61,79,1,74
2,8.4,4,5,1,63,98,95,1,78
4,5.55,1,6,5,80,89,66,0,70
5,5.53,0,6,2,59,46,89,0,53
6,8.42,2,2,5,88,96,83,0,76
1,8.9,3,1,1,45,65,83,1,61
3,7.76,1,4,5,72,64,49,1,70
1,5.91,4,4,5,89,44,48,1,72
6,7.15,2,6,5,67,71,41,0,75
1,8.79,2,4,3,50,47,95,0,68
2,8.43,4,5,4,75,48,60,1,81
3,5.55,4,1,3,59,93,50,0,60
1,9.85,1,3,5,45,67,93,0,72
3,6.12,0,6,0,47,59,49,1,51
1,6.1,1,7,4,58,43,64,1,65
1,7.3,0,7,4,54,42,79,0,66
3,6.64,2,6,4,61,83,44,1,72
2,9.92,3,2,2,90,80,61,0,78
1,5.38,4,3,4,41,81,44,0,62
2,6.53,1,5,2,100,50,48,0,64
5,6.91,2,7,4,67,87,50,1,76
4,7.47,1,6,5,75,68,83,1,74
5,5.08,0,1,1,75,82,44,1,43
4,5.41,4,3,0,83,61,45,0,58
5,6.29,0,3,4,57,47,72,1,53
4,7.77,0,7,3,51,85,55,1,69
1,8.84,0,6,1,98,73,95,1,73
3,8.43,2,3,3,58,70,85,0,67
3,7.84,4,2,3,96,43,63,0,72
6,6.99,3,1,2,65,54,53,1,57
4,9.35,1,4,0,64,57,63,1,64
6,7.3,0,1,3,67,50,84,0,52
2,6.5,4,7,1,54,66,51,1,71
2,8.15,1,6,0,49,58,62,0,62
6,8.46,4,3,1,78,89,78,0,74
4,6.99,1,1,3,73,48,45,1,54
3,5.14,4,4,0,52,64,94,1,56
4,5.47,3,2,4,55,61,80,1,57
2,9.23,4,1,3,92,99,60,0,79
1,5.28,4,1,3,79,62,87,0,58
6,7.96,0,2,5,70,76,48,1,64
6,5.92,0,2,5,40,49,85,0,49
2,6.14,0,6,2,88,56,80,1,61
4,6.37,4,3,1,98,91,75,0,69
6,5.19,3,3,4,86,52,80,1,62
3,5.89,1,6,0,98,43,79,1,59
6,8.25,0,2,3,93,71,85,0,64
4,7.49,2,4,3,62,67,98,1,67
2,8.99,4,3,4,53,69,44,1,77
3,5.31,3,4,3,78,85,87,1,65
3,9.44,3,2,1,69,79,81,1,71
6,9.98,0,1,0,90,60,70,0,61
4,5.08,0,6,4,81,54,98,1,60
6,9.84,2,7,4,59,42,74,0,82
1,6.18,2,2,5,64,56,80,1,60
2,8.46,0,2,2,50,54,42,1,55
1,6.46,1,5,0,65,72,58,1,57
3,7.61,0,2,4,100,44,58,1,62
6,7.55,0,3,3,91,47,40,1,61
1,6.81,3,7,5,60,48,61,0,76
5,8.59,0,1,0,93,97,58,1,59
1,8.0,0,4,1,94,65,65,0,63
6,7.54,0,5,4,44,41,54,1,60
6,9.91,1,7,1,46,76,58,0,75
2,9.7,3,6,4,51,75,64,0,84
1,9.78,4,3,3,41,51,78,1,74
6,9.41,4,1,2,78,58,70,1,72
6,6.28,4,7,3,60,66,69,1,75
2,6.75,4,4,1,97,63,95,1,70
2,6.16,3,1,0,71,41,72,0,50
2,9.93,0,3,5,44,55,95,1,68
2,5.76,4,6,1,66,41,55,1,65
5,6.83,0,6,2,70,60,79,0,62
3,6.0,4,1,4,93,49,51,0,64
6,6.12,1,2,5,51,97,67,0,59
4,6.24,0,1,4,96,81,69,0,57
2,8.2,3,2,1,75,56,95,1,64
3,5.38,1,7,0,60,51,45,0,55
2,7.86,1,6,4,92,46,81,0,74
3,9.1,3,3,4,58,48,53,0,73
4,8.83,1,5,5,42,85,44,0,74
1,5.76,0,2,2,99,89,75,0,55
5,9.57,2,6,5,56,49,98,0,81
6,8.85,2,7,2,69,55,96,1,77
1,5.03,4,1,0,75,40,62,0,49
4,8.69,4,6,4,48,48,99,1,80
5,8.69,0,1,3,73,52,71,1,58
5,7.48,3,1,1,68,100,70,0,62
5,5.23,0,6,5,49,87,53,0,61
4,7.9,4,3,4,91,55,71,1,77
2,8.83,1,4,1,96,73,88,0,71
2,6.35,0,1,5,48,80,66,1,52
2,8.34,0,1,4,79,69,40,1,61
1,6.77,3,2,2,89,52,88,0,62
6,7.87,4,5,0,50,47,91,1,67
5,6.92,0,6,3,58,94,48,1,65
5,6.52,1,1,5,61,50,55,0,55
1,9.28,1,7,2,89,88,74,0,82
2,8.77,2,3,0,90,91,49,0,70
5,6.73,4,4,2,88,70,88,0,72
5,7.17,1,4,5,91,82,55,0,72
4,8.46,3,7,1,98,50,69,1,80
3,9.06,4,4,4,61,87,72,0,82
1,8.42,1,3,2,88,46,90,0,65
1,7.7,0,4,5,86,93,100,0,71
2,9.77,4,6,0,99,40,54,1,83
1,8.87,1,4,4,55,62,98,1,69
2,5.58,0,2,5,56,71,78,0,52
4,7.79,2,4,1,79,54,47,1,65
4,7.05,4,2,1,94,57,43,1,66
6,8.97,4,2,3,46,67,83,1,71
2,5.22,1,2,4,94,100,41,1,60
4,7.05,2,3,1,92,53,46,1,62
2,6.59,3,1,2,70,52,96,1,56
1,5.71,1,5,1,43,95,97,0,55
6,6.89,1,7,1,68,73,77,0,66
3,8.36,3,7,1,46,59,73,0,73
5,6.81,3,6,3,82,93,64,1,77
5,7.9,3,6,5,69,63,46,0,81
6,7.96,3,4,0,42,67,64,0,63
2,7.94,3,5,5,64,50,98,0,76
2,7.65,0,1,1,73,90,41,0,54
2,5.58,0,2,0,72,67,65,0,44
3,6.09,3,2,4,70,61,75,1,62
5,9.0,2,7,0,63,69,87,0,74
6,7.51,2,2,4,77,77,77,0,67
2,8.53,3,7,3,85,56,81,1,83
4,7.85,0,2,4,100,61,94,1,64
1,5.19,2,4,4,43,40,85,1,54
3,8.98,0,1,2,87,96,42,0,64
2,5.32,1,7,3,49,59,85,0,60
5,9.72,0,1,1,64,44,68,0,56
1,6.08,3,7,3,76,72,97,0,74
6,7.56,4,7,2,100,84,50,1,85
2,5.32,3,1,4,82,40,82,1,56
5,9.47,1,5,5,40,83,60,1,76
1,9.9,0,6,3,56,48,82,1,72
4,5.73,2,7,2,85,71,43,0,69
3,6.48,3,2,5,46,93,44,0,65
6,5.08,2,3,1,53,100,45,1,53
5,8.93,0,6,4,100,65,61,1,79
4,6.56,1,1,3,40,84,85,1,51
3,7.94,3,5,3,45,81,78,1,73
3,5.2,2,4,5,78,87,45,1,66
4,8.58,3,2,4,82,45,53,0,72
5,7.65,3,5,3,49,92,61,1,73
3,8.62,2,6,4,60,93,55,1,80
6,8.95,1,3,2,42,69,71,0,62
1,5.45,3,3,4,58,79,75,0,62
6,7.89,1,4,1,67,62,89,1,62
2,8.25,1,1,4,41,78,97,0,59
3,7.58,0,1,5,66,64,46,0,58
1,5.91,2,5,3,83,64,62,0,66
4,8.98,0,7,5,71,52,98,1,78
1,9.99,4,6,4,51,64,90,0,87
1,9.85,0,5,4,40,56,53,1,70
1,8.89,3,6,4,85,83,86,0,87
3,7.09,3,1,1,82,66,92,1,60
2,6.69,3,1,5,79,50,45,1,64
2,5.34,4,5,1,68,45,81,0,61
5,7.08,1,2,3,48,54,64,0,54
2,5.78,3,6,5,57,76,42,0,72
3,6.27,0,6,3,84,71,52,1,64
5,9.46,1,3,4,100,87,90,1,78
4,9.84,0,3,0,75,63,92,0,63
4,9.74,0,4,5,55,50,89,0,71
4,5.97,3,3,2,74,81,42,0,62
4,9.5,0,6,4,75,68,70,1,77
4,5.71,4,7,2,43,47,93,1,66
6,7.54,1,5,1,79,95,42,0,68
3,8.22,3,2,3,82,76,56,1,71
5,7.31,3,5,0,74,49,94,0,65
4,9.76,0,1,3,58,98,78,0,65
6,6.67,0,6,1,99,49,41,1,62
2,7.64,2,1,4,45,40,44,0,57
6,5.38,2,6,1,70,84,48,0,62
6,9.26,3,3,0,66,91,68,0,71
3,7.07,3,2,4,42,62,74,0,61
4,8.5,0,6,5,92,57,79,0,77
6,8.41,4,4,4,75,62,75,1,79
6,8.38,4,5,0,98,44,74,0,76
4,7.53,0,4,3,75,87,89,0,65
3,6.39,2,4,4,41,77,69,1,62
6,8.13,2,4,3,87,93,54,0,75
5,9.81,4,4,2,96,70,68,1,85
1,9.17,3,5,0,76,92,64,0,77
2,5.54,0,1,2,54,81,50,1,44
1,5.12,3,5,4,76,78,76,1,68
1,7.49,2,1,0,62,59,96,1,53
3,8.88,4,1,4,83,68,87,0,76
6,6.57,3,5,0,90,87,95,1,69
1,8.51,2,5,3,86,72,90,1,77
1,9.66,2,5,1,99,96,43,1,82
2,7.29,2,6,5,45,78,99,1,73
4,6.22,3,1,1,72,71,93,1,55
6,9.59,1,5,0,44,64,82,0,65
6,7.36,4,2,2,60,83,97,1,66
2,7.04,2,3,0,96,66,51,0,61
4,6.77,3,3,3,67,96,71,1,68
6,7.12,0,2,5,60,62,44,1,57
5,8.37,4,3,2,63,86,81,0,73
2,7.17,0,1,0,90,41,81,0,48
3,6.62,0,5,5,67,98,90,0,67
4,8.72,3,5,5,50,89,76,0,81
2,6.01,1,7,0,61,43,76,0,57
1,6.01,3,6,4,85,64,64,0,74
6,8.48,3,5,3,85,84,43,1,81
5,9.33,4,2,3,73,62,63,0,76
5,6.21,3,2,1,96,80,75,0,62
3,5.96,4,1,4,93,75,97,0,66
2,8.35,2,2,2,76,80,41,1,66
5,8.1,4,6,5,80,62,74,0,86
2,7.24,3,5,1,56,95,100,1,69
6,5.48,2,6,3,90,72,75,1,68
6,5.46,2,7,0,54,96,47,0,62
5,8.89,1,1,4,68,67,48,0,65
6,7.26,3,1,3,73,47,67,0,61
2,9.29,0,5,3,80,72,99,1,73
6,7.87,3,4,4,82,68,93,0,76
1,8.09,0,5,3,61,87,79,0,67
2,9.67,1,1,1,66,95,83,1,64
4,5.82,3,4,4,77,54,49,1,66
6,7.72,1,5,3,54,54,44,0,65
6,5.29,0,5,3,60,76,76,0,55
2,6.79,4,4,4,91,58,95,1,75
3,5.74,3,4,0,43,95,86,1,57
4,5.94,2,3,2,86,82,70,0,61
4,9.67,2,6,4,57,98,91,1,84
4,8.05,1,7,0,46,90,68,1,67
5,9.46,4,4,5,55,95,42,1,86
1,7.22,2,2,3,93,60,65,0,64
1,7.99,2,4,1,74,95,70,0,69
3,5.16,3,1,5,51,74,41,0,56
4,7.35,2,7,3,46,65,54,0,71
4,7.82,0,4,3,80,93,52,0,67
6,5.08,1,5,5,49,67,67,0,59
2,8.95,2,2,0,40,61,95,1,58
5,6.48,3,7,4,51,75,83,0,74
5,7.26,0,7,2,66,92,53,1,68
3,7.68,2,4,2,67,55,51,1,65
1,9.96,1,2,4,97,51,54,0,74
4,5.5,1,6,4,95,67,60,1,68
2,7.78,1,7,1,57,46,99,1,65
3,7.65,2,7,4,40,72,93,1,74
5,5.34,0,3,1,96,63,68,1,50
5,8.17,4,2,4,89,50,96,0,74
5,6.43,1,5,1,62,54,84,1,57
4,5.52,0,3,4,78,58,74,0,54
4,5.89,3,4,4,56,94,86,1,67
4,9.12,3,6,2,84,54,59,0,81
6,5.52,0,7,3,81,48,99,0,61
1,7.33,3,6,3,85,52,57,0,76
5,5.98,3,7,1,40,89,77,0,66
5,5.81,1,6,0,94,68,54,1,61
6,6.03,2,2,5,77,97,100,1,65
5,7.46,2,3,2,43,65,96,1,59
5,6.19,2,4,4,90,62,51,1,67
4,5.48,2,6,2,54,56,73,1,59
4,9.01,0,6,0,60,44,44,1,63
1,7.7,1,6,2,60,98,97,0,70
5,5.78,0,6,0,98,55,56,0,57
3,7.36,3,4,5,90,78,52,1,78
5,5.34,1,2,0,61,69,99,1,44
5,7.9,4,6,0,83,60,52,1,75
1,6.7,2,6,0,53,44,75,0,59
3,5.52,3,2,0,74,93,55,1,55
5,5.92,2,3,4,100,97,79,1,68
2,6.73,2,2,2,43,65,42,1,54
2,9.03,2,4,3,74,82,91,1,76
3,5.87,4,5,3,71,87,41,1,72
2,5.55,3,7,4,67,69,64,1,72
4,7.58,2,3,1,51,98,92,1,62
4,7.79,2,5,5,93,61,42,0,78
3,5.45,1,6,0,69,97,50,1,59
5,6.42,2,5,2,48,84,50,0,62
3,6.31,1,4,0,58,41,49,1,50
2,5.93,3,5,0,55,83,67,1,60
3,6.58,3,1,3,69,51,94,0,58
2,5.19,3,3,0,40,81,50,0,50
4,8.26,1,4,2,85,66,88,1,68
3,9.94,4,2,2,84,65,96,0,78
6,8.17,4,7,3,62,84,46,0,84
2,6.81,2,4,4,51,83,68,1,66
6,8.34,3,2,3,44,64,40,0,65
4,7.86,0,4,3,59,58,91,0,61
5,9.23,2,1,0,42,88,54,1,59
2,8.11,4,3,1,94,66,46,1,73
5,8.17,4,6,5,41,87,43,1,83
4,6.11,3,6,4,82,56,94,0,73
5,7.08,1,5,4,59,96,42,1,69
2,6.72,2,7,4,41,45,59,1,68
1,5.06,1,4,0,87,62,99,0,51
2,6.57,4,3,3,97,57,42,1,71
2,7.43,3,3,5,79,82,68,0,75
6,8.0,4,3,0,74,83,59,0,69
1,9.67,3,3,2,92,88,99,0,80
1,6.2,0,3,1,98,41,49,0,52
1,5.76,1,7,1,43,84,100,0,59
2,9.35,2,5,5,92,58,74,0,84
4,9.71,3,6,0,75,90,65,0,81
1,7.44,0,5,3,79,95,69,1,68
3,5.58,0,4,4,45,43,65,0,50
5,7.43,1,6,5,53,72,76,1,71
4,5.55,3,6,5,54,73,59,0,70
3,9.42,2,2,2,100,71,90,1,73
2,8.54,2,4,2,88,96,92,0,75
2,6.21,2,7,5,76,57,81,1,74
3,9.43,4,3,1,72,83,48,1,77
6,8.19,4,2,5,83,48,50,0,75
6,9.77,3,6,3,58,76,72,1,84
3,9.9,2,7,4,51,87,69,0,86
6,5.02,0,7,1,82,75,69,0,58
5,5.6,2,4,3,93,91,91,0,66
5,7.73,3,2,4,48,42,84,1,63
2,9.78,2,6,0,58,57,62,1,73
6,9.97,1,5,3,71,79,75,0,78
1,7.84,2,3,5,67,93,63,1,73
3,5.87,0,7,5,67,64,70,0,66
5,5.82,3,2,2,99,41,62,1,59
6,8.82,3,1,3,70,83,92,0,70
6,7.96,0,3,3,100,40,81,0,63
5,7.74,3,5,5,75,63,75,0,78
5,7.33,2,5,5,52,63,79,1,70
1,8.63,3,4,3,81,92,88,1,79
6,9.29,2,7,4,72,89,73,1,87
6,6.51,3,6,4,81,81,60,0,77
4,6.1,2,1,0,57,92,65,1,50
2,8.35,2,2,0,68,79,46,1,61
1,9.57,0,7,4,84,43,64,1,79
5,6.74,0,4,4,78,89,42,1,64
5,6.36,4,5,1,47,74,92,1,65
3,6.13,0,2,3,88,74,82,0,55
2,6.27,2,5,3,96,96,57,1,72
5,5.67,2,5,2,61,100,45,1,63
6,7.98,3,1,4,40,51,93,0,61
5,6.4,3,3,4,87,90,91,0,71
6,8.07,4,2,0,70,88,85,0,67
6,5.42,2,1,5,59,62,52,1,54
1,5.58,4,6,0,75,88,41,0,68
5,7.68,2,7,5,62,61,87,1,78
1,7.56,0,5,3,56,65,95,0,62
2,6.36,3,5,3,84,43,79,1,68
6,9.14,4,1,5,49,46,86,0,72
2,5.94,1,6,4,48,62,52,1,62
5,6.8,2,2,3,85,70,40,0,63
2,7.78,0,5,4,56,46,41,0,63
2,9.34,1,6,2,97,61,43,1,78
5,7.09,0,2,2,42,78,52,1,50
1,6.99,0,1,1,72,79,69,1,50
1,7.9,2,5,0,40,58,83,0,61
6,6.58,0,4,1,59,92,51,1,55
6,8.55,4,4,2,41,69,72,0,72
5,6.24,1,5,3,55,65,77,1,60
5,9.12,0,3,0,48,98,82,1,60
4,6.36,0,5,0,53,80,87,0,53
4,9.96,3,5,1,40,95,73,1,77
3,6.58,3,5,0,74,61,42,0,64
6,9.39,4,1,2,57,100,82,1,73
2,6.99,3,5,3,40,48,48,1,65
3,6.23,0,5,1,82,85,46,1,59
3,6.13,0,1,3,96,97,43,0,56
1,9.25,1,5,5,44,68,67,1,74
2,6.54,3,4,1,50,71,81,1,60
1,6.69,2,4,5,77,92,71,0,72
4,5.98,3,7,4,63,57,40,1,72
3,9.81,0,6,0,78,70,52,1,71
4,6.22,1,7,4,84,71,75,0,72
2,6.24,3,7,5,71,48,65,0,75
2,9.72,1,5,0,94,69,52,1,74
6,9.5,3,1,4,55,76,61,0,72
5,6.24,4,5,3,96,71,63,0,75
1,9.32,0,5,2,42,47,50,0,63
6,6.25,0,6,1,97,63,64,1,62
6,5.42,2,2,0,86,43,54,1,49
1,9.1,0,7,1,47,91,84,0,71
1,8.86,2,6,2,71,85,75,1,78
2,6.47,0,3,4,61,56,77,0,55
2,5.45,3,1,3,95,60,73,0,58
3,6.03,3,7,5,91,87,73,0,81
4,8.86,4,3,1,87,48,71,1,73
2,9.82,3,2,5,56,99,77,0,80
6,6.3,1,3,4,66,44,64,0,57
3,9.09,3,5,5,84,44,42,0,83
3,6.14,2,4,0,42,69,91,0,53
6,8.4,4,1,1,65,45,98,0,63
2,5.42,1,1,1,74,77,96,0,47
6,7.93,1,5,0,52,47,96,0,58
5,6.35,0,6,2,56,87,82,1,60
2,9.63,2,7,4,69,85,86,1,87
4,6.45,3,7,5,68,72,68,0,78
6,6.99,3,7,5,53,87,60,0,79
2,9.2,0,3,1,69,54,48,0,61
1,7.19,3,1,4,76,76,60,0,66
5,6.19,1,6,5,100,48,60,1,71
4,7.74,3,7,3,83,42,46,0,78
2,9.2,3,7,4,87,70,86,1,89
1,7.17,1,2,4,77,98,71,1,65
2,5.66,2,7,5,48,78,61,0,70
1,6.92,2,2,0,87,46,81,0,55
4,9.77,1,3,5,71,55,50,0,74
5,5.36,1,2,4,95,99,94,1,60
1,7.04,4,7,5,43,67,97,1,79
3,8.24,4,4,5,45,97,73,1,80
4,5.39,3,5,2,90,74,53,1,67
4,6.72,3,7,4,40,54,87,0,71
6,9.7,4,1,3,64,46,80,0,72
5,5.15,3,6,5,79,74,61,0,72
3,8.76,2,5,4,77,87,64,0,80
3,9.21,2,3,5,42,70,55,1,72
6,6.39,0,5,0,98,77,72,0,59
1,6.07,4,1,3,60,47,41,1,57
1,9.57,2,7,0,53,87,78,0,77
3,8.82,0,6,5,69,95,83,0,78
5,5.57,1,1,2,96,77,89,1,53
1,6.06,2,3,2,94,55,45,1,60
4,8.11,0,1,0,41,73,73,1,47
2,7.1,3,2,2,87,40,85,0,62
6,7.52,0,6,5,61,58,87,1,69
5,9.76,2,6,0,52,53,81,0,72
1,7.1,3,5,1,64,58,76,0,66
2,9.41,3,4,4,87,62,61,0,82
3,8.3,0,4,1,82,43,55,0,61
6,5.61,0,4,2,50,73,46,1,50
1,8.72,2,3,0,87,41,86,1,64
3,7.6,3,4,0,49,51,52,1,61
1,6.13,4,6,5,88,62,88,0,79
6,6.45,0,7,0,83,95,89,0,64
4,7.79,4,6,0,76,82,89,1,76
4,8.01,4,5,4,64,92,56,0,82
2,9.84,3,1,3,83,57,42,0,73
3,9.27,2,2,1,74,71,51,1,67
4,6.03,4,7,2,58,90,45,0,74
6,8.87,2,4,0,67,56,51,1,66
3,5.04,0,4,1,99,70,50,0,53
1,5.65,3,7,3,81,97,80,1,75
5,6.0,1,4,1,87,75,58,1,58
1,7.99,3,2,2,96,94,99,1,72
6,5.97,1,5,0,90,65,70,0,58
2,6.83,0,7,2,100,51,90,1,67
3,6.21,2,7,0,82,96,41,0,69
1,6.69,0,4,3,96,74,84,0,63
3,9.71,3,1,5,87,55,71,1,77
4,9.99,1,3,2,99,43,57,1,72
5,8.43,1,2,1,49,67,94,0,57
6,7.86,3,5,5,54,77,43,1,77
1,8.54,3,6,3,71,72,61,1,80
5,8.86,0,1,2,42,76,95,1,55
6,8.7,4,2,5,63,49,53,0,75
6,5.41,1,6,0,49,70,53,0,53
2,6.55,3,2,5,83,53,76,1,67
4,6.72,0,3,3,69,44,68,0,54
2,6.85,4,3,0,80,49,90,1,62
2,6.72,2,6,5,90,64,73,1,76
3,8.94,3,6,4,72,80,87,1,85
3,8.74,4,5,1,84,84,45,1,81
5,5.02,2,4,0,64,56,82,0,50
4,6.48,2,7,2,78,90,51,1,73
6,8.12,0,6,4,93,100,63,0,78
4,5.6,1,3,3,99,59,84,1,58
4,5.36,3,5,2,91,99,98,0,69
5,9.14,4,2,3,92,72,68,1,79
3,7.26,2,7,4,78,48,49,0,75
4,9.28,1,4,2,64,89,85,0,71
4,9.12,2,1,0,77,70,75,1,62
4,9.47,3,2,5,51,44,73,1,72
1,5.24,3,7,2,43,85,90,0,65
4,5.93,0,5,1,67,68,71,1,54
4,6.48,3,1,0,59,90,71,0,54
6,5.68,3,7,1,49,86,90,1,66
2,7.43,3,2,2,70,43,54,1,61
1,8.99,1,3,2,58,70,48,1,65
4,9.76,4,5,3,41,43,97,1,78
2,9.45,4,1,2,43,98,75,1,71
4,7.29,3,6,0,54,57,61,1,66
5,8.18,4,3,1,77,98,52,0,74
5,6.15,3,6,5,72,57,80,0,74
2,7.02,4,6,5,57,79,83,0,80
1,9.36,4,1,4,79,73,53,0,77
6,5.15,2,4,1,71,87,65,0,57
1,7.66,1,7,5,71,53,95,1,75
1,9.36,2,7,5,52,65,100,1,83
5,5.61,2,4,3,90,62,83,0,63
5,9.91,4,5,4,55,72,64,1,86
6,5.06,0,1,5,72,56,61,0,48
4,9.43,0,7,5,73,81,69,1,83
6,6.77,1,4,4,90,71,52,0,67
4,5.66,3,2,2,53,87,89,0,56
2,5.79,4,2,5,86,74,71,0,69
2,8.51,1,4,3,41,90,76,1,67
3,9.35,2,7,3,52,82,97,1,81
5,8.21,4,6,2,91,96,58,0,85
3,9.64,2,6,5,68,69,74,0,85
3,9.21,1,4,0,91,54,97,1,67
5,5.05,0,5,2,82,89,99,1,57
3,8.35,1,6,3,81,91,88,0,77
1,6.52,4,5,4,73,90,98,1,77
4,7.27,4,2,0,100,46,91,1,64
6,5.47,3,3,5,56,45,68,0,60
5,6.41,0,1,3,42,48,46,1,44
1,8.16,4,3,3,69,52,74,0,72
2,6.09,0,5,2,43,79,78,0,54
6,8.24,4,6,1,70,57,45,1,77
6,9.62,0,3,3,98,74,53,0,73
6,5.02,1,5,1,93,40,67,1,54
3,8.93,0,7,0,44,63,40,1,65
3,8.21,2,3,4,41,100,85,1,69
3,5.23,1,2,1,43,89,60,1,45
3,8.95,4,5,1,83,75,66,1,81
1,6.12,4,2,1,77,89,61,0,63
3,6.33,3,3,1,99,55,50,1,63
5,5.47,2,4,1,91,57,48,0,58
6,7.67,3,4,0,66,42,49,0,62
1,7.49,1,1,5,66,85,93,0,63
2,6.74,3,7,5,54,81,82,0,78
3,5.84,1,4,3,78,100,95,1,63
2,9.19,3,7,4,100,76,89,0,92
6,9.38,0,1,3,77,47,88,1,61
1,7.7,1,3,0,93,97,85,0,64
6,6.22,1,1,0,97,57,88,0,50
2,5.48,0,1,1,53,68,78,1,40
1,9.34,0,1,0,57,76,70,1,55
4,5.48,2,7,0,98,66,71,1,65
1,5.07,0,2,1,68,83,70,0,45
3,7.35,3,7,0,46,68,47,1,68
2,8.66,0,7,0,96,43,79,1,69
6,7.29,0,1,0,77,51,99,1,47
6,5.26,1,6,2,63,52,90,0,56
6,8.45,1,5,5,77,53,44,0,75
5,8.21,0,3,3,45,53,70,0,57
5,8.41,2,2,2,59,90,46,1,65
3,6.06,1,5,3,93,49,84,0,63
4,8.98,3,3,1,81,61,86,0,71
5,7.4,3,7,1,75,48,53,1,73
1,7.68,0,2,5,49,63,64,1,58
2,7.73,0,7,3,61,89,60,1,71
3,6.43,2,3,3,72,56,86,1,60
4,6.25,0,4,5,62,63,68,0,59
1,5.02,4,3,4,85,44,85,1,63
6,6.98,4,4,3,89,73,84,1,75
5,7.43,0,7,3,93,81,70,1,74
1,8.71,4,4,1,80,40,91,0,73
4,5.33,3,6,1,81,66,43,0,65
3,9.62,0,3,0,90,79,93,1,66
1,6.32,3,7,0,43,47,80,1,62
3,6.83,3,7,1,60,45,85,0,68
6,5.24,4,4,0,95,92,68,1,65
4,8.27,2,6,2,52,44,88,1,69
4,8.54,3,2,2,81,93,40,1,72
5,9.64,4,4,5,52,92,71,1,86
2,6.68,2,1,0,93,57,40,1,54
4,6.29,4,2,0,51,46,43,0,53
1,8.63,4,7,3,63,75,59,0,85
1,8.53,0,6,3,74,94,98,0,74
1,9.69,1,2,2,58,72,79,0,65
6,6.03,2,2,5,48,93,76,1,60
4,8.53,4,7,2,52,73,53,0,81
4,5.33,3,1,3,61,71,97,0,54
1,7.4,3,1,3,79,90,91,0,67
5,5.6,1,1,5,75,42,95,1,52
5,8.27,2,1,3,92,97,94,0,70
4,8.01,0,6,0,67,40,53,1,60
4,5.24,2,1,1,80,60,93,1,48
3,6.6,3,6,2,46,52,41,0,65
4,6.98,3,6,4,69,47,60,0,73
1,6.24,0,5,5,70,83,68,1,65
2,5.19,0,7,3,92,69,51,0,64
6,6.59,3,5,0,94,47,57,0,65
4,8.96,4,1,2,50,97,77,1,70
4,6.8,4,6,3,96,99,80,0,83
1,6.62,0,2,0,69,66,71,0,47
3,9.71,4,4,2,54,78,80,1,79
2,5.21,0,4,2,52,62,61,0,48
4,8.84,2,5,4,74,47,75,0,76
5,7.42,2,1,4,74,100,81,0,66
5,9.72,2,3,2,59,95,51,0,73
5,6.97,0,4,0,82,54,96,1,54
6,8.54,0,7,3,97,92,60,1,80
6,5.35,4,7,5,62,46,47,0,73
2,9.64,4,6,3,92,51,67,0,89
4,6.72,4,7,2,76,89,96,1,79
4,7.62,1,6,3,59,75,92,0,69
4,5.69,0,4,4,95,77,61,0,61
6,9.73,2,2,3,58,82,91,0,71
2,8.36,2,4,1,83,69,55,0,69
4,5.27,1,5,4,57,49,51,0,57
1,5.78,1,7,4,43,58,88,0,63
3,7.0,2,1,2,100,57,56,1,60
5,6.08,0,1,2,47,83,60,0,45
5,6.52,2,6,3,85,88,90,1,73
1,9.99,2,4,3,69,59,46,0,77
4,8.29,1,3,2,87,41,100,1,63
2,9.61,1,5,0,59,69,59,0,68
2,7.18,4,6,3,47,90,75,1,76
6,8.55,1,4,0,44,83,91,0,61
4,7.3,2,5,4,80,97,93,0,76
2,6.64,4,3,5,73,82,80,0,74
4,7.6,2,6,5,79,86,99,0,80
5,7.14,0,7,1,46,82,83,0,62
5,9.9,0,5,0,89,50,52,1,69
6,7.48,1,6,3,92,61,80,0,72
5,9.06,4,5,5,61,81,68,1,86
4,8.33,3,5,2,48,58,82,0,70
1,7.4,0,7,2,50,42,76,0,62
6,7.37,0,6,1,51,43,100,1,57
1,6.71,0,1,1,47,74,98,0,45
4,5.53,0,7,4,71,86,100,1,65
6,8.81,1,3,0,94,77,47,1,66
1,9.59,4,6,1,98,48,59,0,85
6,6.09,0,1,4,56,47,83,1,47
4,9.63,1,2,4,65,73,95,1,70
2,6.16,4,4,4,90,90,87,1,76
6,7.65,4,6,5,72,86,49,1,85
2,6.72,3,1,5,65,70,54,0,64
4,5.57,2,6,3,61,79,96,0,65
6,5.26,0,6,1,42,58,51,0,49
6,6.83,1,6,5,70,76,95,1,72
2,5.24,4,7,2,53,71,95,1,68
5,5.52,3,5,4,57,83,85,0,67
2,5.71,2,2,2,100,98,96,0,61
2,5.01,4,3,3,97,83,84,1,67
2,5.77,4,3,0,73,67,55,0,59
4,7.89,0,6,3,79,80,81,1,71
3,9.1,2,1,3,56,57,47,0,64
2,5.97,2,7,1,80,64,59,0,66
6,5.4,1,6,4,51,49,53,0,59
1,8.65,3,5,3,78,44,76,0,77
5,5.04,1,5,4,72,54,65,1,59
2,8.67,3,6,2,71,64,77,1,78
2,5.66,1,3,0,60,59,92,0,47
5,6.14,3,5,0,92,95,80,1,68
2,5.6,0,4,2,53,95,84,1,53
6,6.24,3,1,1,41,90,68,1,53
3,8.99,1,1,2,88,92,52,1,66
2,5.66,2,5,5,46,49,73,0,62
5,9.97,4,3,2,54,88,61,1,79
2,6.64,3,7,5,70,100,84,0,82
4,9.61,3,6,1,67,77,65,0,80
6,5.95,2,4,1,80,80,73,1,61
6,5.94,0,4,3,47,67,98,0,52
3,7.83,1,6,4,46,88,86,0,72
4,5.25,0,7,0,75,89,63,0,57
4,9.01,3,4,1,49,85,95,0,71
3,7.2,3,2,5,78,94,60,1,72
1,8.5,0,5,1,86,45,70,0,65
2,5.87,1,4,3,69,97,51,1,61
4,8.21,3,7,3,84,50,81,1,81
1,7.97,3,5,4,79,58,63,0,77
1,8.78,0,3,1,80,55,60,0,61
6,6.49,4,3,1,80,71,43,1,65
2,9.67,2,6,3,44,41,64,1,75
6,9.81,3,3,2,60,78,47,0,75
5,9.34,1,2,4,45,97,75,1,68
6,7.86,4,3,1,55,65,73,0,66
4,7.1,0,5,0,55,60,89,1,54
4,5.29,0,1,0,63,77,89,1,40
2,9.74,1,1,5,85,54,85,0,71
1,9.76,4,5,3,58,96,66,1,86
4,5.09,1,1,5,58,52,67,1,49
6,6.78,3,4,0,87,46,68,1,62
6,9.4,4,1,3,98,91,68,0,80
2,5.4,2,7,2,76,98,49,0,69
6,5.98,2,2,3,98,96,83,1,64
3,9.89,1,3,1,72,42,71,1,66
2,9.24,2,1,0,44,54,47,1,56
2,9.56,1,1,1,48,59,93,0,58
4,5.71,3,7,0,60,97,56,1,67
2,6.06,3,6,0,46,42,51,0,58
5,8.03,1,2,3,81,97,100,1,67
4,7.51,3,6,4,64,66,65,0,77
4,6.49,2,2,0,95,54,91,0,55
3,9.42,3,1,0,86,99,42,0,70
4,9.51,2,4,5,60,42,81,1,76
1,6.46,2,1,4,83,67,50,0,60
6,5.78,0,4,1,52,86,53,1,50
6,5.75,3,6,0,89,40,46,1,63
2,7.42,3,7,3,60,92,65,1,79
3,5.66,1,3,4,49,59,76,1,53
6,7.37,1,5,4,63,50,72,0,66
1,7.31,4,3,5,66,64,83,0,73
3,9.42,2,1,0,72,43,87,0,60
5,6.48,0,1,1,65,58,71,0,45
6,7.8,2,4,1,75,93,77,1,68
4,8.72,3,2,2,56,99,59,0,70
1,7.98,4,6,2,60,67,49,0,77
1,9.77,2,6,3,84,49,54,1,82
6,8.01,4,6,5,41,98,54,1,83
2,9.51,2,4,0,54,60,45,1,67
5,6.23,3,2,1,83,75,94,1,60
4,7.8,3,2,2,41,55,64,1,60
5,7.72,2,7,0,46,72,40,0,67
5,9.95,0,2,5,75,98,45,1,74
6,6.02,3,2,0,85,84,52,0,58
4,5.7,1,1,1,89,90,50,1,52
6,8.06,0,5,0,82,85,63,0,64
6,6.12,2,6,4,71,52,59,1,68
2,8.2,0,5,2,42,68,65,0,61
1,9.86,1,3,3,42,43,64,0,65
2,9.73,3,3,2,89,81,91,1,79
2,6.16,3,3,0,94,66,91,1,61
6,5.85,3,4,4,72,47,51,0,65
2,7.8,1,3,2,84,80,85,1,65
2,7.93,0,6,1,64,85,48,1,65
3,8.31,2,7,4,76,47,84,0,79
4,8.71,2,3,5,75,64,75,0,74
1,8.0,0,3,2,74,65,48,1,60
4,5.56,3,7,0,58,40,72,0,60
1,8.95,2,1,1,84,82,79,0,66
3,5.4,3,3,0,87,87,73,1,59
6,5.1,4,7,5,58,72,63,1,74
1,8.85,4,5,0,72,58,92,1,75
1,7.74,2,1,5,57,100,84,1,67
1,8.49,0,2,1,66,59,84,1,56
3,6.91,0,4,4,69,57,72,1,60
4,5.06,0,1,2,70,65,72,1,43
3,6.66,3,1,4,78,78,68,1,64
1,8.04,4,5,5,42,48,77,1,76
2,6.13,3,7,1,61,66,87,0,67
1,8.44,1,6,5,91,45,88,0,78
2,8.97,1,6,2,49,59,52,0,70
6,7.27,2,3,1,92,77,57,1,65
3,9.38,1,2,3,47,40,98,0,61
2,9.27,0,7,3,73,77,74,0,78
3,9.39,2,5,4,81,55,86,1,80
5,8.31,4,7,1,92,43,98,1,81
4,6.52,4,7,2,57,42,98,0,71
5,7.41,1,5,4,51,61,41,1,66
2,8.55,1,1,3,85,48,64,1,62
5,6.05,4,2,3,96,95,97,0,70
4,8.69,1,7,3,71,95,99,1,80
2,7.74,1,5,4,41,96,45,0,69
6,5.48,3,6,2,56,93,64,0,66
6,7.79,4,4,3,91,47,92,1,76
4,5.33,4,7,4,51,46,59,1,70
4,5.07,1,4,4,46,51,99,0,52
2,9.45,0,5,0,54,40,53,0,61
3,7.45,3,1,0,41,93,89,1,56
2,7.72,0,7,5,66,51,43,0,72
3,6.4,1,4,2,65,55,47,1,57
3,7.71,4,1,3,64,53,73,0,65
3,5.84,0,3,0,51,69,67,1,44
2,8.73,2,3,2,56,82,95,0,68
1,9.12,0,7,0,40,91,41,1,68
1,9.28,4,1,3,70,58,56,1,72
6,5.53,1,5,4,79,58,43,1,62
1,7.79,0,3,3,44,52,94,0,55
1,9.04,1,6,0,67,83,87,1,71
3,5.64,3,7,3,67,49,73,0,69
3,5.5,2,7,4,96,86,66,0,75
4,9.08,4,3,1,47,100,58,1,73
3,8.98,4,6,4,93,68,67,1,90
2,7.24,1,4,0,91,67,77,0,61
4,5.55,2,5,4,53,52,73,0,61
4,7.58,4,1,5,45,84,71,0,69
1,6.97,0,3,2,57,95,80,0,56
3,7.59,4,7,3,76,54,70,1,81
1,7.2,0,5,5,49,56,45,0,63
3,7.84,4,3,1,86,62,45,1,70
1,8.64,0,4,1,74,82,67,1,64
1,8.87,3,5,3,74,49,47,0,77
1,8.24,1,2,3,56,75,40,0,62
2,5.99,3,7,2,85,88,55,0,74
6,6.99,0,4,4,66,53,81,0,60
1,5.36,1,1,1,63,71,58,0,45
5,7.26,2,5,0,49,73,57,0,61
5,9.85,0,6,3,90,70,69,1,79
5,8.21,4,3,3,87,78,55,1,78
2,5.77,4,6,5,56,71,72,0,74
4,6.34,2,5,5,91,55,98,0,72
1,5.32,3,1,5,84,65,67,0,61
5,5.91,0,6,1,72,56,86,0,56
2,7.44,4,6,5,72,61,55,0,82
4,6.72,1,6,3,56,75,50,1,65
5,6.02,2,7,1,57,74,45,1,64
3,5.73,3,5,0,99,62,53,1,64
6,8.28,3,3,0,88,64,87,0,68
1,7.79,1,7,1,83,44,75,0,69
6,9.21,1,6,3,77,45,61,0,75
6,5.92,2,4,2,46,94,79,1,59
3,9.24,1,4,2,88,65,62,0,72
3,7.89,4,3,4,65,100,70,0,77
3,6.33,3,7,2,87,99,67,1,77
4,6.37,1,2,5,40,77,58,0,56
5,6.95,0,2,3,50,45,90,1,50
1,7.3,1,4,2,49,58,61,1,58
3,5.41,3,6,4,70,82,40,0,71
2,9.21,4,1,0,64,58,42,0,65
1,5.61,1,5,1,96,85,47,0,62
1,7.42,4,7,2,40,86,52,1,76
1,6.91,0,3,1,82,70,90,1,55
3,7.56,3,1,1,95,76,40,1,64
3,9.44,2,7,5,42,62,68,0,82
5,9.95,3,6,5,94,51,52,1,91
3,5.1,2,5,0,87,52,81,0,56
3,6.97,2,7,4,40,61,68,1,70
1,9.09,3,4,3,46,89,69,1,76
5,6.63,2,7,3,82,42,55,1,71
6,8.25,4,3,3,88,51,99,0,75
3,9.96,0,1,4,90,76,80,0,70
2,8.23,1,5,5,99,70,73,1,79
3,5.56,2,4,4,53,52,94,0,58
6,9.21,2,4,4,62,62,79,0,75
1,9.83,3,5,2,87,100,42,0,86
5,8.56,4,2,1,56,52,68,1,65
1,7.1,1,7,4,53,45,69,1,68
4,9.74,2,7,4,48,100,94,0,86
3,9.84,4,2,2,60,87,97,1,76
2,9.68,1,5,1,84,97,91,0,77
4,7.06,3,5,5,41,42,73,1,69
3,8.95,2,5,5,91,46,43,0,81
4,8.27,3,4,3,71,92,87,0,76
6,5.9,3,6,0,47,49,47,1,58
3,7.68,2,7,4,75,70,86,0,79
2,8.74,4,6,4,65,43,87,0,82
3,9.48,4,7,0,76,83,57,0,85
4,9.31,3,3,4,54,45,61,0,73
5,5.77,3,4,5,73,57,49,0,67
4,7.44,0,7,4,60,46,90,0,67
3,7.39,1,4,4,62,73,53,1,66
3,9.49,3,2,0,48,62,90,1,64
5,5.01,3,5,5,79,47,93,1,67
1,8.69,1,4,2,65,89,85,0,69
5,8.09,2,4,2,82,63,70,1,69
1,9.61,4,5,0,61,67,74,0,77
2,7.28,2,6,2,52,84,85,0,69
3,8.29,1,3,3,64,94,41,0,67
6,9.86,1,2,3,46,42,100,1,63
6,8.72,0,1,5,90,52,41,0,65
4,5.34,0,6,0,66,78,74,1,53
5,5.84,4,4,1,54,72,73,0,61
5,9.11,3,3,5,51,89,68,1,78
6,6.67,1,1,4,84,92,45,0,61
1,8.53,0,7,1,72,55,43,0,68
5,8.5,2,6,4,60,50,40,1,75
1,9.97,0,7,5,64,68,74,0,82
1,7.35,2,6,2,79,64,87,1,71
1,8.69,0,5,2,86,56,86,1,68
1,5.24,2,1,3,61,76,65,0,51
4,7.31,0,5,1,100,45,68,1,62
4,5.93,0,7,0,53,85,50,1,56
6,9.2,4,6,4,47,53,90,0,82
4,9.2,3,6,2,63,58,43,0,78
2,6.18,1,6,5,42,76,61,1,65
5,6.59,3,3,4,51,89,72,0,66
2,8.51,4,6,0,86,82,73,0,80
4,8.69,2,1,4,61,95,70,0,68
5,8.29,3,2,3,55,51,49,0,65
5,9.98,1,3,0,46,58,74,1,62
1,9.34,1,1,0,57,60,92,0,56
6,7.09,2,4,4,84,68,98,0,70
1,6.63,1,1,4,98,67,67,1,60
1,7.98,4,7,2,62,56,62,1,79
2,9.09,3,1,4,65,92,88,1,73
4,7.38,1,2,0,77,88,51,1,57
2,8.69,3,3,5,41,96,68,1,75
4,5.1,0,4,4,41,41,41,1,48
2,9.63,3,6,5,61,45,52,1,84
5,8.87,2,3,5,90,64,75,1,77
4,6.97,4,3,2,77,58,86,0,67
4,6.92,1,4,1,96,45,65,0,60
2,5.51,4,7,5,81,40,56,0,76
3,9.08,3,4,3,67,85,82,0,78
5,8.84,1,2,5,56,94,72,1,70
5,8.15,4,7,0,90,73,98,1,81
3,5.51,2,5,2,87,60,96,1,62
2,6.31,0,2,3,57,60,61,0,50
2,7.29,0,7,4,98,83,41,1,76
5,6.33,2,7,5,90,88,49,1,79
2,7.17,0,6,4,41,66,78,0,63
6,6.13,2,4,1,74,62,65,0,59
6,6.75,3,1,4,54,75,69,1,61
3,8.26,2,1,3,54,75,61,0,62
4,9.46,0,3,2,83,71,50,0,67
6,6.93,3,3,1,91,78,61,0,66
2,8.46,2,5,3,84,97,63,1,79
3,5.67,2,7,2,94,84,97,1,71
6,7.7,3,5,3,73,56,68,0,73
1,9.61,1,5,4,89,53,90,1,79
3,5.14,0,5,3,54,61,49,0,52
5,6.34,1,1,1,57,56,73,1,46
6,5.66,3,7,3,52,68,85,0,68
5,7.67,3,4,0,77,87,64,0,68
3,8.4,4,6,4,47,87,60,1,83
6,5.29,4,6,3,55,77,100,0,69
5,5.35,3,5,2,59,65,93,1,61
4,9.35,4,7,4,99,70,98,1,95
4,7.28,2,2,5,65,73,78,0,66
1,7.31,1,6,2,74,97,52,1,71
2,9.72,3,5,1,96,66,41,0,82
3,6.6,2,1,5,56,56,98,1,58
2,9.49,0,3,5,65,95,45,1,73
2,9.87,0,2,5,57,62,99,0,68
5,6.21,4,5,0,83,73,40,0,68
1,7.57,4,1,3,46,57,96,1,62
3,7.67,2,3,4,83,60,67,0,69
4,9.33,0,5,3,74,59,61,1,71
2,6.52,3,1,3,51,71,50,1,57
5,8.99,1,1,4,96,51,78,0,68
2,9.86,4,4,5,86,43,99,0,87
6,9.2,2,1,5,88,48,44,1,72
4,9.55,4,5,0,83,50,57,1,78
2,8.54,2,7,0,80,88,59,1,77
6,9.52,0,1,1,93,69,51,0,62
6,5.82,4,2,4,40,84,60,1,61
5,8.56,2,1,4,64,65,66,1,65
5,8.66,2,1,2,55,96,97,1,64
6,7.2,4,6,2,96,71,89,0,80
1,5.4,1,2,2,100,67,80,0,54
2,8.11,3,5,0,97,90,73,0,76
6,5.26,0,3,1,54,79,57,1,46
6,6.91,4,4,1,50,76,73,1,65
5,6.97,4,6,5,76,81,41,0,83
2,9.99,1,3,3,78,86,92,1,75
3,6.5,0,5,1,42,90,53,1,55
4,9.1,4,5,2,84,96,78,1,85
5,5.27,1,6,4,95,80,40,0,68
2,7.65,3,2,3,84,55,67,0,67
2,7.68,2,3,5,90,87,80,1,75
1,8.14,3,1,0,81,47,66,0,60
4,9.05,3,2,1,78,42,69,0,67
5,8.81,3,2,5,59,42,61,0,71
5,8.81,3,4,4,92,49,51,0,79
3,7.16,2,2,2,62,51,40,1,57
1,8.64,0,3,0,54,54,72,1,54
1,7.46,0,5,0,57,86,80,1,58
2,5.33,1,6,1,91,66,87,1,60
2,9.45,1,4,4,78,97,96,0,79
5,9.45,4,6,2,74,90,88,1,87
3,6.61,3,6,2,68,85,40,0,72
5,9.57,3,1,2,59,50,44,1,66
6,8.79,2,7,2,81,45,87,0,78
2,7.0,3,3,1,54,51,44,1,58
6,6.66,2,1,5,71,57,46,0,60
3,9.88,4,7,5,51,64,59,1,91
5,8.56,1,7,5,87,73,65,1,83
2,6.89,1,2,1,95,65,88,0,57
3,8.21,4,3,4,90,63,45,0,78
5,7.86,4,6,3,51,97,65,1,80
5,7.62,3,7,1,64,55,100,1,73
6,8.22,1,4,2,92,75,42,0,70
4,7.69,0,6,5,73,75,78,1,73
1,8.27,4,4,5,47,60,53,0,77
2,9.54,1,1,4,97,69,88,0,72
1,9.97,1,5,2,63,88,53,0,76
3,8.55,2,7,1,84,59,59,1,77
1,9.64,1,6,5,100,93,97,1,89
6,9.29,4,4,4,40,99,83,0,81
4,6.48,3,1,2,64,81,48,1,58
2,9.66,1,5,5,73,89,97,0,82
5,5.35,0,3,3,53,98,45,0,52
5,6.65,4,4,0,75,58,41,0,64
6,8.2,3,4,0,45,50,77,0,62
2,7.63,3,6,5,84,53,80,1,81
1,7.71,4,6,2,48,75,82,0,75
5,8.97,3,1,5,87,55,72,1,74
1,5.97,0,4,0,40,42,83,0,43
6,9.91,1,7,5,48,96,44,0,85
5,7.19,4,1,5,63,61,52,1,67
3,9.75,1,4,3,99,82,95,0,79
4,6.92,1,1,5,78,44,54,1,58
1,8.01,3,7,3,57,92,84,1,81
2,7.25,4,7,2,87,41,94,0,78
1,8.38,1,4,3,78,51,97,1,68
1,5.92,2,3,0,57,84,73,0,53
1,7.0,0,6,2,80,96,95,0,67
6,5.34,3,3,5,67,41,48,0,61
6,7.99,4,7,0,91,76,65,1,81
2,9.81,4,1,3,41,94,69,0,74
6,5.23,3,7,3,76,58,95,1,69
2,8.3,1,3,4,80,100,99,0,72
2,8.88,3,1,1,75,63,61,0,65
6,6.07,4,6,5,87,44,64,1,77
5,6.37,2,7,1,92,65,79,0,70
6,6.01,1,1,2,63,67,43,1,49
5,6.49,3,6,0,74,74,100,1,67
3,5.55,4,2,1,45,58,86,0,53
6,6.85,4,3,2,56,70,67,1,65
3,6.84,4,2,3,69,58,93,1,65
6,9.04,2,7,1,90,82,76,1,82
3,9.0,1,6,0,47,83,49,0,68
4,8.98,3,6,4,81,58,48,0,84
3,7.84,1,2,4,49,59,98,0,59
5,6.63,4,7,1,55,81,75,0,73
1,7.05,2,6,4,77,56,40,1,73
2,6.59,2,4,2,65,51,69,1,60
3,7.91,4,1,5,70,74,50,0,73
1,9.69,1,5,0,91,65,64,0,73
4,6.42,1,2,3,99,97,50,1,63
4,7.29,2,4,0,47,92,80,1,60
5,8.28,0,3,3,100,100,94,1,70
5,9.22,2,5,4,74,47,44,1,78
3,6.27,2,6,2,73,79,66,0,68
6,6.4,3,1,3,49,64,62,1,56
4,9.43,2,4,4,79,64,96,1,78
1,5.4,0,5,3,83,84,58,0,60
6,8.03,2,1,1,91,61,92,1,61
4,9.3,1,1,0,51,52,42,0,54
3,9.61,3,5,5,80,81,47,0,88
4,5.06,3,4,5,66,54,87,0,63
5,6.85,2,6,2,58,62,98,1,66
1,6.29,3,5,4,96,67,88,1,74
1,7.84,3,2,2,65,87,75,0,66
5,8.16,2,1,0,93,52,94,0,59
6,10.0,0,3,5,54,71,54,1,71
5,7.56,2,6,3,70,50,52,1,71
1,7.76,1,7,3,85,83,69,1,77
3,7.07,4,7,2,76,53,80,1,77
6,5.74,0,5,3,100,91,49,0,64
2,6.52,2,5,3,57,74,98,1,65
4,6.23,0,1,3,68,86,73,1,51
2,9.01,4,1,1,83,82,69,1,72
3,7.73,3,5,4,66,74,64,0,76
2,6.48,3,7,4,77,89,45,1,79
6,7.45,4,3,5,59,79,94,0,74
1,6.09,3,1,0,60,62,91,0,50
1,5.93,0,1,3,68,79,76,0,49
3,9.3,3,2,2,82,52,56,1,71
2,9.72,4,4,3,54,45,75,0,78
6,5.4,4,2,0,61,68,79,0,53
4,8.82,4,3,3,62,81,71,0,77
2,7.27,1,7,1,43,54,61,1,62
2,6.94,0,4,0,98,99,94,0,61
4,8.45,4,7,4,63,97,72,0,89
5,6.33,0,5,4,53,44,94,1,57
3,5.1,1,7,1,76,72,61,0,60
6,6.07,0,3,4,94,79,75,0,61
3,5.92,2,3,5,93,41,57,0,64
4,5.17,1,2,1,98,72,67,1,51
6,6.61,1,4,4,98,64,52,1,67
1,7.37,3,3,4,60,98,57,0,71
1,8.68,4,4,5,94,66,62,1,86
6,6.63,1,7,3,82,95,74,1,73
3,5.97,0,6,0,91,98,57,0,61
3,6.15,2,7,4,78,87,49,0,75
1,9.46,0,5,0,52,64,90,0,63
1,6.02,0,4,0,58,44,97,0,46
4,9.4,2,2,4,95,90,41,0,78
6,7.24,3,7,0,65,82,53,0,72
3,9.67,4,2,5,75,79,71,0,83
4,7.04,1,3,1,91,43,98,1,57
3,5.89,4,4,5,83,53,69,0,72
1,7.75,3,7,2,85,56,58,0,78
6,7.94,2,2,1,72,80,44,1,62
5,8.18,4,1,4,79,66,97,0,72
6,7.06,0,2,1,55,75,87,0,50
2,5.24,1,5,5,92,99,71,0,69
5,8.13,1,1,2,96,73,97,0,62
4,9.67,3,4,1,58,49,49,0,72
5,9.79,3,6,0,76,90,44,0,82
5,7.98,2,3,4,53,61,53,1,66
4,5.1,3,1,0,83,80,78,1,51
6,5.53,4,2,0,83,61,81,1,56
4,9.17,1,7,4,69,67,82,1,81
2,9.15,2,7,4,70,87,58,0,85
1,9.73,3,3,3,59,99,50,1,79
1,7.82,0,6,2,83,59,74,0,67
5,9.32,1,6,0,82,88,78,0,75
4,9.12,2,3,5,86,41,85,1,75
4,7.95,1,3,0,46,62,77,1,54
4,8.92,4,3,4,81,90,61,0,83
2,5.63,3,4,4,76,73,91,0,67
2,8.2,3,4,1,86,87,98,1,74
6,9.77,3,4,0,41,55,84,0,68
3,5.81,0,7,0,61,67,85,0,55
3,8.72,4,2,4,52,93,69,0,75
3,6.6,0,4,5,85,53,91,0,63
6,9.09,4,3,5,91,91,69,0,87
4,8.49,4,1,0,77,40,86,0,63
3,9.63,4,1,2,70,80,89,1,74
4,8.56,3,6,3,40,54,50,0,74
5,7.05,3,1,4,86,54,61,0,65
3,5.05,3,1,4,82,64,49,1,57
5,8.96,0,1,0,52,82,82,0,53
6,7.04,2,6,5,99,44,58,0,77
1,8.35,4,5,3,56,47,93,1,75
2,5.53,0,7,3,43,61,54,1,57
6,9.45,3,1,5,94,78,99,1,80
6,7.18,3,1,4,82,100,74,0,69
6,9.6,2,1,4,70,77,74,0,72
3,8.54,3,7,4,94,78,40,1,89
5,5.61,4,6,2,72,90,86,0,72
2,7.9,1,2,0,53,85,84,0,55
3,9.55,3,5,2,60,82,86,1,79
1,9.0,2,7,4,61,90,92,1,84
2,7.09,1,1,3,44,97,57,1,55
6,9.78,4,6,0,94,53,65,1,84
4,6.34,4,6,0,93,58,99,1,71
1,6.88,4,4,5,92,65,57,1,78
5,8.75,2,7,4,76,77,80,1,84
1,6.16,1,7,4,71,72,57,0,70
3,7.58,4,2,4,96,85,82,0,77
4,8.64,3,6,4,42,51,57,0,76
3,8.22,1,6,4,80,68,71,0,76
2,5.78,4,5,4,52,51,77,1,67
6,8.15,1,4,0,50,68,97,1,59
6,7.86,3,4,2,89,80,66,0,74
1,7.79,0,2,3,81,100,88,1,63
6,9.13,4,6,4,94,80,95,1,92
6,5.92,3,4,3,77,85,68,1,67
2,8.76,2,3,5,63,59,88,0,72
5,8.8,4,2,0,48,73,80,0,65
5,8.61,0,2,3,52,85,59,0,60
3,7.53,3,3,0,61,94,99,0,64
3,6.98,3,2,1,57,69,74,1,58
5,6.97,1,4,2,49,68,62,1,58
1,8.67,4,4,1,86,78,95,0,78
5,7.49,0,7,0,51,86,51,0,62
3,6.69,2,4,5,91,93,92,1,74
4,8.13,1,3,1,69,79,74,0,62
6,9.19,4,7,0,86,90,75,0,86
2,5.31,0,4,1,85,41,81,0,49
4,9.86,1,3,0,58,65,93,0,64
4,5.48,0,3,2,58,40,67,1,45
6,7.56,0,3,5,92,67,76,0,67
5,7.8,1,7,2,49,90,59,0,71
1,5.69,1,2,2,40,95,74,1,49
4,9.58,4,5,0,96,99,93,1,85
1,7.36,1,6,3,91,47,46,1,70
2,5.72,4,3,1,46,70,73,1,57
2,8.56,0,4,1,94,78,45,1,67
2,8.32,1,3,1,94,99,58,1,68
3,9.81,4,6,5,50,89,81,1,91
4,7.21,4,1,1,92,58,47,1,64
2,6.34,2,2,2,43,52,87,1,51
3,5.3,4,4,3,75,55,69,1,65
2,8.67,4,2,1,100,62,41,0,73
5,8.09,2,2,3,60,50,55,1,62
4,9.86,3,1,0,61,63,92,1,65
3,8.56,1,3,0,49,96,85,1,60
2,9.67,2,4,5,62,93,63,0,82
3,9.96,4,5,1,44,49,64,1,76
2,7.14,4,2,4,100,90,52,1,76
5,5.75,1,6,5,87,96,94,0,72
1,5.98,0,5,2,99,44,48,1,58
2,6.59,2,5,5,51,51,69,1,66
1,7.54,3,7,1,96,75,48,0,79
4,5.61,1,3,2,69,96,79,1,56
5,6.51,1,5,1,96,65,46,1,63
4,6.54,2,4,2,72,67,55,1,62
1,5.02,4,3,4,76,55,77,1,63
5,6.77,4,6,4,57,41,71,1,73
6,5.58,3,5,5,43,65,100,1,65
5,7.15,2,3,0,66,43,99,1,55
5,5.98,1,4,5,86,68,68,0,65
6,9.11,2,2,1,62,55,82,0,63
3,5.4,0,1,4,97,61,90,1,52
3,9.33,1,3,4,45,82,79,1,69
3,7.9,3,6,5,46,45,90,1,75
1,7.29,3,1,1,58,67,54,1,57
5,7.75,1,7,5,85,50,50,0,78
2,6.88,4,2,5,54,81,48,1,69
6,5.64,1,6,5,92,86,55,0,71
2,8.83,1,4,1,87,60,64,0,68
1,9.64,0,6,0,61,65,71,0,68
6,9.75,1,2,4,71,78,84,1,72
2,8.35,2,1,2,54,92,49,1,62
1,7.05,2,4,1,98,86,49,1,68
1,7.39,3,6,1,45,61,69,0,67
1,8.28,4,5,1,45,69,96,1,72
6,9.12,3,5,5,96,69,59,1,87
2,6.87,0,3,5,45,72,80,1,58
2,9.58,1,5,1,51,79,99,1,70
4,6.62,3,6,4,41,69,73,1,70
1,7.65,1,1,2,64,76,40,1,56
3,9.81,3,5,0,43,92,71,0,75
5,9.69,1,3,3,94,69,79,0,75
4,8.48,3,4,4,45,65,70,1,73
4,6.62,2,5,4,96,45,87,0,70
6,6.1,0,3,3,81,93,93,0,58
4,5.4,3,5,3,100,95,100,1,72
2,8.54,2,7,1,90,43,50,1,76
6,7.52,4,5,2,95,54,97,0,77
6,7.86,3,6,4,76,75,80,0,81
3,7.36,1,1,4,77,42,96,0,57
1,7.41,0,3,0,53,96,58,0,54
4,7.86,2,3,3,86,55,89,0,68
1,9.57,2,2,3,58,55,100,0,68
1,5.15,0,2,4,90,79,46,0,54
1,9.01,3,3,3,46,92,92,0,73
6,6.95,1,6,1,93,66,68,0,67
1,8.72,4,1,0,57,95,81,1,66
4,9.74,3,5,4,97,45,77,0,86
6,6.53,0,4,5,100,60,92,0,66
4,5.45,3,6,0,83,52,75,1,62
6,6.16,3,5,5,47,48,72,0,67
5,6.11,0,4,1,67,80,75,1,53
5,8.71,0,1,0,60,82,65,0,53
5,5.31,4,2,5,94,47,68,0,66
5,5.25,0,3,3,74,67,100,1,51
6,8.47,0,1,4,86,84,68,1,64
1,7.78,0,4,0,49,97,74,0,57
3,7.09,2,6,2,92,58,42,1,71
2,7.88,0,3,4,67,68,85,0,63
3,8.68,0,4,0,58,70,44,0,59
5,5.52,0,5,4,83,96,72,1,63
1,7.77,4,5,5,74,93,50,1,84
4,9.12,3,6,0,67,96,45,1,78
1,6.81,0,5,0,85,72,41,0,58
4,8.82,0,3,3,88,88,52,0,69
3,9.23,4,2,0,98,45,40,1,72
1,9.1,3,2,2,42,83,66,1,68
1,8.25,4,4,3,78,43,79,0,75
2,8.59,1,2,2,66,92,81,1,64
3,8.94,1,2,5,96,55,54,0,72
1,8.67,1,4,2,56,92,74,0,68
4,7.26,0,4,1,54,42,69,1,52
1,5.8,4,4,2,91,64,45,0,68
4,6.55,0,3,0,81,56,73,1,50
5,6.04,1,7,4,78,61,60,0,69
1,6.81,3,4,3,61,57,71,1,66
4,7.45,3,3,3,59,71,96,0,67
3,9.8,4,3,3,66,57,94,1,79
5,9.8,3,3,4,74,96,59,1,83
1,8.85,1,7,2,93,65,74,0,79
2,9.9,4,4,5,86,89,48,1,91
4,9.99,4,2,1,91,64,91,1,77
2,9.43,1,6,0,44,67,76,0,68
1,5.4,1,6,5,41,99,45,1,64
4,7.13,1,7,3,80,79,49,1,73
1,7.67,1,2,0,89,62,92,0,57
5,5.62,4,7,2,84,47,48,1,72
5,9.04,3,4,5,59,52,72,0,78
1,5.74,1,2,1,95,83,98,1,54
1,6.92,2,7,3,46,96,55,0,72
6,5.34,4,4,2,75,86,71,1,66
1,7.62,0,7,5,47,49,77,1,68
1,7.99,3,3,1,66,80,87,0,67
2,8.68,4,5,5,45,42,59,1,79
2,6.7,1,1,3,63,49,59,1,52
5,7.95,2,7,2,75,88,42,0,78
2,8.67,0,6,0,44,54,53,0,60
1,8.81,3,7,5,59,63,60,0,85
3,6.51,1,4,4,94,100,47,1,70
1,5.34,4,3,3,59,100,91,1,64
6,5.19,4,5,1,92,49,94,0,65
4,8.84,3,3,1,80,91,85,1,73
5,6.93,2,1,4,79,60,63,0,61
2,5.67,1,6,4,73,85,86,0,67
3,5.92,3,2,2,78,98,60,0,62
4,8.83,3,2,4,99,87,81,1,79
3,7.99,4,3,3,89,93,71,1,78
5,7.51,3,1,5,49,77,56,1,65
2,8.12,0,3,4,42,78,79,0,61
6,5.69,0,2,3,88,81,97,1,54
5,6.6,1,3,0,73,90,90,1,56
3,6.87,3,5,4,74,89,43,0,75
3,6.57,4,1,0,76,67,81,1,58
5,9.32,1,2,5,84,80,62,0,74
1,7.91,2,6,1,84,41,96,0,70
5,8.65,4,6,5,77,80,75,0,89
2,6.18,2,3,4,85,97,100,1,67
2,6.32,1,1,1,62,43,91,1,45
6,6.13,0,3,5,76,82,61,0,60
5,8.44,4,2,0,60,88,64,0,67
4,6.75,4,1,1,66,42,43,0,56
2,7.03,1,2,0,95,71,49,1,56
2,8.55,4,5,2,40,97,63,1,77
2,9.86,4,5,5,48,86,74,1,88
1,5.81,1,6,5,42,73,89,1,64
4,5.31,3,4,0,98,55,53,0,59
5,5.97,1,1,2,77,43,59,0,48
1,8.67,4,5,1,75,57,85,0,77
2,5.97,1,4,0,73,67,100,0,53
4,7.92,4,6,2,69,81,91,1,79
4,7.95,2,1,0,70,45,94,0,54
1,6.47,2,2,3,69,82,53,1,60
2,5.34,0,3,5,55,81,78,1,54
1,7.0,1,3,3,68,40,48,0,57
3,5.93,1,2,1,45,55,97,1,45
2,5.92,2,5,3,53,76,73,0,62
1,7.61,2,3,5,49,48,59,1,65
5,8.37,2,2,4,63,56,42,0,66
2,5.38,0,4,2,75,75,51,0,53
6,7.89,0,4,5,63,73,90,1,67
2,6.23,3,2,5,46,98,87,0,64
3,8.37,1,1,4,88,70,78,1,66
1,9.05,0,5,3,76,73,51,0,72
6,9.04,4,5,1,85,76,81,1,81
3,6.85,1,2,4,87,73,61,0,62
5,7.84,3,3,5,79,84,74,1,76
2,8.97,2,6,1,87,76,79,1,78
6,5.3,3,5,0,77,40,70,0,57
1,8.03,1,5,5,64,92,95,1,75
1,9.18,2,4,4,82,100,46,0,81
5,6.86,3,4,0,94,54,48,0,65
3,7.28,3,4,4,73,70,90,1,73
6,8.49,1,6,2,40,90,76,0,69
5,5.34,0,5,1,67,53,61,1,50
3,6.93,4,5,0,80,83,48,0,71
4,6.48,3,6,3,68,73,55,1,72
4,5.08,4,7,4,71,98,91,1,77
3,5.98,1,5,5,44,91,60,0,64
1,6.98,1,3,0,73,40,48,1,52
1,5.99,0,3,4,98,74,51,1,60
4,8.01,2,3,4,85,50,66,0,70
1,7.24,4,7,4,100,56,91,1,85
1,5.2,3,1,0,91,95,86,0,54
3,6.38,2,5,0,65,44,89,1,57
2,5.1,4,6,4,52,56,48,0,67
3,6.79,4,5,3,51,57,66,1,70
1,6.3,2,6,5,61,64,67,0,70
3,8.44,2,7,1,48,94,74,0,74
6,6.54,0,2,4,95,74,82,0,60
4,6.88,3,2,3,45,86,77,1,62
2,8.63,3,1,1,75,55,71,1,63
6,7.4,3,2,4,49,86,80,1,66
6,7.78,2,3,1,76,88,42,0,65
1,9.21,0,1,4,98,89,95,1,69
1,6.03,1,1,0,98,62,48,0,49
6,9.95,0,1,4,71,79,42,1,67
6,9.5,2,4,4,43,60,90,1,73
5,6.43,0,7,4,91,68,75,1,70
5,9.46,2,2,4,95,99,52,0,79
4,8.77,4,5,3,43,85,88,1,79
6,9.65,4,4,2,52,75,73,1,78
3,8.46,1,6,3,55,49,69,1,70
2,8.37,4,3,3,82,59,55,1,76
5,5.02,1,4,0,90,92,72,1,55
1,7.37,3,3,4,89,46,74,0,70
6,6.0,2,7,3,65,69,55,1,69
3,6.62,3,5,1,72,68,77,0,66
2,9.89,3,5,4,92,94,79,0,90
3,5.43,1,2,0,43,91,44,0,44
3,8.61,2,6,5,65,40,47,0,78
1,5.86,1,4,5,48,60,93,1,58
5,5.04,0,5,0,80,46,72,1,48
3,7.51,3,7,1,50,83,90,0,73
2,5.81,2,3,5,44,43,69,0,56
5,9.83,3,5,0,92,78,41,1,81
4,6.02,0,2,5,77,95,77,0,59
1,5.96,0,3,4,91,54,95,0,57
5,5.16,2,1,2,71,73,77,0,50
5,6.65,2,6,2,68,41,59,1,65
3,5.12,0,2,3,77,76,91,1,50
2,7.49,3,7,0,79,42,48,0,71
3,7.53,4,7,4,67,87,40,1,85
2,5.27,3,7,1,92,43,41,1,66
1,6.2,4,7,1,63,86,91,1,73
5,9.16,1,2,4,95,88,58,1,74
6,7.31,2,1,4,58,82,55,1,61
2,7.17,0,6,1,93,75,80,1,66
2,8.49,1,7,0,40,66,44,0,66
3,8.57,3,5,5,44,43,71,0,75
3,8.81,4,2,3,62,75,95,1,73
4,9.15,2,1,3,92,58,59,1,69
2,6.16,4,6,3,58,73,82,1,72
1,5.33,3,1,4,41,55,91,1,51
5,6.9,3,6,1,99,91,53,0,76
5,9.28,0,2,1,87,84,97,0,64
5,5.39,1,4,1,41,79,52,1,50
2,7.88,2,7,5,48,90,66,1,80
3,8.51,0,2,1,57,61,74,0,55
1,7.41,4,7,1,55,71,96,0,75
5,6.28,1,6,2,78,41,97,1,62
2,6.63,2,4,5,48,56,73,0,64
6,5.36,4,5,4,83,62,98,1,71
4,6.46,2,1,5,90,83,55,1,65
4,5.22,2,3,4,62,85,67,1,59
5,8.63,1,2,2,72,51,82,1,61
3,9.49,4,3,3,99,93,74,1,86
4,8.17,0,5,0,77,52,54,0,61
4,8.28,0,2,5,98,49,42,0,66
4,7.36,0,3,4,73,43,66,0,59
4,5.78,2,5,4,65,46,66,0,63
5,5.04,3,4,2,56,93,90,0,60
2,6.72,1,5,4,92,41,43,0,67
1,8.76,0,2,4,53,54,60,1,60
1,9.8,1,6,3,52,75,61,0,77
3,7.16,2,6,2,61,48,44,1,66
2,6.83,1,7,5,82,63,80,1,75
6,7.23,0,7,4,87,45,78,0,70
1,7.14,0,6,1,57,100,62,0,63
6,8.13,2,2,2,59,88,62,1,64
1,8.67,2,2,3,69,46,52,0,65
1,8.92,4,5,5,74,55,99,1,85
3,8.25,2,2,0,72,56,66,1,59
4,7.19,3,7,4,85,69,94,1,81
3,9.75,3,5,1,56,47,89,1,74
1,8.56,0,6,1,74,42,95,0,65
2,7.13,2,7,0,51,64,54,1,65
4,7.23,3,1,2,41,68,51,1,56
2,9.09,3,1,3,73,60,49,1,69
2,7.2,4,7,4,51,93,88,1,82
2,7.58,2,7,4,65,91,77,0,79
4,6.46,4,1,5,71,45,67,1,64
2,9.19,1,3,4,60,96,82,1,72
4,7.61,4,1,1,44,62,74,1,59
6,7.76,1,1,2,67,89,77,1,58
1,9.4,1,5,0,62,50,93,1,66
5,9.6,2,5,2,87,45,95,1,77
2,9.12,1,6,3,71,66,59,0,76
3,5.33,1,7,3,44,66,51,0,60
6,7.22,4,2,0,74,52,42,0,61
3,6.72,2,2,1,97,100,41,1,63
5,6.07,2,2,5,45,99,67,0,61
4,9.54,1,6,0,58,48,61,0,68
5,9.45,4,5,5,83,47,74,0,88
3,7.33,4,5,3,79,84,84,0,78
5,5.67,4,1,1,45,66,91,0,51
1,5.07,4,4,2,53,71,48,0,60
5,7.19,0,5,3,94,68,62,1,67
2,5.2,1,6,1,100,85,56,1,63
1,8.05,1,4,1,42,72,53,0,59
2,8.04,1,5,4,50,44,91,1,66
5,9.49,2,6,2,78,77,71,0,81
1,5.95,2,5,1,80,48,98,0,60
1,6.86,4,3,0,63,91,79,1,64
5,9.3,2,4,5,82,52,97,0,79
6,7.37,3,7,2,84,72,75,0,78
4,5.3,1,7,2,57,69,72,1,60
4,5.55,1,3,3,70,93,49,1,57
4,9.07,0,1,2,49,64,52,1,55
1,8.72,0,3,2,65,45,73,1,59
4,9.38,3,3,4,68,78,44,0,78
1,5.59,0,6,2,41,49,45,0,51
6,8.8,4,7,5,69,75,72,1,91
5,8.28,4,1,5,78,100,44,1,78
5,6.16,1,4,5,86,89,63,0,68
1,9.87,4,2,1,49,100,86,0,74
1,7.85,0,5,0,51,87,47,0,59
6,9.53,3,6,5,59,58,57,0,85
4,9.3,4,4,4,96,50,64,1,85
6,6.67,1,1,4,93,56,57,0,58
5,7.68,1,3,4,80,41,75,1,64
5,7.16,0,2,4,98,46,65,0,60
2,8.55,4,3,3,58,80,59,1,75
4,7.94,0,5,4,93,96,59,0,74
5,8.92,1,1,3,45,70,78,1,60
2,5.06,3,2,3,95,96,79,1,63
1,8.44,4,4,2,62,98,100,1,77
5,6.6,3,4,0,58,70,63,1,60
3,6.12,4,1,2,70,85,59,1,61
4,9.01,1,1,3,72,56,84,0,63
2,5.45,4,6,2,41,54,43,0,63
4,6.14,1,3,1,54,46,61,0,49
4,6.02,2,2,4,50,69,64,0,56
3,7.1,1,5,4,65,78,60,0,68
6,6.61,1,1,3,57,53,57,0,51
1,8.6,4,2,2,40,70,84,0,67
4,8.5,3,6,1,71,48,85,1,74
5,6.63,1,7,1,43,48,48,1,59
1,7.18,4,1,5,61,88,83,0,70
5,6.04,1,1,1,75,97,48,1,52
1,8.35,0,4,3,68,92,98,1,67
1,6.98,0,7,5,75,41,72,1,69
2,5.66,0,2,2,98,83,80,1,54
5,5.64,0,4,1,96,61,46,0,54
5,6.61,3,6,1,89,55,72,0,70
1,8.74,1,4,2,72,41,41,0,65
4,5.13,0,7,2,78,54,89,0,58
5,6.29,4,6,4,53,45,47,1,71
3,5.81,0,7,0,87,62,72,0,59
3,9.78,2,2,0,86,93,98,1,71
1,8.53,2,6,1,76,67,74,0,74
6,6.17,3,6,2,84,82,68,1,72
1,6.04,2,4,4,44,100,71,1,63
1,9.29,4,7,3,89,56,40,1,90
4,5.95,0,3,0,100,75,92,1,53
4,9.99,2,7,5,61,58,70,0,87
2,6.41,2,5,0,44,44,91,0,54
6,5.42,3,5,2,76,62,74,1,63
6,8.45,2,3,3,77,83,79,0,72
6,8.05,0,1,0,85,58,83,0,52
6,10.0,1,4,4,73,40,78,0,74
6,9.01,0,5,0,54,66,59,1,62
1,7.14,2,2,2,87,82,72,1,63
1,8.38,2,6,2,76,64,62,1,75
2,9.09,2,6,5,66,93,42,1,85
3,7.57,3,1,5,87,45,92,1,68
3,6.36,4,5,3,40,75,51,1,68
2,6.05,0,7,0,68,98,47,1,60
2,6.48,2,4,3,100,56,80,1,67
5,9.24,1,5,0,47,51,86,1,63
1,6.9,3,4,1,72,64,97,0,64
6,6.43,4,1,0,46,49,50,1,51
5,9.03,2,7,2,68,94,65,0,82
4,5.16,0,7,2,70,99,62,1,61
1,7.97,1,7,1,77,97,77,1,74
2,9.37,3,6,0,47,85,44,0,75
3,7.05,0,3,0,70,78,71,1,53
1,6.35,0,6,2,76,98,44,1,64
2,7.46,3,4,1,98,94,87,1,73
1,8.59,0,4,2,54,94,54,1,64
1,7.58,1,1,1,93,63,100,1,57
1,5.04,1,1,2,91,50,82,0,47
4,5.39,0,2,4,97,63,91,0,54
3,8.61,2,6,0,71,42,62,0,69
1,7.0,0,6,3,65,79,88,0,65
2,8.92,2,1,4,87,59,67,0,70
4,8.25,0,5,2,88,62,58,0,67
5,7.91,4,4,1,50,44,93,0,66
1,9.51,1,7,3,62,99,97,0,82
4,5.11,0,3,1,73,75,56,0,47
6,5.78,1,1,5,72,52,54,1,53
5,8.12,3,7,1,56,75,52,1,75
3,5.33,4,4,5,72,45,62,0,67
1,8.22,2,3,5,41,41,57,0,65
1,9.92,3,2,0,99,68,62,0,74
4,9.39,4,5,2,88,44,55,0,82
3,7.95,3,2,0,100,54,59,1,65
6,9.47,1,1,5,43,47,64,1,63
5,5.58,4,5,1,51,73,71,0,62
2,7.27,3,2,0,68,92,60,1,61
3,7.14,2,4,4,81,94,40,1,73
1,6.68,4,1,5,81,76,67,1,70
4,5.0,4,6,1,86,65,66,1,67
6,9.46,3,2,1,82,48,91,0,69
4,8.89,0,5,4,78,96,66,1,76
5,8.26,2,5,1,81,47,84,0,69
3,5.64,2,6,3,58,53,75,1,62
4,6.89,3,7,3,96,87,51,1,81
2,9.62,1,3,2,89,64,54,1,71
2,8.08,1,5,2,41,73,59,0,64
4,8.02,0,5,0,46,42,83,1,55
1,9.57,0,7,0,100,71,58,0,76
4,7.8,3,1,4,96,75,90,1,71
6,7.99,1,5,4,85,86,65,0,75
3,6.73,2,3,5,61,44,86,0,63
5,6.86,1,5,1,50,54,60,0,57
2,8.43,3,3,2,72,97,76,0,73
4,6.6,1,7,5,93,67,82,1,76
6,7.8,4,4,2,59,57,89,0,70
2,6.4,3,3,2,44,84,49,1,60
2,5.83,4,1,2,43,50,67,1,52
5,7.27,3,2,0,53,49,65,0,55
2,6.09,2,6,3,42,43,52,0,61
6,9.49,3,2,5,89,59,64,0,80
2,6.52,3,4,4,57,44,90,0,65
2,7.99,3,1,4,97,93,70,1,74
4,6.32,3,4,2,66,40,59,1,61
4,6.29,0,4,2,43,52,54,0,50
3,6.75,4,5,0,42,85,57,0,65
1,9.58,3,5,0,66,61,79,0,74
6,6.96,3,1,4,67,87,62,1,65
1,9.11,0,2,2,61,52,42,1,59
1,5.99,1,3,2,81,54,50,0,55
2,5.24,0,5,5,68,48,66,1,57
5,8.91,0,1,4,55,42,76,1,57
5,7.71,0,1,0,74,41,51,0,48
2,7.52,3,7,5,58,51,72,1,79
6,6.36,0,2,4,91,63,67,1,57
1,5.36,0,1,0,69,57,45,0,39
3,7.41,0,6,0,54,95,97,1,61
1,9.34,3,1,5,44,97,45,0,74
5,5.6,2,2,5,70,75,83,0,60
1,9.65,2,5,0,82,64,60,0,74
4,6.37,1,2,2,70,91,64,0,56
4,7.66,3,4,4,48,54,86,1,69
3,5.33,0,5,0,52,40,75,0,45
6,7.13,0,4,3,82,47,57,0,60
1,5.63,0,1,0,60,88,83,1,42
4,5.24,2,4,0,85,76,78,1,56
6,9.83,0,2,5,70,46,44,1,68
4,8.65,0,2,0,40,74,62,0,52
6,8.6,2,7,1,80,77,62,0,78
6,5.45,0,3,5,52,84,62,1,54
4,9.65,1,7,3,73,55,74,1,80
2,7.35,4,7,2,100,98,68,1,86
5,9.26,1,6,5,75,56,44,0,80
6,5.06,3,7,4,55,77,100,1,69
2,6.49,1,1,4,49,69,56,0,53
1,9.98,1,2,5,77,76,77,0,75
2,7.14,2,5,4,80,57,91,1,71
4,9.44,3,7,5,73,75,41,0,91
2,6.64,1,7,2,64,51,58,1,64
5,7.63,4,7,0,96,67,86,0,79
4,9.27,1,2,3,40,87,42,0,64
3,8.03,0,5,4,51,50,69,1,64
1,8.63,2,1,1,99,99,72,1,68
3,6.14,0,6,1,98,98,62,1,65
2,5.78,3,3,3,61,82,65,1,62
6,6.15,3,3,4,99,94,69,0,72
2,7.47,2,4,0,93,45,58,0,63
6,9.0,1,2,4,96,98,78,1,75
3,6.77,3,1,0,61,65,65,1,53
3,7.82,4,4,4,100,55,71,0,80
6,9.02,2,1,1,87,77,81,0,66
5,6.19,0,1,2,41,48,67,0,41
1,9.41,4,4,5,84,57,48,0,86
4,9.77,2,1,3,47,72,100,1,66
3,5.19,4,4,0,72,89,87,1,61
1,5.3,2,7,2,44,58,70,1,60
4,5.45,0,7,0,49,48,54,0,50
2,8.88,1,6,3,42,85,71,1,73
4,5.95,2,2,2,50,83,52,1,53
3,8.63,3,4,2,93,81,61,1,78
5,7.21,0,2,5,69,48,79,0,58
5,9.18,0,7,5,67,83,98,1,81
1,9.04,4,3,3,44,44,50,0,71
2,9.8,3,4,3,51,62,72,0,76
1,6.26,4,7,0,83,90,63,1,74
6,6.15,0,6,2,84,81,79,0,63
5,5.16,2,3,3,68,73,83,0,56
1,7.05,3,4,5,65,77,90,1,73
6,7.3,0,1,0,68,61,45,1,47
2,9.82,3,3,4,68,44,55,0,77
4,9.15,2,5,5,53,40,69,0,75
1,5.83,1,5,3,75,65,69,1,61
6,8.99,4,5,5,74,57,53,1,85
5,5.89,4,3,5,88,94,93,0,74
4,5.39,0,2,2,47,65,46,0,43
1,9.19,0,4,4,55,54,42,0,67
5,9.88,2,1,3,82,41,70,0,69
4,5.44,0,1,1,44,92,49,1,41
3,9.07,0,7,2,55,54,72,0,70
5,9.3,0,3,5,95,50,100,0,72
3,5.59,3,5,2,80,97,96,0,68
2,6.42,3,6,0,52,84,77,0,65
1,8.67,1,7,1,47,59,76,1,69
6,9.04,3,1,3,93,86,54,1,75
1,6.77,4,6,1,65,81,89,1,72
5,5.8,1,7,5,95,56,43,1,72
3,8.24,0,6,3,44,44,76,0,64
3,8.51,4,1,0,48,72,81,1,62
4,7.52,1,2,5,77,90,43,1,67
1,5.72,1,1,5,41,83,49,0,52
1,9.22,4,7,4,46,64,91,0,86
5,8.23,1,1,1,69,46,98,0,54
3,9.35,4,4,2,56,73,61,0,77
5,9.66,1,1,3,97,92,70,0,72
5,9.03,1,4,1,83,54,75,1,68
2,9.79,1,7,3,70,91,100,1,83
3,9.77,4,5,1,40,52,51,1,75
5,8.1,1,2,2,67,71,48,0,60
3,8.64,3,7,3,69,78,67,0,83
5,8.5,3,6,3,86,53,73,1,81
6,8.11,3,7,4,70,59,44,1,82
5,5.1,3,1,0,63,55,69,0,46
5,6.78,3,2,1,70,69,55,0,59
6,5.5,0,7,2,99,80,58,1,65
1,6.5,1,6,4,92,58,95,0,70
3,5.34,2,7,4,50,61,53,1,65
4,9.6,0,7,0,81,76,86,1,74
6,7.26,4,2,2,55,49,90,1,62
1,5.95,0,6,5,48,47,63,1,59
5,7.92,2,6,1,69,68,95,1,70
2,5.98,0,2,3,51,53,89,0,47
1,9.02,1,3,0,93,50,50,1,64
6,6.53,3,4,3,86,69,52,1,69
2,6.57,1,6,4,100,72,49,0,73
5,9.35,0,6,3,55,81,68,0,73
1,7.8,2,6,1,72,73,78,0,71
4,9.44,4,6,5,45,78,66,0,87
3,7.06,1,2,1,84,88,93,1,58
3,6.72,2,6,5,40,76,98,1,70
6,7.53,4,5,3,52,95,40,1,76
5,5.31,3,1,3,76,81,71,1,57
5,5.77,1,7,0,74,76,57,0,61
3,6.1,1,6,5,83,44,43,0,68
1,9.08,3,2,1,65,80,55,0,69
5,8.67,3,7,3,81,82,57,1,86
4,5.97,0,6,2,48,86,60,0,57
4,6.38,4,2,0,56,98,90,1,59
5,9.72,2,6,0,77,44,86,1,74
5,5.43,3,1,0,85,56,93,0,51
3,7.74,0,6,0,74,58,64,0,62
6,7.61,4,5,5,64,85,49,1,81
3,8.63,4,6,5,89,92,46,0,92
6,6.31,1,6,3,99,95,92,1,72
4,9.67,0,7,4,98,65,40,0,84
6,7.05,0,7,2,46,41,72,1,59
3,6.43,1,2,4,80,53,72,1,58
5,6.68,2,2,4,86,91,58,0,66
6,6.74,3,6,3,70,67,46,1,73
3,5.99,1,5,0,71,43,86,0,53
4,9.64,3,2,0,90,42,84,0,69
2,5.87,0,7,3,87,54,80,0,64
6,9.41,1,5,3,58,61,53,0,72
4,7.02,2,2,5,90,87,77,0,70
4,6.35,3,1,1,56,81,46,0,54
1,5.99,3,5,0,100,89,85,0,68
2,7.52,3,1,2,96,58,82,1,64
6,8.35,0,1,1,96,73,42,1,58
3,9.49,3,2,4,45,49,50,1,70
6,8.26,4,7,5,64,100,47,0,90
6,7.42,3,5,5,96,95,65,1,83
2,5.17,0,3,0,72,73,77,0,45
4,9.58,1,1,3,58,55,42,0,63
4,9.51,3,7,3,54,76,68,0,84
4,6.89,3,1,3,74,75,51,1,62
4,5.15,1,1,0,88,88,57,1,47
2,8.67,4,2,5,71,84,96,0,79
3,8.96,0,2,2,77,94,82,1,64
5,7.71,1,1,3,75,61,46,1,58
1,7.01,0,7,5,71,97,69,1,74
4,9.26,1,6,0,71,71,81,1,71
4,5.96,2,2,4,79,83,87,0,62
1,7.2,4,2,1,93,56,97,1,66
4,5.12,2,2,0,75,48,55,0,47
5,5.82,1,4,0,92,99,86,1,59
6,9.7,1,5,5,99,91,84,1,86
1,7.89,0,7,3,73,72,64,1,72
3,9.03,1,2,1,49,95,43,0,62
1,7.43,0,4,1,83,72,43,1,60
5,9.17,0,4,3,72,41,77,0,66
2,7.69,1,2,2,83,53,89,1,59
3,5.02,0,7,0,94,76,97,1,58
6,9.5,4,6,3,49,100,40,1,87
4,5.74,2,4,5,83,72,81,0,67
1,7.25,1,3,2,90,40,42,0,60
3,7.38,0,4,3,100,86,67,1,68
1,5.24,0,5,4,74,61,85,1,57
6,5.27,0,4,2,61,69,50,0,50
1,8.81,0,2,5,90,66,76,0,69
3,6.5,4,7,2,62,72,41,0,74
5,7.05,1,6,1,46,92,48,1,63
2,7.82,1,1,0,60,55,100,0,50
3,6.87,4,7,3,40,49,100,0,72
1,8.88,4,7,5,52,66,56,0,88
6,9.42,4,3,5,48,76,71,1,80
4,5.3,1,4,3,87,41,100,1,56
4,8.18,3,6,0,89,69,90,0,75
6,6.59,2,3,5,86,85,70,0,70
1,7.92,4,7,5,59,82,60,0,86
2,7.42,4,7,0,86,58,56,0,76
6,6.67,1,5,5,86,58,91,0,69
1,5.47,1,7,5,49,90,81,0,67
3,7.8,2,4,5,65,74,56,0,73
2,5.56,0,4,1,89,50,82,1,52
5,5.78,1,3,0,86,91,66,1,54
1,9.91,2,4,4,83,97,67,0,84
4,6.58,1,7,1,40,71,98,1,61
4,7.92,1,4,2,84,100,78,1,70
2,6.36,1,1,0,56,55,40,0,44
5,9.33,3,3,2,56,56,55,1,70
1,6.42,3,2,1,78,68,42,1,59
5,6.83,4,7,5,82,59,54,0,83
3,8.04,3,2,4,51,75,43,1,68
5,9.35,2,5,4,80,86,75,0,83
3,9.08,1,1,0,54,63,69,0,55
4,6.32,3,3,4,40,82,68,1,63
3,9.15,1,3,5,97,87,62,0,79
1,8.51,0,1,3,93,91,44,1,64
2,9.95,4,1,5,71,92,86,1,82
2,9.68,3,5,1,50,43,50,1,72
1,7.67,1,2,5,44,44,95,1,58
1,8.75,0,6,4,90,58,58,0,76
1,7.85,4,3,1,57,87,47,0,69
6,7.97,4,6,1,89,90,82,1,82
3,5.51,0,1,5,57,63,50,0,48
1,5.01,3,3,5,62,99,100,0,64
2,5.24,3,2,3,91,87,48,0,62
5,9.83,1,3,5,46,40,85,0,69
5,5.63,2,6,5,85,74,64,0,72
6,5.22,1,3,0,65,41,64,0,44
3,6.55,1,1,1,40,49,53,1,44
3,7.94,1,1,3,67,98,70,1,62
3,9.74,0,1,4,97,45,52,0,67
2,8.5,4,2,2,59,79,40,1,70
2,6.38,4,7,0,80,77,69,0,73
6,9.7,2,7,5,87,59,48,0,89
3,5.18,3,7,2,62,58,79,0,65
3,9.9,1,4,3,71,87,68,1,76
1,5.29,0,2,1,97,75,70,1,49
3,8.77,0,1,3,77,87,57,1,63
2,5.23,1,5,0,78,68,42,1,54
1,9.66,0,3,0,57,95,94,1,63
1,5.54,0,3,4,72,80,74,0,55
3,5.25,1,6,3,97,63,41,1,64
5,9.45,2,3,0,64,48,43,1,64
4,5.48,0,7,3,71,71,80,1,62
2,8.99,4,6,4,87,79,54,0,90
5,8.74,4,3,4,89,100,89,1,84
3,7.99,4,5,3,89,44,56,1,79
3,6.89,1,6,5,90,60,65,0,74
5,9.58,4,1,0,67,56,70,1,67
3,9.36,3,4,1,52,63,69,1,71
2,7.13,0,7,5,58,66,62,0,70
1,6.16,2,3,1,42,87,69,0,54
6,6.36,4,6,5,91,57,50,1,80
3,6.1,1,4,4,66,61,72,0,60
3,7.71,2,6,0,56,45,77,1,63
5,9.34,1,2,4,82,67,85,1,71
1,8.87,2,2,4,68,81,44,1,71
5,8.98,2,7,4,88,59,98,1,85
2,7.24,0,3,4,83,96,95,1,65
5,6.61,2,1,3,83,55,74,1,58
3,8.79,3,5,3,91,58,90,1,80
1,8.97,3,6,0,87,47,40,1,76
2,8.48,3,3,5,72,57,43,1,75
3,5.16,1,2,0,67,76,97,1,45
2,7.95,0,2,2,59,100,87,0,58
3,6.74,1,6,1,84,84,97,0,67
3,5.98,4,6,3,73,86,77,0,75
3,8.47,3,6,0,55,70,76,1,72
6,6.34,0,7,5,78,77,46,0,71
4,9.56,3,4,4,93,41,99,1,82
1,6.49,0,5,3,41,94,98,0,59
6,7.78,1,6,1,89,71,49,1,70
4,9.14,1,7,3,67,54,72,0,77
2,7.01,3,6,5,56,98,90,0,79
4,9.14,2,3,1,87,50,98,1,69
4,8.62,0,1,2,59,44,53,0,53
6,9.6,4,4,0,57,81,75,0,75
1,6.63,2,5,5,92,68,86,1,74
5,5.53,1,4,1,67,59,77,1,52
4,7.15,0,7,2,67,59,91,1,65
5,8.93,2,6,5,91,57,94,0,84
5,7.25,4,1,5,55,51,69,0,65
3,6.31,2,6,3,72,96,65,0,71
5,5.14,4,2,0,60,88,70,1,54
2,6.57,1,7,1,44,56,81,1,60
2,8.57,0,6,5,86,43,86,1,75
3,5.74,1,3,5,84,58,58,0,61
1,6.7,0,3,1,76,96,79,0,56
1,5.1,2,7,5,57,100,52,0,71
2,8.61,1,1,0,91,62,62,0,59
3,9.4,0,6,5,44,66,58,1,74
1,7.84,4,3,3,87,89,55,0,77
4,5.13,0,3,3,82,91,64,0,54
1,6.09,1,6,4,50,92,100,0,66
3,7.19,1,4,5,61,81,65,1,68
2,7.94,2,1,3,62,99,100,0,64
4,7.48,4,7,0,65,85,60,0,76
5,9.58,0,4,2,66,91,57,1,70
5,9.69,1,3,0,42,84,48,1,63
5,5.54,0,7,1,90,53,63,0,59
2,5.69,3,7,5,81,43,86,1,74
3,6.79,4,6,4,99,43,79,0,80
5,7.11,4,7,4,41,63,56,1,77
1,7.93,3,5,2,96,62,69,0,76
5,8.87,4,6,5,56,75,43,1,87
6,5.68,3,5,1,42,50,94,0,56
2,9.01,0,4,3,42,72,93,1,64
6,8.05,3,2,3,79,77,67,1,70
5,9.9,2,6,3,55,44,80,0,78
5,8.26,3,2,0,51,66,79,1,60
6,8.58,0,1,3,93,76,48,0,63
2,5.98,4,5,1,90,66,75,1,69
2,8.84,2,7,4,40,70,47,0,78
5,5.4,3,5,0,90,51,99,1,60
2,8.28,0,4,3,43,86,61,0,63
4,5.28,2,7,1,56,45,64,0,58
2,5.58,2,6,2,58,51,97,0,60
6,5.54,2,3,1,43,95,88,0,53
3,5.26,3,1,4,86,93,45,0,61
6,6.61,0,4,1,78,53,65,0,54
1,9.97,0,2,1,59,61,81,0,61
4,6.74,0,6,0,88,94,41,0,63
3,8.8,1,3,4,96,50,70,0,72
5,5.66,4,7,3,93,79,51,1,78
1,7.27,0,1,4,80,91,58,1,59
1,5.93,1,6,2,78,78,96,0,64
4,5.96,1,3,5,43,95,76,0,59
3,5.5,2,2,4,56,77,87,1,56
1,7.16,4,4,0,54,96,76,1,67
3,5.38,2,4,3,94,52,40,0,62
3,9.55,4,5,4,80,45,49,1,85
2,7.24,2,6,5,67,59,99,1,74
1,9.19,3,7,3,55,93,99,0,85
3,9.9,4,4,0,45,41,73,1,71
4,8.39,1,5,1,67,50,55,0,65
1,9.51,1,4,5,71,47,80,1,75
4,5.68,4,1,2,56,69,46,1,55
4,9.15,2,6,4,64,66,52,1,80
3,6.36,3,7,3,78,93,43,0,77
3,7.36,3,2,4,56,43,78,0,63
2,8.23,0,6,0,85,46,70,1,64
2,9.52,4,6,1,54,86,49,1,82
1,9.55,3,3,0,91,63,51,1,73
2,5.46,2,2,5,92,71,73,0,62
5,6.82,2,2,3,89,58,67,1,62
1,8.97,1,5,4,90,81,44,1,79
4,8.52,3,5,3,57,74,67,1,76
2,5.13,3,1,5,85,81,96,1,62
2,7.25,2,3,5,59,90,86,1,69
2,9.15,1,4,0,62,42,50,1,62
3,8.69,3,4,4,44,57,73,1,73
4,7.06,2,2,3,78,76,54,1,63
2,8.68,1,6,4,51,61,90,0,73
6,7.76,1,1,2,56,72,44,0,55
6,9.56,2,6,0,69,77,87,0,76
4,7.94,1,3,0,58,78,60,1,58
2,7.0,1,4,2,71,73,70,0,62
5,9.31,0,2,1,55,88,79,0,60
5,5.25,1,1,5,41,62,46,1,48
1,9.5,3,3,3,51,93,74,0,76
1,8.48,1,6,1,100,74,60,1,75
2,9.7,3,2,4,88,68,79,1,79
1,6.25,2,2,3,92,41,44,1,59
3,8.47,1,7,3,42,100,53,1,75
5,9.05,2,6,5,47,89,73,1,81
4,8.51,4,1,3,76,53,49,0,70
2,6.05,1,1,2,92,87,57,0,55
2,6.38,2,1,0,94,83,56,0,55
6,7.83,4,1,2,63,89,77,1,67
5,7.23,3,3,2,88,47,88,0,66
5,8.68,3,1,2,92,40,95,0,67
5,6.89,3,1,1,64,67,71,0,56
1,9.3,3,1,2,98,42,56,0,70
3,7.16,3,7,0,99,95,95,0,78
4,5.2,0,3,3,64,93,61,0,52
1,5.09,2,4,1,53,46,64,0,50
3,8.23,4,2,5,94,73,90,1,80
5,7.7,4,5,2,85,87,55,0,79
3,7.71,1,6,2,75,71,69,1,70
1,8.95,2,7,3,54,48,94,1,77
5,6.88,0,2,3,71,94,73,0,57
1,9.98,0,3,5,41,74,44,0,70
4,9.73,2,6,1,60,96,83,1,79
5,5.06,3,1,5,43,58,72,1,53
3,9.48,3,3,5,68,85,44,0,81
1,8.4,2,7,0,88,97,79,0,78
6,7.51,4,7,1,68,95,81,1,80
3,7.91,3,4,3,62,54,42,0,70
3,9.21,1,5,0,42,94,77,0,67
5,9.76,0,4,2,93,70,52,1,72
2,7.8,3,1,5,99,100,91,1,76
3,5.91,4,3,2,60,55,47,1,60
1,8.2,3,3,4,55,90,100,1,73
6,5.38,3,1,3,83,86,69,0,59
4,8.18,0,1,4,59,85,89,0,59
6,9.04,1,5,1,74,76,44,1,71
1,6.77,1,4,1,96,46,77,0,60
5,5.36,4,1,5,44,74,98,1,59
1,8.46,2,1,0,87,68,70,0,61
2,6.7,2,4,5,65,41,95,0,65
2,6.25,2,1,3,46,96,41,0,55
2,8.45,4,6,0,91,87,96,1,81
3,9.85,3,5,0,55,73,46,1,75
5,8.73,1,5,1,56,74,55,1,67
2,7.46,1,7,1,41,70,49,1,64
4,8.0,3,4,5,51,51,68,0,72
4,5.71,1,7,3,97,40,69,1,66
1,9.07,1,2,1,52,86,59,0,61
2,8.02,2,5,3,44,68,81,1,69
3,9.83,2,3,4,55,40,73,1,72
4,9.9,0,3,5,67,40,47,0,70
6,6.77,0,2,2,47,54,73,0,48
5,9.94,1,5,5,95,97,73,1,87
6,9.78,2,7,4,67,42,84,0,83
4,8.2,0,1,1,85,53,96,1,54
4,6.67,0,6,2,47,93,75,0,61
1,8.77,2,2,2,68,49,46,1,64
1,6.36,0,1,5,96,42,97,1,55
2,8.15,3,6,5,57,59,53,1,79
5,5.12,3,3,0,91,89,59,0,58
2,8.14,2,6,2,83,94,76,1,78
1,9.76,2,2,3,82,75,72,0,74
3,6.18,0,5,1,55,66,70,1,53
5,8.89,1,3,1,65,88,97,1,65
3,6.47,4,5,0,61,91,72,1,67
2,8.54,3,1,5,54,75,65,1,70
1,8.5,3,5,5,52,86,65,1,80
5,5.92,2,6,0,61,50,90,1,58
2,7.99,1,2,1,99,42,77,1,60
4,9.3,2,1,0,99,63,55,1,65
2,6.91,0,2,2,60,78,51,0,52
6,8.55,1,6,2,89,49,40,0,73
4,8.37,0,1,3,63,65,99,0,57
3,6.29,3,7,5,40,90,83,0,75
4,9.59,2,7,0,68,71,59,0,78
2,7.82,2,2,1,40,91,96,0,58
4,6.78,4,3,5,99,47,89,1,75
6,5.82,1,7,5,40,86,41,1,67
2,7.37,3,2,4,48,52,70,0,63
6,8.65,4,3,1,60,97,57,0,73
4,8.12,4,6,5,53,42,81,1,80
6,8.64,2,4,4,67,92,49,1,76
4,8.96,1,5,4,57,92,94,0,75
5,7.21,2,7,3,98,54,94,1,77
4,7.6,1,1,4,72,92,45,1,63
1,9.93,4,5,2,91,60,41,0,86
6,9.84,0,6,2,82,96,55,0,79
6,7.07,3,3,5,41,81,44,0,68
3,8.43,4,7,3,90,68,100,1,88
3,6.34,2,3,1,73,92,77,0,60
1,5.76,3,3,1,63,86,61,1,58
6,8.84,4,2,5,58,66,97,0,76
6,7.18,1,5,5,41,69,61,0,66
3,5.89,2,7,1,45,98,61,0,64
3,8.79,4,3,1,94,53,40,0,74
4,9.58,1,4,2,54,80,99,1,70
2,9.67,1,6,2,96,100,75,0,83
6,7.98,1,3,3,50,96,88,0,64
6,7.4,3,7,3,97,54,52,0,80
4,5.71,2,5,3,55,85,51,0,63
6,8.96,1,3,1,91,86,52,0,69
1,9.73,4,3,1,60,98,90,0,78
3,9.45,1,1,2,66,85,99,1,64
3,8.76,2,3,2,61,81,98,0,68
2,5.02,3,5,0,42,83,87,0,55
3,7.04,1,6,0,42,91,98,0,60
5,7.05,4,1,5,90,53,98,1,70
1,9.47,2,1,1,60,64,50,1,62
1,5.33,1,3,5,82,66,89,1,59
4,7.66,3,3,2,45,86,57,0,65
5,5.68,0,4,1,64,83,61,0,52
6,8.31,4,7,5,80,100,40,0,93
2,8.96,1,7,5,99,41,43,1,84
1,8.21,1,5,4,76,90,48,0,75
5,8.97,0,6,0,69,56,42,1,65
5,8.04,2,7,3,95,54,47,0,80
1,5.95,0,5,1,78,66,48,1,55
4,6.91,2,2,4,59,94,57,0,64
5,9.78,1,6,3,40,49,44,1,72
3,6.44,0,2,5,74,82,61,0,59
5,5.31,1,5,4,82,85,76,1,64
6,6.92,0,3,2,65,48,93,0,53
1,6.83,1,1,2,60,100,44,0,55
6,7.35,1,4,2,49,42,62,1,57
4,7.8,1,3,5,84,63,55,1,69
2,9.96,3,6,3,68,40,44,0,82
3,8.78,0,6,3,42,77,76,1,69
1,5.18,3,1,2,82,45,83,1,52
5,8.56,1,6,5,91,44,78,0,79
3,9.12,4,5,3,80,43,42,0,82
5,9.48,2,7,2,96,42,65,1,82
4,7.12,0,6,1,82,84,94,1,65
2,6.57,0,3,2,80,69,47,1,56
1,9.2,2,6,5,52,75,60,0,81
4,8.89,3,4,0,48,62,91,0,67
4,7.68,2,7,1,85,46,57,0,72
2,5.59,4,6,5,55,90,44,0,75
4,8.26,1,7,2,99,71,45,0,78
4,5.33,2,2,0,88,82,66,0,53
5,5.5,2,1,2,96,49,96,1,53
6,6.66,1,3,1,86,90,61,1,60
5,6.86,0,4,2,67,90,61,1,59
2,7.31,4,3,3,67,76,77,0,71
3,6.7,2,5,2,50,72,95,1,63
2,5.17,2,1,1,83,65,77,0,49
2,5.79,0,5,4,69,82,82,1,61
2,5.58,4,6,2,50,84,66,0,68
2,7.16,1,5,3,68,70,84,1,66
4,6.06,1,6,1,89,69,85,0,63
2,6.47,3,2,0,95,62,88,0,59
3,7.36,4,5,4,96,68,72,0,81
2,6.18,4,4,5,51,47,81,1,68
5,6.23,2,1,2,47,94,70,1,53
4,9.17,3,2,1,96,55,67,1,71
5,7.74,1,7,3,92,95,69,1,79
4,9.28,4,3,3,49,48,73,0,73
5,7.57,4,5,1,99,43,84,0,74
1,9.55,0,3,3,94,58,56,1,70
6,6.27,1,2,5,98,78,90,0,64
6,8.08,0,3,4,74,83,74,0,66
4,7.52,3,4,0,91,80,75,1,69
1,9.59,4,2,3,75,52,45,0,76
3,7.09,3,1,3,52,51,84,1,58
1,9.27,0,1,0,97,48,68,1,58
4,7.82,1,7,4,91,51,97,1,77
1,8.54,4,1,4,66,63,62,0,71
3,9.43,1,1,4,79,87,53,1,70
4,9.98,3,2,5,41,52,48,1,74
6,8.66,2,2,3,67,74,95,1,68
2,6.57,1,6,3,73,71,54,0,67
1,6.5,1,2,4,60,77,77,0,57
6,6.55,1,5,3,45,53,64,0,59
6,5.49,4,6,2,91,41,59,0,69
5,5.27,3,2,3,99,93,82,0,64
3,7.9,3,2,5,78,60,61,0,72
2,9.05,4,7,4,65,70,46,1,89
1,5.18,1,2,1,75,91,57,0,50
6,7.83,1,1,4,79,74,99,0,63
6,6.86,2,4,1,57,55,56,1,58
3,9.46,1,1,3,81,79,53,1,68
2,5.73,0,6,3,91,65,65,0,63
2,7.82,1,7,5,82,77,79,0,80
6,9.85,2,4,1,78,96,71,0,77
6,6.73,0,7,4,44,42,68,1,62
6,8.71,2,4,0,65,76,79,1,67
6,9.41,2,7,0,50,75,98,1,75
5,5.93,3,4,4,89,77,46,1,70
5,9.96,4,7,3,55,41,96,1,86
2,9.05,2,6,1,58,61,48,0,72
4,5.69,1,6,1,91,42,51,0,59
1,6.55,3,1,4,44,79,42,0,59
3,8.12,0,5,4,46,86,71,0,67
4,9.42,4,7,2,42,81,72,0,84
5,5.97,3,3,5,64,86,54,1,67
5,8.66,2,5,1,49,65,48,1,68
5,6.35,3,1,5,90,66,88,1,66
4,9.03,1,4,2,44,77,83,1,66
5,8.42,1,3,3,71,83,56,0,68
4,7.61,1,5,1,100,47,67,0,66
5,8.25,4,7,5,71,62,100,1,88
6,9.38,3,6,4,44,45,84,0,79
6,6.93,3,7,4,94,64,52,1,81
1,8.85,2,6,3,93,98,86,0,84
5,5.79,0,2,5,82,96,60,0,59
1,8.51,1,6,5,58,97,89,0,79
4,8.75,0,5,0,51,55,86,1,59
1,7.21,0,1,2,70,65,89,0,51
5,8.97,1,3,4,56,54,44,0,67
4,7.79,1,2,5,61,91,46,1,66
4,9.68,2,7,1,98,86,77,0,86
6,5.56,4,6,5,93,71,76,1,79
4,5.65,1,6,1,91,79,58,0,63
4,9.21,0,7,1,86,58,80,0,73
1,9.21,2,3,3,89,53,71,1,73
2,7.36,3,3,0,80,98,95,0,66
4,9.82,2,7,2,61,92,82,1,83
3,8.4,1,5,1,100,87,42,1,73
2,9.91,1,6,1,88,83,78,0,79
6,7.66,4,4,4,95,74,74,0,81
6,6.01,2,6,0,65,65,66,1,60
4,7.22,1,5,4,70,91,77,0,70
1,9.9,0,2,3,94,76,90,1,71
2,6.85,0,1,3,98,52,87,1,55
6,9.79,2,6,2,82,86,47,1,83
6,8.99,4,5,3,45,47,90,0,76
3,7.21,2,4,2,51,53,92,0,61
4,7.71,4,4,4,82,65,58,1,78
2,8.04,0,5,1,66,86,69,0,64
6,8.33,1,2,1,56,95,87,1,60
6,5.38,3,4,0,49,69,79,1,54
6,9.67,1,4,3,84,90,49,1,78
6,7.98,0,6,0,44,79,69,0,60
1,9.66,0,6,0,43,81,48,0,67
5,8.16,1,7,1,78,52,87,1,71
3,7.16,1,2,3,54,75,61,1,57
1,7.83,0,2,1,41,50,70,1,48
3,9.15,1,2,5,88,41,85,1,70
6,6.63,3,7,0,94,69,49,0,72
3,9.78,3,2,3,95,90,75,1,81
4,7.33,2,5,5,92,63,49,1,76
4,9.78,3,5,5,47,99,91,0,86
5,9.4,0,3,5,55,92,92,0,71
5,8.84,0,7,1,59,57,99,1,68
3,7.34,2,3,2,63,62,66,0,61
1,7.93,4,7,5,98,92,54,1,93
1,9.19,2,3,2,74,45,58,1,68
6,7.72,4,4,4,94,85,50,1,82
1,8.69,4,2,4,93,89,71,0,81
5,8.95,1,5,3,56,50,59,0,69
1,7.57,3,5,4,44,46,85,0,70
6,7.68,4,2,3,53,86,99,1,69
4,5.99,1,3,0,53,72,54,1,49
1,6.22,2,6,2,85,97,43,1,71
1,9.52,2,7,3,82,49,56,0,83
5,9.2,4,4,0,99,60,40,0,78
3,5.05,1,5,2,70,48,96,1,54
4,9.35,0,1,1,59,94,58,0,59
3,5.13,3,4,0,52,69,44,0,53
6,7.29,4,4,1,93,87,57,1,74
6,5.34,0,3,4,48,87,56,0,52
3,9.84,3,2,3,91,64,94,0,78
5,9.86,0,7,2,73,64,81,0,77
2,8.05,1,7,4,51,88,80,1,76
5,6.96,4,1,0,79,63,43,1,59
2,7.56,0,3,4,55,51,91,0,58
2,8.81,0,2,1,40,46,58,1,52
5,6.12,0,7,1,55,98,70,0,61
2,7.21,4,1,5,45,73,42,0,66
2,8.69,1,6,3,59,42,89,0,70
2,6.98,1,6,4,45,45,42,1,64
4,5.16,0,5,5,74,98,68,0,63
6,7.54,1,1,2,80,66,92,0,57
2,8.69,3,3,1,90,58,47,1,71
6,9.88,1,1,0,42,47,95,0,55
6,5.19,0,1,4,60,75,44,1,47
4,7.7,3,1,2,46,100,70,1,62
6,7.25,4,5,2,53,78,66,0,72
3,6.21,2,6,2,69,75,72,1,66
1,8.19,1,6,2,61,57,97,1,68
4,5.82,3,2,5,53,46,57,1,59
1,6.42,2,1,1,94,95,63,0,59
3,8.91,4,7,3,64,40,65,1,83
5,7.3,2,4,4,42,44,70,1,63
5,9.97,4,7,1,44,81,53,1,84
2,6.93,0,3,3,44,53,64,0,52
5,7.32,0,4,2,90,95,71,0,65
4,6.5,4,7,0,98,40,98,1,73
5,6.18,2,2,2,81,51,78,1,56
4,9.61,1,3,3,48,58,80,1,67
4,8.74,2,2,3,100,41,99,1,70
1,6.67,2,7,0,87,53,96,0,67
5,8.5,1,3,5,80,42,53,0,69
6,9.83,2,6,1,77,90,87,0,81
5,5.37,2,6,5,76,74,87,1,70
5,6.32,3,4,0,43,52,66,1,55
5,6.0,4,4,2,59,88,61,1,66
2,9.35,0,7,4,60,42,77,0,75
6,5.9,4,5,1,89,53,46,0,67
6,6.54,2,7,4,87,73,72,0,76
4,7.72,1,7,4,63,84,82,1,76
6,8.11,1,7,1,99,48,80,1,73
4,9.04,0,2,2,46,49,72,1,56
1,7.04,0,4,5,85,47,63,0,64
4,7.67,0,3,3,94,68,65,1,64
5,9.83,1,1,2,88,100,89,1,71
3,6.49,2,7,5,47,93,81,0,74
3,6.24,0,1,3,50,78,70,0,48
2,8.55,0,1,3,88,72,66,0,62
5,8.86,1,5,1,85,62,100,0,70
4,7.07,2,7,1,48,47,52,1,64
5,6.06,0,4,0,45,79,70,0,48
2,8.89,2,2,5,79,77,71,1,75
6,8.35,3,2,4,56,62,62,1,69
4,9.38,0,7,4,93,98,76,0,85
5,9.22,0,7,4,52,89,79,0,77
6,6.03,1,5,4,84,75,84,1,66
2,9.16,3,3,0,56,95,98,0,70
6,5.88,3,6,3,90,82,97,0,74
4,9.32,3,7,0,41,59,55,0,74
2,8.85,4,4,5,69,95,78,1,85
2,7.85,1,4,1,71,97,47,1,65
2,8.21,1,3,2,89,87,57,0,68
1,5.52,0,3,3,75,51,97,0,51
2,5.2,1,4,3,46,75,66,1,53
1,6.65,0,4,0,99,48,48,0,55
6,9.11,0,1,1,55,72,67,0,55
1,7.33,4,7,1,58,45,61,1,72
6,6.12,1,7,5,54,71,50,1,69
1,9.17,1,7,3,94,40,93,1,80
6,6.14,4,2,0,96,99,61,1,64
6,9.08,4,1,4,53,93,88,0,74
2,7.26,1,1,3,84,91,53,1,61
2,7.32,1,2,4,91,63,62,1,64
6,6.36,0,5,2,46,68,41,1,54
2,9.5,2,6,1,86,47,54,0,77
6,5.44,0,5,3,72,52,89,1,55
2,5.72,3,5,2,73,64,44,0,64
3,8.18,3,5,4,63,94,68,1,79
1,9.25,2,3,3,74,68,93,0,73
6,5.48,4,1,2,60,98,72,0,58
5,8.67,3,3,3,63,100,87,1,75
2,8.71,4,7,2,76,63,83,1,84
2,7.91,4,3,2,55,100,69,1,72
4,7.43,0,2,4,99,66,85,1,63
5,6.61,4,5,1,56,90,56,1,69
5,6.76,2,4,0,68,65,40,1,59
3,8.37,0,5,2,57,59,53,1,63
1,5.33,2,1,1,97,43,86,1,50
3,7.92,4,3,5,87,61,94,0,79
1,6.39,3,1,0,50,46,83,1,48
6,7.33,4,3,4,42,96,56,1,71
3,7.79,2,3,3,81,97,48,1,71
4,9.43,1,3,1,57,93,74,1,67
1,7.9,1,4,3,55,57,70,0,63
3,6.14,3,7,3,80,49,51,1,72
4,5.4,2,5,0,92,70,97,1,60
5,8.13,3,3,5,40,65,84,0,70
2,7.73,0,2,1,82,94,41,0,58
6,8.36,4,6,2,82,86,93,0,84
6,7.3,0,6,5,66,84,54,1,71
5,9.13,1,3,0,70,65,73,1,63
3,9.6,4,5,1,84,64,76,1,82
2,5.2,0,5,2,67,95,92,1,56
5,8.72,1,7,3,79,91,80,0,81
4,5.18,0,7,4,90,57,99,0,64
2,7.23,4,4,4,66,63,69,0,74
1,7.31,0,3,0,48,93,53,0,52
3,8.48,4,2,5,96,83,84,0,82
2,6.76,0,4,2,99,54,43,0,60
1,9.1,3,4,2,77,47,47,1,74
5,6.71,0,3,4,75,82,62,1,61
6,6.71,0,3,2,99,64,46,1,58
2,6.11,3,4,1,99,74,56,1,66
2,8.42,1,4,1,80,63,61,1,66
1,5.38,4,4,4,66,85,77,0,68
1,6.82,2,1,3,96,97,65,0,65
6,6.33,1,4,3,86,79,47,0,64
1,6.15,4,5,3,89,92,61,1,76
1,5.3,0,6,4,65,77,79,0,60
2,5.95,1,2,0,93,60,84,1,51
6,7.23,0,2,2,66,93,61,1,56
6,7.52,1,6,1,43,40,79,0,59
2,6.35,1,3,5,90,65,44,0,65
5,8.25,2,7,1,97,49,48,1,76
5,6.68,3,4,5,87,65,99,1,74
2,6.84,1,2,0,77,41,59,0,50
1,8.91,0,2,2,98,79,61,1,66
3,7.76,2,5,3,51,53,98,1,67
5,9.77,1,5,5,86,72,73,0,83
5,6.8,3,1,1,54,96,74,1,57
2,9.14,0,6,3,86,78,75,0,77
2,8.69,2,1,3,87,40,58,0,65
3,9.45,4,2,4,69,69,67,0,78
3,9.78,3,3,4,53,76,100,1,78
6,5.04,4,2,2,47,57,46,1,53
2,5.44,4,3,1,96,69,80,1,63
5,8.37,2,7,4,67,66,77,1,80
4,6.95,2,2,2,96,99,42,1,66
4,9.1,2,5,0,70,88,71,0,73
1,5.06,4,4,3,41,88,85,1,62
5,9.03,0,2,1,54,69,84,1,57
4,5.68,2,1,1,100,84,70,0,55
5,6.45,3,7,2,79,92,84,0,76
2,9.85,2,7,4,82,75,64,0,89
5,5.26,2,3,3,87,60,72,1,58
4,6.75,2,3,3,47,93,86,1,62
5,5.42,4,2,1,44,55,44,1,52
3,9.27,0,3,1,91,56,68,0,64
1,8.52,2,1,3,96,57,98,0,67
6,9.0,4,5,0,43,73,98,1,73
4,7.64,3,4,2,51,60,70,1,66
2,6.79,0,4,0,49,51,65,0,49
6,5.01,4,3,4,43,70,97,1,60
1,6.39,1,2,0,90,49,60,0,51
3,7.57,3,3,0,49,80,73,1,61
3,8.32,3,7,4,68,94,76,0,86
3,6.14,1,1,5,67,97,88,0,59
3,5.69,4,6,5,68,43,40,1,73
4,6.01,4,2,2,58,54,98,1,58
4,6.77,3,5,3,90,92,43,0,76
5,5.74,4,1,0,82,98,86,1,58
2,5.78,1,5,2,94,94,86,0,65
5,5.22,4,2,4,52,81,61,1,61
2,9.28,3,5,5,92,80,55,1,89
1,6.1,4,1,2,96,67,84,0,63
5,9.11,0,1,5,73,97,85,1,68
1,7.19,1,3,0,85,46,98,1,55
1,8.16,1,6,3,59,50,71,0,69
1,5.38,2,2,4,57,68,73,1,55
3,7.92,4,4,4,98,73,60,1,82
6,6.45,1,7,0,87,91,66,0,67
6,5.48,4,6,5,95,97,81,0,81
4,9.54,0,4,2,75,100,76,0,72
1,8.02,3,5,3,40,91,42,1,73
3,6.21,3,4,4,65,69,91,0,67
5,7.1,2,4,0,42,66,82,0,56
5,6.78,2,7,0,83,64,84,0,68
4,8.5,1,1,1,94,95,73,1,64
4,8.04,1,1,5,99,87,100,1,70
1,5.1,1,1,1,42,77,46,1,41
1,5.99,0,4,2,60,79,68,1,54
5,7.39,2,5,0,57,62,42,0,62
5,7.23,2,2,5,70,95,84,0,68
5,7.58,3,7,2,95,68,77,0,80
5,8.57,2,3,2,75,94,80,1,71
6,8.41,2,5,3,100,89,94,0,80
1,6.86,0,7,1,88,50,91,1,64
1,9.39,1,7,2,83,99,41,0,83
5,5.31,0,1,3,91,93,51,1,52
3,7.92,4,5,3,70,43,54,1,75
5,9.75,3,2,5,47,75,94,0,76
2,7.75,3,6,1,64,70,95,0,72
4,7.28,3,1,1,88,49,55,1,59
2,5.67,1,2,0,85,93,42,1,52
3,9.05,1,6,2,93,55,66,0,76
4,6.87,1,3,3,59,95,85,0,61
3,8.51,3,5,0,50,92,62,1,71
4,5.99,3,3,5,79,69,72,0,68
5,5.21,3,7,2,40,74,87,1,63
5,6.53,4,4,2,60,83,66,1,68
3,6.41,4,5,0,56,56,63,0,63
4,9.37,3,7,3,91,44,94,0,86
6,9.32,1,6,0,67,42,77,0,68
3,7.67,1,4,2,57,55,66,0,60
3,5.09,4,2,0,68,90,86,1,55
2,6.14,4,4,0,49,43,70,1,57
1,8.2,3,6,5,48,48,54,0,77
3,5.51,3,6,2,73,43,74,0,64
6,8.5,1,2,1,59,60,75,1,58
5,5.06,2,3,5,70,49,63,1,58
4,8.41,1,1,3,42,92,56,1,59
1,9.22,1,3,2,40,70,84,0,63
4,7.35,3,7,5,99,56,73,1,85
5,9.15,2,4,5,72,55,40,1,77
3,8.91,2,2,1,89,78,59,0,68
2,8.36,3,4,0,47,86,45,1,67
6,7.23,0,6,1,57,89,44,0,62
1,6.36,3,7,2,69,45,68,0,69
6,9.3,4,7,5,72,69,45,1,92
6,8.24,2,1,5,61,54,89,0,65
6,8.99,3,5,2,56,82,92,1,76
6,7.76,1,5,0,81,91,72,0,66
5,5.86,1,5,5,48,70,84,1,62
6,9.9,1,4,2,61,69,77,1,71
2,5.91,3,5,4,49,76,91,1,67
6,9.56,0,2,1,93,55,68,1,63
5,6.04,4,1,4,72,83,83,1,64
4,6.87,1,7,4,87,92,100,0,77
5,7.2,3,6,1,78,75,49,1,72
2,9.61,0,3,2,42,41,71,0,59
2,9.44,2,6,1,56,67,64,0,74
3,9.12,2,2,0,48,87,67,0,62
5,6.88,4,1,4,86,79,68,1,69
4,5.02,3,3,5,79,56,90,1,63
3,8.41,3,5,4,75,80,74,0,81
3,7.05,1,3,2,58,77,86,1,58
1,8.79,0,7,1,73,75,96,1,72
6,8.97,4,4,5,41,71,71,1,79
3,7.2,0,4,3,84,93,85,0,65
3,8.74,4,5,5,66,98,75,0,87
2,9.2,3,5,2,58,64,46,1,76
4,9.64,3,2,2,72,52,49,1,71
3,7.91,4,2,2,99,53,85,0,71
4,8.89,0,6,1,65,83,73,1,69
6,7.47,2,7,2,94,99,72,0,80
2,5.21,2,4,0,86,64,65,1,55
1,5.78,1,1,0,73,74,87,0,46
1,5.64,1,2,4,67,68,87,0,54
6,5.86,0,1,4,55,54,52,1,47
6,5.05,3,6,1,61,54,69,0,59
2,9.29,0,4,3,67,86,71,0,70
2,7.8,4,2,4,53,86,72,0,71
5,6.92,2,1,4,45,79,45,1,58
3,7.05,1,6,4,50,56,75,1,66
3,7.32,0,1,5,85,64,41,1,60
3,5.37,0,2,4,59,62,100,0,49
4,6.37,4,5,2,75,85,46,1,72
5,9.26,3,6,4,88,71,95,0,87
3,8.72,3,6,5,55,97,69,1,85
4,7.82,2,3,1,98,70,85,1,67
4,7.4,1,5,5,45,62,94,0,67
1,6.29,3,6,2,47,77,65,1,67
4,7.36,3,3,5,100,56,64,0,75
6,7.99,3,1,2,84,68,72,1,65
2,8.56,0,2,1,97,41,81,0,59
4,5.83,3,6,3,75,50,45,1,68
6,9.07,4,4,4,87,55,47,1,83
6,6.73,2,2,0,88,90,48,0,59
1,7.52,3,5,3,43,56,50,1,68
1,8.04,1,3,4,87,60,63,0,68
4,7.44,0,2,0,73,98,45,1,54
1,7.86,4,3,2,59,60,79,1,68
1,5.56,2,5,5,63,45,95,1,63
2,7.16,0,5,2,84,85,55,0,65
3,6.4,4,2,2,42,84,56,0,60
4,5.43,0,6,4,67,62,63,1,60
4,5.96,2,4,1,69,97,46,0,61
4,8.01,2,6,2,68,96,79,0,75
1,5.98,3,7,2,60,100,79,0,72
2,5.91,1,4,2,81,71,99,1,59
1,7.76,3,3,5,66,78,97,1,74
6,9.52,0,2,4,89,84,66,1,71
5,8.94,3,1,0,64,77,49,1,63
5,9.53,2,5,3,42,68,93,1,74
5,7.91,2,6,2,40,70,48,0,68
3,7.05,2,3,3,62,64,90,1,62
1,8.65,3,5,1,82,41,49,1,73
6,6.31,4,3,1,44,61,88,1,58
6,5.39,3,2,1,70,76,69,1,55
5,6.72,3,3,2,64,83,48,1,64
2,6.5,3,3,3,74,54,85,1,64
3,8.38,3,7,0,82,45,97,1,75
3,7.76,2,1,4,40,97,65,0,62
5,5.69,1,3,3,54,72,73,0,53
5,9.54,3,4,4,78,50,74,0,80
1,7.97,3,3,3,63,92,66,0,72
2,7.29,1,3,2,98,51,59,0,62
3,9.69,3,2,0,73,63,63,0,69
6,5.49,1,3,2,86,42,66,1,52
5,8.95,2,7,1,57,69,80,0,75
1,6.82,4,1,0,64,58,58,1,56
6,8.48,3,2,5,100,84,57,0,80
3,9.65,4,7,5,75,100,89,1,97
5,7.59,3,5,3,40,82,82,0,71
2,5.11,0,4,2,48,94,80,0,50
5,5.14,0,4,4,80,46,51,1,54
2,6.65,2,5,2,70,51,79,0,63
1,8.91,4,3,2,61,89,57,0,76
1,6.44,4,1,3,77,68,100,1,63
3,6.67,1,1,3,85,87,47,0,58
2,8.92,1,1,1,80,47,75,1,59
5,5.58,3,1,0,41,60,77,1,45
1,9.23,1,7,2,80,96,92,0,81
5,6.33,1,3,4,84,52,55,0,60
3,5.26,4,5,5,91,88,92,0,76
2,5.59,0,7,5,59,66,52,0,64
5,9.76,4,7,3,100,43,65,1,92
6,7.26,1,5,3,96,71,87,0,71
5,6.28,3,4,1,62,63,65,0,60
4,7.61,0,5,0,51,80,94,0,57
4,8.41,1,1,5,49,48,95,0,60
3,6.59,1,3,1,99,49,60,0,57
3,8.63,3,7,3,71,50,100,1,81
3,6.26,3,2,4,44,72,91,1,60
6,5.56,1,2,1,95,88,89,0,54
2,7.75,1,1,2,83,46,60,1,56
6,5.76,4,6,3,68,50,47,0,70
5,9.7,2,4,3,72,84,72,1,78
1,5.0,3,7,1,62,67,45,0,63
2,8.78,3,2,4,75,77,89,0,74
4,6.4,4,6,1,52,69,41,1,68
4,9.23,0,1,4,89,94,47,1,69
4,5.3,0,7,3,41,47,45,1,54
5,9.77,0,7,1,50,66,45,1,71
5,5.51,3,7,0,67,61,61,0,63
3,8.94,2,3,5,64,81,64,1,75
1,7.59,2,2,1,93,71,85,1,63
3,7.15,4,1,1,98,53,70,0,64
5,6.4,0,2,0,75,65,100,1,47
6,9.21,0,3,0,57,83,74,1,60
3,6.0,1,5,2,78,97,89,0,64
2,8.61,4,5,0,48,94,44,1,74
5,7.23,4,3,4,41,50,61,1,66
5,9.99,3,3,5,75,46,96,0,81
6,8.06,3,5,5,85,94,87,0,84
6,5.52,4,3,2,56,84,64,0,61
6,7.1,2,7,4,72,69,57,0,76
1,5.33,4,3,2,74,41,48,1,59
2,6.43,2,3,2,72,74,64,1,60
5,6.72,3,5,5,71,65,68,0,74
6,9.27,4,5,4,59,64,93,0,83
1,9.19,2,6,3,69,40,72,1,76
4,5.06,1,2,5,61,68,82,1,53
2,7.66,1,5,3,100,63,47,1,72
4,6.12,4,2,1,92,94,79,0,65
4,6.6,0,7,3,64,77,95,0,66
5,5.11,4,7,5,84,40,52,0,75
1,8.75,3,5,1,85,64,100,0,76
1,9.75,3,4,3,83,73,47,0,82
4,6.1,1,2,1,50,81,87,0,49
2,6.71,2,3,5,89,83,97,0,71
3,6.03,1,4,1,73,44,92,0,53
4,9.65,2,6,5,67,80,89,0,86
5,5.05,4,5,0,74,51,80,1,60
4,7.92,0,5,5,43,47,83,1,64
2,9.35,3,6,1,48,81,66,1,77
2,5.93,4,4,5,82,53,93,0,72
4,7.95,1,1,5,61,59,42,1,61
1,5.25,4,7,4,100,86,72,0,80
4,9.07,0,3,4,64,79,70,0,68
6,6.37,2,2,1,60,48,67,1,51
6,9.94,0,4,4,64,99,60,1,76
3,9.61,1,2,3,80,98,91,1,73
5,8.66,0,5,4,56,44,68,1,67
5,7.48,3,1,0,54,40,68,0,52
1,8.83,0,6,4,80,50,100,1,74
5,5.65,4,1,3,46,93,91,0,58
3,6.55,2,2,5,98,43,48,0,65
6,5.13,3,6,3,71,77,100,0,67
1,8.23,3,7,1,47,56,61,1,73
2,9.03,3,5,2,42,43,47,0,71
6,9.73,1,6,3,72,71,96,0,79
3,8.43,1,7,1,75,44,84,0,70
1,8.66,4,6,1,56,61,56,0,77
4,9.48,2,1,4,40,53,62,0,64
5,9.68,0,3,4,75,60,78,0,70
3,7.46,4,5,1,79,57,69,0,72
1,5.55,1,4,5,99,42,54,0,63
6,7.33,4,4,0,56,92,53,0,67
1,7.78,2,4,5,97,50,64,1,75
4,8.16,4,3,1,97,86,55,1,76
3,9.95,3,5,4,83,78,88,1,88
1,9.59,0,6,3,96,75,87,0,80
2,6.98,1,2,0,93,66,57,0,55
3,5.57,1,2,2,87,77,71,0,54
3,6.07,2,5,5,100,64,85,1,73
6,5.87,2,3,3,76,81,77,1,61
5,6.78,2,5,4,64,78,91,1,70
2,9.38,1,2,3,64,74,92,1,67
4,7.19,3,5,3,96,54,54,0,74
1,7.84,0,4,4,52,98,76,0,66
5,5.9,2,7,3,52,92,97,1,69
6,7.46,1,6,1,51,96,88,0,66
5,9.37,3,5,5,71,87,72,1,87
3,8.87,2,6,0,74,60,52,0,72
3,5.41,2,1,5,67,42,46,0,53
4,9.31,0,5,4,83,63,58,1,75
2,6.37,0,2,0,95,94,60,0,53
1,8.33,4,7,1,97,83,95,1,86
1,5.73,2,2,4,91,44,76,1,59
6,8.37,4,7,1,59,76,97,1,80
4,5.18,1,6,2,67,72,48,1,59
1,8.0,0,2,2,94,63,43,0,60
2,8.23,3,4,2,70,45,70,0,69
3,6.22,2,2,0,63,86,46,1,53
4,9.68,2,1,5,91,92,52,0,78
5,5.23,4,5,5,50,84,79,0,70
4,9.46,0,3,2,81,46,94,1,65
4,6.91,4,2,2,100,89,100,1,71
2,8.57,2,5,1,55,58,75,1,67
2,8.26,0,4,3,77,96,47,0,69
1,5.84,2,5,3,56,60,65,0,61
6,6.59,0,2,5,84,45,66,1,57
6,7.65,2,2,5,89,79,87,1,71
2,9.23,3,6,2,83,42,65,0,80
1,9.77,4,7,5,44,88,84,1,92
1,5.1,0,2,3,59,53,81,1,45
1,6.76,4,1,2,87,100,53,0,67
2,8.34,0,5,2,74,59,59,0,65
6,7.64,0,6,0,87,53,81,1,63
1,9.72,0,7,4,82,41,84,1,79
2,5.08,2,3,3,53,64,67,0,53
5,7.19,1,1,2,93,43,47,1,55
5,8.34,2,3,3,65,80,95,1,69
3,6.09,1,2,0,93,94,91,1,55
5,8.63,2,3,0,84,87,44,1,68
4,5.41,1,3,2,82,94,92,1,57
3,7.26,0,1,3,85,72,92,1,56
5,8.38,0,1,3,81,41,90,0,57
4,6.33,1,5,3,63,62,52,1,61
5,5.37,1,3,0,70,83,41,0,50
2,9.79,4,1,1,57,87,87,0,71
4,9.57,0,5,1,78,60,53,1,69
1,9.63,2,3,3,94,94,88,1,80
2,9.89,4,7,3,89,54,98,0,92
4,5.92,1,3,4,100,90,42,0,65
2,5.79,2,6,2,61,63,55,1,62
1,5.17,3,2,0,60,59,48,1,49
4,9.46,3,7,4,73,95,78,1,91
4,8.76,3,1,3,64,77,41,0,68
2,8.17,2,4,5,79,64,50,1,75
5,9.64,1,7,1,94,61,63,1,80
4,7.88,2,6,1,86,91,82,1,75
5,5.65,4,1,4,69,90,68,0,63
4,5.88,4,6,1,45,86,53,0,66
6,5.66,3,2,1,92,43,87,0,56
3,6.54,1,6,5,84,55,79,1,71
5,6.9,4,6,2,64,82,94,1,75
5,8.98,0,5,3,44,46,99,1,64
1,5.96,0,7,4,68,63,98,0,64
6,8.63,3,1,5,61,73,61,1,71
1,7.46,3,7,0,42,96,86,0,71
6,10.0,3,3,0,96,78,87,1,77
6,8.88,4,4,5,86,94,73,1,88
2,9.84,1,5,3,98,68,75,1,81
2,6.71,3,7,0,69,83,72,0,71
2,5.62,2,1,5,63,65,78,1,56
4,7.53,3,5,1,80,53,82,1,69
1,5.62,4,7,2,56,86,57,0,71
3,7.46,1,3,4,88,59,61,0,66
6,6.35,3,6,4,84,46,64,0,73
6,7.46,0,4,1,89,57,76,0,60
5,9.75,3,7,3,59,82,44,0,87
4,6.45,3,7,2,65,49,71,1,69
3,9.97,1,3,0,44,85,91,1,64
2,6.15,2,4,4,52,69,88,1,62
6,6.04,3,5,4,78,42,75,0,68
5,7.72,3,6,3,43,89,48,0,75
1,9.21,4,6,2,84,83,53,0,87
6,8.75,1,1,5,56,92,71,1,67
5,8.62,4,4,0,79,40,48,0,71
1,6.41,3,3,4,98,69,62,1,70
4,5.11,3,4,4,74,84,84,0,66
2,5.81,0,7,0,96,41,87,1,58
1,6.75,4,5,2,70,54,91,1,70
6,9.86,1,6,2,55,50,84,0,73
3,9.6,3,5,2,73,71,48,0,80
1,6.0,0,5,4,98,45,60,0,62
3,8.63,0,7,5,71,45,83,1,76
3,7.9,2,1,1,72,67,71,0,58
1,5.25,1,5,4,97,95,83,1,67
4,6.86,0,1,3,47,96,49,0,52
1,7.43,1,7,3,69,64,68,0,71
5,8.34,3,7,5,42,62,73,1,81
2,6.47,2,2,4,56,51,96,0,57
3,9.67,1,4,4,98,87,61,1,81
2,7.26,2,6,0,90,87,44,1,71
6,6.24,1,6,2,63,49,50,0,60
3,6.58,1,3,5,55,56,97,1,59
6,8.76,4,6,0,98,91,67,0,84
5,8.2,2,1,5,59,94,63,0,68
5,8.71,1,6,3,49,41,73,1,69
2,6.46,4,1,3,98,99,92,1,69
5,6.63,4,6,1,94,96,81,1,78
1,6.98,2,3,2,63,84,79,1,62
3,5.94,3,4,2,86,56,91,1,64
6,8.46,2,5,5,46,48,49,0,73
2,6.65,1,4,3,87,86,65,1,66
2,6.63,3,1,0,88,46,82,1,55
5,6.35,2,7,4,59,52,80,1,69
5,7.26,2,5,2,52,49,46,0,63
6,8.86,2,2,4,68,61,83,0,69
3,9.18,2,3,3,49,67,46,1,69
3,9.02,3,4,1,48,94,87,1,72
2,8.11,1,5,3,46,89,96,1,68
6,6.4,4,3,4,83,81,90,1,72
2,8.67,2,4,3,72,99,87,1,76
4,5.2,4,1,2,63,89,54,0,56
3,8.99,4,1,5,55,53,85,1,72
6,8.9,4,7,5,71,58,84,0,90
6,8.35,2,1,4,43,93,100,0,64
2,5.49,2,2,4,53,40,42,1,52
5,9.99,2,6,1,99,66,84,0,83
6,8.78,2,1,2,94,43,100,1,65
2,8.67,0,1,0,68,95,65,0,56
1,5.32,1,6,1,61,63,46,0,56
5,6.99,0,1,2,62,53,41,0,48
5,5.43,3,5,5,65,76,49,1,69
3,6.81,0,7,0,65,62,69,0,59
4,7.85,0,3,5,88,44,86,1,65
3,9.39,0,2,4,83,59,42,1,67
1,6.41,1,4,5,86,61,77,0,66
2,8.12,4,6,1,61,85,68,0,77
5,5.82,3,7,4,83,79,64,0,77
5,6.77,3,7,4,42,83,85,0,75
6,9.74,1,6,4,81,97,43,0,85
4,8.74,0,6,2,91,88,86,1,75
4,7.73,4,2,0,56,74,44,0,62
6,6.26,2,3,2,53,75,45,1,57
1,6.9,1,7,4,84,44,58,1,72
4,5.78,4,1,1,69,72,57,1,56
5,6.77,1,6,5,52,96,91,0,71
1,5.75,1,1,4,65,63,77,1,51
3,8.98,2,4,0,79,73,75,0,70
3,5.4,4,6,2,71,76,51,1,69
1,5.95,0,7,0,85,64,63,0,59
5,8.46,4,2,2,73,100,96,0,74
3,9.51,4,2,5,90,90,69,1,86
2,9.82,0,7,0,62,76,95,1,72
5,9.18,2,7,0,73,64,53,1,76
6,6.06,4,4,2,83,61,78,0,67
4,6.43,0,2,2,91,84,41,0,56
1,9.35,1,2,2,51,44,97,0,60
4,9.45,1,2,3,62,47,73,0,64
6,8.2,0,6,5,67,92,97,0,75
3,6.57,1,4,0,58,80,92,1,55
2,6.12,4,6,3,87,86,59,1,77
5,9.26,0,4,3,73,66,75,0,69
5,6.03,4,3,4,47,100,91,1,67
6,8.31,3,2,3,73,74,62,1,70
1,9.84,2,3,3,81,40,74,0,73
4,8.53,2,5,2,55,59,73,0,69
2,6.29,2,5,2,46,46,60,0,58
3,6.41,0,2,1,66,84,100,1,50
1,5.46,3,1,5,90,42,77,0,60
2,8.43,2,7,0,59,100,85,0,74
2,7.59,4,5,5,93,81,47,1,85
6,6.03,2,1,3,98,95,82,0,62
6,6.14,3,3,3,74,89,90,1,66
5,5.05,4,2,0,56,87,69,0,53
3,9.89,4,7,5,67,48,86,0,92
1,9.14,0,3,2,47,86,59,0,62
5,6.97,0,6,2,43,53,91,0,57
3,9.73,1,3,0,72,58,59,0,65
4,8.39,3,4,0,89,66,62,0,71
4,8.76,4,2,2,61,45,59,0,68
5,8.4,3,4,0,70,46,85,1,66
1,8.78,2,3,5,40,76,62,1,71
3,5.85,2,1,2,80,65,43,1,53
4,7.81,1,2,0,53,52,49,0,51
4,9.25,4,2,2,46,76,79,1,71
1,5.1,4,5,1,47,85,44,1,61
5,5.62,1,1,2,47,72,71,1,45
6,6.23,2,6,2,93,91,57,1,71
2,6.47,4,1,3,63,72,100,1,62
3,5.91,3,3,5,94,80,96,0,71
4,8.12,4,3,2,40,48,64,1,65
2,6.47,2,3,0,74,54,56,1,55
2,5.79,4,5,4,80,44,44,1,71
6,9.53,4,1,0,47,92,74,0,67
2,8.48,0,4,3,44,68,81,0,62
1,6.23,4,1,0,71,92,98,1,58
5,6.8,1,4,1,40,46,60,0,52
3,8.7,1,2,4,41,70,75,0,63
1,8.95,3,4,4,81,93,58,1,83
5,5.88,4,7,5,85,73,62,0,81
1,9.68,3,2,3,54,50,44,1,70
4,8.93,2,6,5,81,81,72,0,85
4,9.28,2,6,4,48,58,43,0,77
6,5.72,0,7,2,51,44,72,0,55
1,5.72,0,3,3,49,62,86,1,49
2,6.53,4,7,5,63,86,74,0,82
4,5.32,4,1,1,80,41,98,0,53
5,5.46,3,3,4,89,82,81,0,66
6,5.72,3,1,4,58,43,65,0,54
2,8.56,4,4,3,90,56,76,0,80
3,5.15,4,1,4,56,94,61,1,60
1,5.42,0,4,4,41,70,50,0,52
4,9.72,0,1,1,49,98,88,0,59
2,5.42,0,7,1,44,69,65,1,54
5,7.69,4,7,3,78,41,80,1,80
1,8.21,3,7,4,45,63,52,1,79
5,9.79,1,7,5,41,49,53,0,79
6,9.5,1,2,0,47,67,80,1,59
4,7.2,3,4,3,43,82,88,0,67
4,9.71,3,7,5,98,71,46,0,95
6,7.16,3,3,1,89,72,55,1,66
5,8.35,0,3,0,70,57,59,1,56
1,6.3,2,3,5,75,63,84,1,65
5,8.18,4,3,5,47,76,85,0,75
1,7.69,0,2,4,70,69,89,0,60
2,8.03,1,2,3,56,44,99,0,58
6,8.41,4,5,3,98,98,82,0,87
3,5.87,3,5,1,96,62,66,1,66
1,6.51,1,7,2,85,69,73,0,69
4,8.68,3,5,2,79,43,61,0,75
2,5.82,3,6,2,53,80,77,1,66
4,6.72,3,7,3,47,90,76,1,74
2,8.33,4,5,1,97,63,42,0,79
4,9.69,1,1,1,64,42,66,0,59
5,5.38,1,6,2,53,54,46,0,56
5,7.58,3,4,0,62,95,74,1,67
5,5.41,0,3,2,82,85,84,0,53
2,6.9,2,1,3,80,40,98,0,57
2,5.88,0,6,0,56,49,62,1,51
4,8.25,4,7,1,88,84,41,1,84
1,8.79,2,2,4,51,65,63,1,67
2,6.24,0,3,5,59,94,41,0,59
4,8.56,1,4,0,73,51,89,1,62
1,7.23,0,4,1,95,40,75,1,58
5,6.42,3,7,0,88,41,97,1,68
2,7.62,4,7,2,91,98,56,0,86
3,6.9,0,2,0,50,50,50,1,44
5,6.15,0,3,0,66,51,46,1,46
6,8.78,2,5,0,48,67,41,1,66
1,8.99,3,3,3,57,72,54,0,73
3,9.0,2,3,5,77,81,85,1,78
5,6.91,4,4,3,75,42,70,1,70
2,5.85,4,2,5,85,80,85,0,70
3,9.2,3,3,2,67,88,45,0,75
4,6.65,2,1,4,59,58,76,1,57
1,8.74,3,1,3,93,57,85,0,71
6,9.09,2,7,4,81,76,92,1,86
4,8.84,1,2,3,68,67,68,0,65
3,6.95,3,5,1,43,70,43,0,63
5,9.69,4,6,1,54,46,85,0,79
1,8.3,2,3,0,80,86,76,1,66
2,7.88,1,6,4,83,77,51,0,76
6,8.49,4,3,0,67,97,66,1,72
5,5.22,2,4,5,79,44,64,0,62
6,6.95,1,3,0,63,100,84,1,57
2,9.41,4,6,3,76,58,100,0,86
1,5.81,4,5,3,55,52,51,1,66
3,7.07,1,3,0,61,78,99,1,55
6,7.03,4,3,5,86,67,56,1,76
1,6.78,2,7,3,56,96,89,1,73
6,7.81,2,4,5,40,41,51,1,66
5,9.98,4,1,1,70,45,70,0,70
6,6.28,0,1,1,64,54,94,1,44
5,8.52,1,7,4,51,67,48,0,75
5,8.79,0,5,1,59,76,58,0,65
1,7.92,2,2,5,58,64,93,0,66
4,5.49,4,2,0,44,95,68,0,54
2,7.86,3,4,2,54,71,92,0,68
6,9.77,3,6,3,80,96,64,1,89
3,6.71,0,6,0,64,94,54,0,60
5,8.2,0,3,3,74,76,48,1,64
4,9.8,0,4,4,83,75,52,1,76
5,8.99,2,6,0,94,69,86,0,76
4,8.44,2,1,0,90,84,83,1,63
4,9.86,4,7,0,86,63,81,0,86
3,5.85,2,5,4,42,57,42,1,61
4,8.86,4,2,0,91,40,97,1,69
3,7.03,4,7,3,57,42,49,0,75
1,6.8,0,3,2,61,46,57,1,51
5,7.6,3,7,0,55,72,100,1,71
3,5.17,0,2,4,54,60,49,1,47
2,6.56,2,1,4,44,53,75,0,54
5,5.83,1,3,0,81,86,99,0,53
2,5.69,2,1,4,81,87,67,1,59
6,6.69,3,2,1,52,76,96,1,57
2,9.01,2,2,5,89,42,42,0,73
1,6.01,3,1,4,67,98,59,1,62
6,7.66,1,3,2,49,88,57,0,60
6,8.74,1,1,1,55,76,88,0,57
4,6.2,4,3,3,41,95,76,1,65
2,9.62,2,4,1,89,64,59,0,75
4,9.33,4,4,2,75,99,49,0,83
2,6.26,0,3,5,90,100,73,1,65
6,9.95,0,1,1,64,93,61,0,62
4,8.35,0,7,0,100,72,60,1,72
5,6.43,0,7,4,44,52,72,1,62
2,8.41,0,3,0,67,92,55,0,59
2,8.33,2,2,0,56,89,81,0,60
4,8.03,4,7,0,41,72,74,1,73
2,8.56,4,1,1,54,68,75,0,64
6,6.34,3,6,3,94,58,40,1,74
4,9.89,0,3,5,95,98,99,1,79
4,9.29,1,2,4,77,65,51,1,70
3,8.73,3,5,1,68,92,52,1,76
3,5.13,3,2,5,62,96,98,0,62
6,7.95,2,6,0,57,94,47,1,69
5,8.53,3,3,2,53,77,90,0,69
2,9.27,1,1,2,71,48,70,1,61
1,9.73,4,1,0,83,85,44,1,73
2,9.58,3,4,3,45,69,83,1,75
1,7.03,2,6,5,67,61,90,1,74
6,9.48,0,3,4,93,82,75,0,74
5,5.0,1,2,5,91,43,86,1,55
5,6.76,0,2,1,98,46,64,1,52
5,5.57,3,6,3,91,100,84,0,74
3,9.42,4,3,2,57,57,52,1,74
6,9.64,2,2,0,74,89,74,0,68
1,6.28,1,7,1,97,45,71,1,65
5,6.84,4,5,3,77,68,47,1,75
6,9.92,1,6,5,43,44,61,1,77
2,7.83,2,4,3,90,45,45,1,70
1,7.49,2,1,3,88,73,88,1,64
3,7.5,3,2,5,99,73,99,1,75
4,8.48,1,5,1,70,40,50,1,65
1,9.77,3,3,4,50,57,46,1,75
2,6.83,1,2,5,85,66,54,1,63
1,5.86,1,6,1,98,49,43,0,62
1,5.93,0,3,5,50,78,79,1,55
4,5.1,3,5,0,68,41,96,0,55
5,7.78,1,5,1,58,58,73,0,62
2,9.65,1,7,3,56,66,95,0,78
4,8.57,2,1,4,43,100,82,0,66
1,9.96,0,3,4,83,93,79,1,75
2,9.55,2,4,0,43,61,61,1,65
3,7.46,3,1,0,98,49,69,1,60
1,7.43,3,3,2,51,98,58,1,66
3,8.14,1,7,2,88,96,76,1,78
6,5.55,4,3,2,86,83,89,0,66
3,8.04,2,7,1,46,66,77,0,70
1,7.32,3,5,4,60,51,69,0,71
4,8.21,1,6,0,72,54,71,1,66
1,7.83,1,5,2,76,89,58,1,70
1,6.55,2,3,0,51,94,91,0,56
6,8.04,1,6,2,46,40,64,0,64
5,6.83,0,6,1,93,77,97,0,65
1,5.97,4,5,5,97,80,76,0,79
6,8.38,2,7,1,54,63,84,1,72
4,6.53,2,7,3,76,45,62,0,70
6,9.45,2,7,0,95,68,51,0,81
6,6.0,1,3,5,48,45,48,0,55
3,8.0,1,3,5,72,77,100,0,70
5,7.86,2,6,3,77,87,76,0,77
5,5.99,2,1,5,55,54,56,1,55
2,7.2,0,1,1,70,47,89,0,47
4,8.38,3,4,5,54,68,74,0,76
2,6.59,0,1,1,41,41,90,0,40
6,5.57,2,2,5,52,50,86,0,55
4,8.08,1,2,5,95,48,88,1,68
4,6.12,1,5,0,44,55,80,0,51
5,8.41,2,6,3,87,97,69,0,82
5,9.2,3,2,5,72,63,96,1,76
5,5.62,4,1,5,71,73,99,1,64
1,7.19,4,6,3,92,82,43,0,82
6,7.22,0,4,3,81,63,80,1,62
4,8.16,3,3,0,87,88,43,1,70
6,6.67,4,4,0,84,77,63,1,68
4,7.09,3,1,0,60,77,42,1,55
4,5.06,1,1,4,41,64,48,1,45
2,5.61,1,1,5,75,80,50,0,56
4,7.85,3,5,1,100,92,71,1,77
4,6.08,2,2,4,93,72,82,1,63
3,5.72,4,1,4,72,83,91,1,63
3,6.62,4,3,1,50,82,100,0,62
2,5.82,1,2,5,80,56,79,1,58
1,5.3,0,2,2,62,46,68,0,43
5,6.42,4,5,2,77,98,73,1,74
4,5.82,1,4,2,72,66,87,0,56
6,9.0,1,6,0,79,75,94,0,72
3,5.31,3,2,0,47,80,73,0,49
5,8.74,3,2,3,75,58,60,1,71
1,6.91,3,1,3,75,54,64,0,61
5,8.38,0,3,4,72,45,60,0,63
4,5.26,4,1,3,68,96,59,0,60
5,9.6,0,3,0,70,75,63,1,63
4,8.84,0,2,4,96,44,44,0,66
2,5.7,3,3,3,69,92,80,1,64
3,6.09,1,1,3,47,84,96,0,50
3,8.22,2,1,2,100,44,41,1,63
4,9.61,1,4,0,65,41,97,1,64
6,7.23,1,5,4,62,82,48,0,68
3,7.43,1,4,1,89,57,82,1,62
6,6.19,1,2,5,94,71,47,0,63
4,6.92,0,3,3,91,86,71,1,62
2,6.43,3,1,0,90,88,97,1,58
4,6.75,3,1,4,82,68,46,0,64
2,5.1,1,1,5,99,88,77,1,58
3,5.21,2,6,0,65,59,59,1,56
6,8.4,4,1,0,91,58,98,1,66
4,8.41,1,6,4,81,91,86,1,79
3,6.65,1,2,2,100,55,54,1,58
2,9.43,2,5,5,77,50,78,1,81
4,6.33,0,4,2,78,99,67,0,60
2,6.98,1,6,3,41,67,70,0,63
5,8.66,2,4,2,94,61,99,0,73
2,8.72,0,6,3,65,66,61,0,71
5,9.31,0,1,3,57,56,79,1,59
3,5.15,1,1,4,66,47,88,0,48
4,5.92,0,3,0,89,47,90,1,48
3,8.2,1,1,1,56,62,63,0,54
1,6.69,1,4,1,84,71,73,1,60
2,5.22,3,3,2,54,83,48,1,57
3,7.93,4,7,4,82,54,100,0,85
3,6.97,4,3,1,46,66,41,1,62
5,6.82,3,1,0,56,98,84,1,56
2,6.32,1,7,3,58,43,64,0,63
5,5.03,2,7,3,66,79,51,1,66
4,5.91,0,3,4,79,71,94,1,57
3,7.37,3,5,2,56,96,43,0,71
2,6.38,3,1,0,71,86,90,1,55
3,9.37,3,5,2,55,76,79,0,77
4,5.71,3,1,2,99,93,97,1,61
6,9.38,4,6,4,69,49,52,1,86
4,7.02,1,5,3,53,95,68,0,66
5,6.38,3,7,2,93,92,71,0,78
5,6.52,3,1,2,99,67,66,0,62
3,6.65,3,4,0,89,91,69,1,67
5,7.53,2,6,5,80,71,85,1,79
2,6.77,2,6,3,57,71,78,0,68
4,8.24,0,6,2,61,95,97,1,69
3,7.13,1,1,5,91,90,99,0,65
4,8.36,3,4,1,96,54,40,0,73
4,8.02,0,2,5,55,45,50,0,59
3,6.22,0,6,1,88,48,62,1,59
6,9.06,1,2,3,88,77,88,0,70
5,8.99,2,1,3,55,69,56,1,64
1,9.94,1,6,4,65,80,54,1,82
1,5.88,0,4,5,90,79,66,1,64
1,9.24,1,4,2,82,55,92,0,70
5,9.36,2,6,1,45,99,49,1,75
6,8.21,0,7,5,90,64,55,1,79
4,7.53,1,3,1,46,49,76,1,53
3,9.79,3,3,3,48,69,67,0,74
6,9.86,3,6,3,83,48,41,1,85
1,8.21,1,7,0,65,79,78,0,70
2,6.8,1,5,0,41,96,74,0,57
5,9.09,2,3,3,75,85,54,0,74
5,5.45,0,1,0,42,94,98,1,39
3,6.45,1,3,3,93,46,50,0,60
2,9.93,0,3,5,60,82,72,1,73
4,9.07,3,7,3,83,91,94,1,88
6,9.7,0,1,4,42,87,55,0,63
2,7.97,4,1,0,48,88,50,1,61
6,7.04,2,7,2,51,94,59,1,71
6,9.9,2,5,2,47,79,91,0,75
4,6.55,0,4,5,90,51,58,1,63
4,8.79,2,3,4,97,96,78,1,79
4,7.79,0,6,2,76,56,89,0,66
3,6.14,0,6,2,60,64,62,1,58
5,5.09,3,2,5,76,86,99,1,63
1,6.92,0,4,5,79,46,49,0,63
4,7.74,2,1,4,42,94,47,0,62
5,5.92,4,6,1,90,58,41,0,70
4,7.07,1,7,4,95,56,95,0,75
1,8.08,2,3,4,80,71,46,1,71
2,8.57,4,5,0,60,62,65,1,72
4,5.26,2,7,2,65,84,79,1,65
5,8.32,4,2,2,63,71,58,0,69
3,5.28,2,4,1,85,65,45,0,57
2,5.14,1,3,4,92,47,72,1,56
2,5.76,3,1,3,99,61,94,0,60
2,8.27,3,4,1,91,85,50,0,75
1,5.26,1,7,1,73,94,91,0,63
5,5.1,2,7,2,71,96,75,1,67
6,5.59,4,2,2,66,47,51,1,57
6,9.75,0,1,2,86,85,67,0,66
6,9.54,2,2,2,100,44,48,1,71
3,5.43,1,3,1,69,51,62,0,49
4,6.52,3,4,5,43,66,79,0,67
4,9.74,3,5,4,41,59,45,1,79
4,5.49,2,7,5,62,50,89,0,68
3,5.47,4,3,5,94,75,58,1,71
6,5.43,1,6,2,80,91,59,0,63
2,9.88,1,3,0,99,41,57,0,68
4,8.72,4,5,1,43,49,66,1,71
2,6.07,4,5,3,76,81,72,0,73
2,5.23,2,6,3,50,46,68,0,59
3,9.83,2,6,4,75,95,48,0,87
3,7.13,3,1,1,75,51,84,1,57
5,7.99,3,2,1,54,94,83,0,64
4,6.4,4,3,1,76,55,97,1,63
6,8.79,0,1,5,42,70,89,0,60
1,5.98,0,6,0,87,66,66,1,57
3,8.93,0,1,0,69,71,92,0,55
2,6.15,1,3,5,96,81,78,0,66
5,5.49,2,2,2,62,79,100,0,53
1,7.39,4,5,5,72,66,50,1,80
3,9.07,3,3,3,40,98,89,0,73
5,6.92,0,2,5,40,64,93,0,54
2,5.14,3,5,0,42,79,81,1,55
4,7.77,2,7,3,48,44,98,0,71
5,8.4,4,7,5,100,43,47,0,90
3,8.7,0,7,1,71,92,53,1,73
4,7.01,0,4,0,52,83,85,1,53
2,5.49,4,3,3,95,82,52,0,68
6,7.92,3,7,0,84,54,46,0,75
5,6.65,2,6,1,70,52,54,0,64
1,9.73,2,3,1,96,72,77,0,74
2,7.51,2,6,1,60,44,83,0,65
4,7.36,3,2,2,62,45,82,0,60
2,6.55,3,1,5,52,84,95,1,63
4,6.69,0,1,3,65,64,57,0,50
2,7.56,3,2,2,64,64,75,0,63
6,6.53,1,3,4,92,49,70,1,62
5,9.46,4,3,4,47,51,43,1,76
1,7.2,3,6,0,79,42,52,0,67
6,6.46,2,3,0,69,68,78,1,55
5,5.78,3,4,0,90,68,69,1,61
1,8.36,0,6,2,44,82,94,1,66
2,5.13,4,1,5,63,63,58,1,60
1,7.25,4,7,1,49,63,43,1,73
3,7.75,2,4,0,58,64,40,1,61
1,6.7,4,3,0,74,86,79,1,65
5,8.75,1,7,5,61,88,71,1,82
6,8.38,4,1,4,78,76,51,0,74
6,9.86,2,7,1,94,44,51,1,82
3,7.54,4,6,2,77,94,59,1,80
5,7.69,3,3,5,46,50,50,0,68
1,6.23,0,6,1,78,79,92,0,60
3,6.93,3,3,4,59,82,92,1,68
2,5.13,1,2,2,79,94,88,0,53
4,8.45,1,1,3,95,61,69,0,64
2,6.56,0,3,0,71,91,88,1,52
5,7.7,0,5,2,41,54,94,1,58
3,6.27,0,5,4,54,48,83,0,57
6,8.11,0,7,1,49,89,70,1,67
3,7.24,4,7,2,60,45,67,0,74
4,7.41,3,6,4,54,65,83,1,75
5,9.71,1,3,5,73,45,88,1,73
3,8.53,4,7,2,74,71,68,1,84
2,6.31,0,2,0,90,82,80,0,51
1,7.52,2,6,5,44,59,61,1,72
2,7.33,2,3,1,95,100,84,0,68
5,8.98,3,7,5,58,74,88,0,87
3,9.17,1,7,1,46,82,68,0,73
2,6.42,1,5,2,92,42,40,1,62
3,9.11,3,1,5,85,57,60,0,75
2,5.9,0,7,4,83,74,70,1,68
5,8.81,0,2,0,97,91,66,1,63
6,6.24,1,3,0,81,49,74,0,51
2,6.49,1,7,2,81,75,47,0,69
1,9.26,1,5,3,75,69,79,1,75
2,7.1,0,7,5,57,65,97,0,69
5,9.95,2,7,2,45,69,47,0,79
2,5.76,3,1,5,91,70,45,1,64
1,7.32,3,5,0,43,94,54,0,65
1,8.66,4,6,5,44,43,60,1,81
5,5.03,4,2,1,53,96,76,1,55
3,5.76,2,6,2,80,63,45,1,65
2,5.1,1,4,2,86,40,93,1,53
6,9.96,2,3,1,72,65,68,1,71
1,8.8,4,6,5,92,88,97,1,93
1,6.87,4,1,2,60,68,64,1,61
2,5.78,3,2,4,52,77,62,1,59
3,5.45,2,7,1,41,75,77,1,60
2,7.66,0,7,1,54,97,66,1,67
5,9.88,4,2,5,86,93,81,0,87
6,8.37,3,7,1,55,48,62,0,73
2,6.83,1,7,0,74,81,58,0,66
1,7.5,2,4,2,84,71,67,1,68
1,9.99,4,4,3,59,76,73,1,83
5,7.59,0,3,2,40,79,97,0,55
3,9.82,4,6,2,97,57,46,1,89
2,5.08,0,3,0,85,63,90,1,46
4,8.6,2,6,4,42,79,52,0,76
3,8.14,0,6,4,56,57,43,1,68
1,8.43,0,7,0,56,78,50,0,66
2,7.85,3,2,0,80,47,89,0,61
1,5.22,2,6,0,59,78,60,0,57
6,5.75,4,3,2,59,93,99,1,63
3,9.61,1,3,0,43,90,60,1,63
4,6.16,2,4,3,50,50,82,0,58
6,9.96,2,2,1,54,82,84,0,68
4,8.4,1,5,4,96,74,81,1,77
6,7.22,4,5,5,84,63,65,0,81
3,9.6,3,1,3,66,91,70,0,73
1,8.97,4,4,5,99,52,88,1,86
4,7.14,1,1,4,63,70,43,1,57
3,5.34,4,2,2,59,97,42,0,60
4,9.34,2,7,2,83,95,78,1,85
3,8.83,3,5,0,54,69,87,1,70
6,8.95,0,7,4,45,68,60,0,73
3,8.72,4,5,2,57,81,77,0,78
6,6.38,0,5,2,61,45,57,1,55
1,9.29,3,1,5,88,42,72,1,74
6,5.01,0,7,5,60,67,90,1,62
5,6.19,4,3,4,63,49,81,1,65
1,5.23,1,1,2,56,73,74,1,45
2,5.55,2,7,0,50,40,71,1,56
2,7.66,2,5,2,57,51,97,1,65
3,5.19,0,4,3,74,75,94,0,54
3,5.91,2,4,3,94,95,50,0,68
5,6.16,2,6,0,70,91,78,1,64
3,8.28,1,7,3,67,95,97,0,78
1,7.34,0,1,5,63,100,70,1,60
1,7.29,1,6,2,75,71,69,1,68
6,8.84,1,6,3,84,95,77,1,80
4,7.28,3,1,3,63,50,85,0,60
3,6.74,0,6,2,72,40,100,0,60
5,9.81,1,2,4,90,100,59,0,77
2,5.04,4,1,0,69,87,79,1,53
1,6.53,2,6,4,91,45,65,1,72
1,8.05,0,6,4,76,66,50,0,72
1,8.91,3,1,3,52,54,41,1,65
4,9.08,1,5,1,55,49,78,1,66
4,5.23,4,6,4,87,63,56,1,74
3,8.55,2,3,2,82,47,63,1,67
2,8.6,2,5,2,48,56,69,0,68
5,6.07,4,3,2,89,63,76,0,66
4,5.56,0,5,1,86,52,45,0,54
6,8.75,2,7,1,52,48,93,1,72
4,6.25,2,5,5,46,98,88,0,69
1,5.01,2,2,0,74,45,62,0,46
5,6.12,1,6,1,83,68,86,0,62
3,5.16,1,7,0,65,62,74,0,56
4,6.25,2,3,5,89,61,89,1,67
1,6.68,3,5,2,48,60,86,1,64
6,6.36,2,5,1,74,56,94,0,61
6,9.6,0,3,3,63,73,65,0,67
3,6.16,3,7,5,72,65,64,1,77
3,7.34,0,2,3,60,89,75,0,57
4,9.79,4,3,3,92,98,94,0,86
3,9.4,4,2,1,61,64,60,0,71
2,6.55,1,7,1,78,87,81,0,68
2,6.63,1,2,1,58,77,97,1,52
1,7.97,1,4,3,83,42,82,0,66
1,9.59,4,2,2,85,42,62,1,75
1,5.05,0,4,4,84,53,40,1,55
2,6.97,3,6,2,71,81,98,1,73
4,9.25,1,1,1,44,49,100,1,55
4,7.05,4,2,4,51,41,49,1,64
3,8.6,1,3,5,79,46,64,1,70
4,8.46,2,4,4,45,53,61,1,68
1,6.03,3,7,2,57,88,86,0,70
5,7.25,0,7,3,46,56,47,0,64
1,7.83,1,1,0,58,49,80,1,49
2,8.58,2,6,3,54,74,72,0,75
5,9.11,2,1,3,81,88,92,1,70
3,8.8,3,2,4,48,84,51,1,71
6,5.14,4,3,1,59,66,87,1,56
4,8.35,4,2,1,87,87,78,0,73
4,7.49,1,5,4,98,42,51,0,71
2,7.87,1,1,3,59,86,51,0,59
1,6.86,4,5,2,43,99,50,1,71
1,8.57,0,5,5,49,64,87,1,69
5,8.37,0,4,0,81,46,47,0,59
4,7.9,2,7,3,79,52,90,1,77
2,9.31,3,5,3,40,96,47,1,79
3,5.51,0,1,0,74,78,76,1,43
1,6.51,1,1,2,63,82,88,1,52
4,7.48,0,3,0,83,85,55,0,57
6,9.79,3,2,4,46,64,75,1,73
2,5.36,1,3,0,61,82,57,1,48
5,6.69,3,3,0,62,68,83,0,58
1,9.63,4,7,3,40,58,60,0,84
1,9.49,3,2,3,63,78,43,1,74
3,9.33,3,1,1,59,61,89,0,64
1,6.54,3,4,0,71,41,46,0,59
2,9.23,1,7,4,70,61,73,0,80
4,7.53,3,5,1,72,74,73,0,70
4,8.1,3,4,5,75,73,84,0,78
4,6.19,2,5,0,57,92,75,1,60
6,8.53,1,2,3,76,44,76,0,63
6,6.64,3,2,4,72,66,69,0,65
1,6.72,0,3,2,72,57,65,0,54
6,8.18,3,6,1,44,87,51,1,72
6,6.2,0,6,3,57,42,50,0,57
3,6.12,4,2,2,48,95,68,1,61
6,6.85,4,5,0,81,86,42,0,71
5,8.89,1,6,4,70,60,50,0,76
5,6.12,1,4,3,46,63,48,1,56
5,8.94,4,7,3,54,65,65,1,84
1,8.48,1,4,4,85,59,93,1,72
4,8.4,0,4,3,43,91,98,0,64
3,7.37,0,6,3,85,52,47,1,67
1,8.73,2,7,0,78,45,60,1,73
4,5.07,1,4,1,47,65,47,1,48
3,6.53,1,3,2,63,87,81,1,58
3,8.4,2,6,5,47,82,45,1,78
3,9.94,3,4,4,99,69,94,1,87
5,5.01,0,5,2,44,53,57,0,47
5,7.55,3,3,4,62,86,45,1,71
5,9.62,2,7,5,82,92,60,1,92
3,9.32,1,3,4,94,76,83,1,76
2,5.12,3,6,3,73,96,87,1,70
3,7.65,1,3,5,54,77,95,0,66
5,5.02,2,2,5,90,69,92,1,60
3,8.95,4,3,0,98,54,87,0,74
5,6.54,1,5,4,89,58,62,0,67
5,8.83,3,7,5,86,50,75,1,88
5,9.72,3,6,2,58,59,57,1,80
2,9.88,2,6,1,64,64,100,0,77
4,9.47,3,4,2,78,77,66,1,79
3,6.02,0,7,5,43,82,84,1,65
1,5.97,1,2,0,85,69,42,0,50
5,8.13,0,4,1,47,79,98,1,58
2,7.72,2,1,3,68,98,97,0,64
1,5.05,0,2,2,94,62,51,1,48
4,6.96,0,7,2,81,83,59,0,68
3,9.53,1,5,5,52,56,58,1,75
2,9.49,1,2,4,77,40,62,1,68
5,6.02,4,3,4,75,81,99,0,69
5,6.91,0,2,1,76,53,44,1,50
5,7.8,1,3,3,81,78,90,1,66
2,9.26,0,4,4,95,100,58,1,78
1,7.66,0,2,5,84,57,96,1,63
4,9.84,2,2,2,90,80,100,1,74
3,9.0,2,5,1,82,99,51,0,77
4,9.77,0,1,4,99,55,67,1,68
5,8.66,2,2,4,70,49,96,1,68
4,9.39,1,4,0,58,83,76,1,66
1,9.16,0,3,1,76,48,73,1,61
6,6.27,2,4,1,64,53,97,1,57
6,6.15,1,7,5,76,99,55,1,75
3,9.32,0,6,3,40,41,92,0,67
3,5.42,0,6,4,60,96,43,1,62
4,7.04,2,5,1,80,96,93,1,69
3,9.1,1,6,5,78,81,86,0,82
2,9.07,0,2,3,80,93,81,0,67
1,5.69,0,7,4,65,60,93,1,63
5,7.44,4,1,2,81,81,45,0,67
5,7.4,0,1,0,92,41,46,1,49
4,6.62,4,2,3,42,45,73,1,59
5,9.59,4,1,0,89,50,43,1,70
4,8.27,1,4,2,80,80,54,1,69
3,9.9,3,3,1,44,42,52,0,67
3,5.33,4,2,4,82,90,48,1,66
2,6.97,1,6,1,68,50,76,1,62
2,9.18,2,3,0,72,43,56,0,64
1,7.11,4,1,1,41,54,77,0,55
5,6.31,3,5,1,57,65,53,0,62
2,9.99,2,7,3,99,98,76,1,92
1,9.37,4,3,5,91,83,70,0,87
6,7.73,4,7,3,53,75,41,0,80
2,7.81,3,7,2,93,54,85,1,79
1,5.03,0,5,3,79,88,58,1,58
4,9.9,3,4,3,69,89,58,0,82
4,9.03,1,5,3,68,61,99,1,72
1,5.18,1,3,3,68,76,94,1,54
3,5.88,3,3,5,58,49,52,1,62
6,9.11,3,2,2,85,59,60,0,72
1,5.43,3,6,3,65,71,70,0,67
2,9.71,3,5,3,85,97,83,0,87
3,10.0,3,4,0,97,48,67,0,77
1,9.43,4,2,3,93,89,96,1,82
5,8.69,2,2,2,91,70,40,1,69
2,7.44,1,4,5,79,83,74,1,71
2,5.41,1,2,2,48,79,49,1,48
4,8.65,2,4,1,96,70,47,1,72
5,6.98,3,1,3,85,67,52,0,64
5,7.85,2,2,4,83,50,58,1,66
2,6.47,3,3,1,52,75,42,0,58
6,6.21,1,1,2,77,80,95,0,53
3,6.62,0,2,1,70,43,97,1,47
4,9.07,1,4,4,53,89,42,1,73
5,7.13,1,1,0,70,53,66,1,49
4,6.56,0,6,4,54,85,57,0,64
2,7.16,2,1,5,73,93,74,1,66
3,5.16,4,3,5,89,68,100,0,69
1,9.45,3,2,1,49,67,83,0,66
5,7.76,3,2,3,96,64,73,1,70
3,5.52,1,4,0,60,62,69,0,49
4,6.44,0,1,5,78,72,47,0,56
2,9.92,1,3,4,93,69,99,1,77
3,7.97,1,4,3,64,48,60,1,64
1,6.46,2,6,4,76,77,85,0,72
3,7.13,3,4,2,79,64,58,0,68
2,6.29,4,3,3,59,57,82,1,64
4,5.16,0,2,2,84,82,87,1,49
5,9.21,4,3,0,46,46,85,1,66
5,6.46,0,2,0,96,63,79,1,50
6,9.19,3,5,0,57,79,69,1,73
4,7.39,2,1,0,80,60,95,0,55
6,5.91,4,3,2,83,94,66,0,68
6,9.01,0,6,2,95,94,59,0,77
2,6.89,1,6,5,65,74,53,1,71
2,8.54,3,7,1,56,82,96,0,78
2,9.19,2,4,1,81,50,51,1,70
1,9.81,1,2,2,46,41,88,1,61
4,5.43,2,1,0,67,54,62,1,45
5,5.04,0,6,1,60,54,51,0,50
4,7.74,1,1,3,76,44,92,0,57
2,6.32,2,3,2,62,91,83,1,60
1,7.35,3,4,3,86,79,83,0,74
4,5.36,4,6,0,87,55,78,1,66
4,7.51,4,3,5,98,83,81,1,81
6,5.62,1,4,2,87,85,69,1,60
4,9.19,3,5,1,49,60,87,0,72
6,8.8,3,3,5,85,84,66,1,81
6,5.37,2,7,1,91,48,63,0,64
3,9.18,1,2,3,56,46,42,0,62
2,6.62,3,3,2,77,66,69,1,64
1,6.76,2,3,5,40,56,74,0,61
6,5.9,3,6,0,50,41,72,1,58
4,9.18,1,7,4,72,79,76,0,82
6,7.02,3,5,4,70,65,79,1,73
6,5.24,3,6,5,83,84,88,1,74
6,9.83,3,5,0,63,47,55,1,73
5,6.28,4,6,1,59,89,87,0,70
5,9.68,0,3,4,86,84,57,1,74
5,6.51,1,4,0,44,94,57,1,54
5,9.16,4,5,5,81,79,53,1,89
3,8.32,0,5,5,65,55,71,1,70
6,9.31,3,4,5,88,59,51,0,84
3,9.88,3,1,3,81,71,81,0,75
4,9.36,4,7,1,46,71,41,0,81
2,7.02,2,5,0,66,74,92,0,63
1,9.07,1,5,5,57,54,65,1,74
3,8.56,0,4,3,77,81,62,1,68
5,5.31,3,4,2,70,96,99,0,63
5,9.65,1,3,4,48,89,74,1,72
4,7.33,3,7,4,41,71,72,0,75
6,5.67,3,3,4,93,69,80,1,67
1,7.13,3,1,0,99,58,64,1,59
3,8.02,1,1,2,83,63,43,0,59
6,7.86,4,1,0,76,41,60,1,60
6,7.87,1,2,5,86,60,87,1,67
2,6.28,1,4,0,84,81,43,1,58
2,8.16,2,5,2,100,99,70,0,78
3,9.54,2,4,5,68,55,95,1,78
3,6.94,4,4,5,73,79,88,1,77
3,8.15,2,1,3,54,78,54,0,62
3,6.22,4,4,5,85,75,43,1,76
5,5.24,3,2,1,48,97,43,1,53
6,7.93,3,6,4,55,80,83,1,78
6,5.24,1,5,2,41,41,42,0,50
5,8.62,3,6,3,40,100,91,0,79
6,8.35,2,1,5,96,55,94,1,70
3,6.85,0,7,2,48,68,44,0,62
1,7.06,1,3,1,96,46,58,0,59
2,9.59,4,7,2,95,94,77,1,94
2,5.07,3,7,2,59,54,71,0,64
6,7.82,1,6,3,85,62,99,0,73
1,9.62,1,5,4,96,94,97,1,84
2,9.57,1,6,4,41,44,48,0,73
1,7.92,3,3,3,40,40,42,0,63
5,6.91,4,3,3,99,91,73,0,75
4,5.49,1,4,0,49,44,64,1,46
6,5.87,1,5,0,62,52,92,1,52
5,8.4,1,2,1,93,65,49,1,63
5,5.08,3,4,0,58,91,71,1,56
1,9.42,2,3,0,57,52,44,0,64
6,7.94,4,6,2,63,71,68,0,78
5,5.23,1,5,2,91,94,46,0,62
3,6.2,1,4,3,61,68,54,1,59
5,7.97,1,5,5,59,57,41,0,70
3,5.18,3,6,4,100,41,49,0,70
4,8.9,2,1,1,50,66,50,1,59
3,9.6,1,2,0,48,89,92,0,61
3,9.81,1,2,2,54,81,95,1,66
1,8.67,3,2,4,99,42,79,1,74
5,9.28,4,3,0,55,92,97,1,73
4,8.05,4,3,5,52,69,94,0,75
5,7.29,2,2,4,92,49,60,1,65
3,8.57,4,5,2,45,48,51,0,73
2,6.12,1,1,3,64,42,43,0,49
3,5.55,3,3,5,86,61,67,0,66
5,8.81,1,6,5,54,77,68,0,77
4,9.79,1,4,0,93,50,52,1,70
2,7.89,2,4,0,57,45,89,1,59
4,7.41,4,3,1,82,44,57,1,66
1,7.67,4,2,0,72,69,66,0,64
3,7.39,4,5,2,53,53,42,1,70
3,7.21,1,1,4,96,41,74,0,60
1,9.74,3,4,5,73,72,78,0,84
5,7.4,3,3,4,41,76,61,0,66
3,5.41,1,5,3,59,47,56,0,56
5,8.83,0,2,5,97,49,67,1,68
4,6.96,1,1,5,81,60,100,1,60
2,8.55,4,1,3,55,58,77,0,67
2,7.9,1,4,2,42,74,55,1,61
2,8.57,0,7,4,85,57,99,1,77
6,5.31,1,4,5,69,46,44,1,58
1,5.17,4,6,3,62,52,61,1,67
2,6.89,2,3,5,78,85,95,0,70
3,8.47,3,7,3,90,89,56,0,87
1,6.12,0,1,1,90,93,100,1,51
4,7.17,2,2,1,96,51,50,0,60
4,9.9,3,2,2,62,79,61,1,73
4,6.07,2,7,2,90,63,83,1,70
4,9.24,1,3,2,42,57,83,0,62
6,9.13,1,1,2,52,77,75,0,60
5,9.46,3,4,4,90,51,80,1,82
5,9.58,3,6,0,96,42,85,1,79
2,7.54,1,2,2,85,64,83,1,60
6,8.41,1,5,1,79,74,81,0,69
5,8.09,3,3,5,68,55,79,0,73
4,6.54,3,2,0,62,88,94,0,57
5,6.4,3,5,0,79,87,42,0,66
1,6.71,4,7,4,56,84,66,1,79
2,6.09,4,5,3,96,96,84,1,77
5,8.79,1,2,5,60,52,87,0,66
1,9.82,4,3,5,68,63,96,0,84
3,9.34,0,5,0,76,51,52,1,65
1,6.09,1,5,4,44,100,52,1,63
1,5.26,0,1,4,96,41,90,0,49
4,8.79,2,6,4,60,65,93,1,78
4,6.95,0,6,2,41,85,69,1,60
2,9.12,2,6,5,93,49,57,1,85
4,8.9,0,1,3,62,58,79,1,58
1,8.13,2,6,2,50,94,72,1,73
6,6.28,2,1,1,54,61,56,1,49
4,5.52,1,5,3,62,63,95,1,58
4,6.26,3,5,2,46,65,80,1,63
1,7.55,3,3,3,82,100,49,1,73
3,9.9,1,4,1,73,44,80,0,69
3,5.32,2,1,2,77,55,83,0,50
5,6.0,3,6,3,80,76,63,1,72
2,8.14,3,4,1,88,73,81,0,73
3,6.52,0,1,5,90,77,68,1,59
4,9.29,4,6,4,83,67,47,1,89
6,5.7,1,7,3,45,51,75,1,60
5,9.82,4,7,1,55,98,95,1,87
2,9.56,2,1,5,94,84,53,0,78
6,9.44,0,6,4,41,84,68,1,74
6,5.87,3,3,1,71,98,46,1,61
4,6.65,0,3,5,97,60,64,0,63
1,9.02,1,7,5,95,71,81,0,86
1,9.04,2,2,5,82,64,69,1,74
1,8.53,0,1,0,86,53,95,0,54
3,7.24,0,1,1,100,90,67,1,56
1,6.56,0,7,2,77,86,49,0,66
2,9.81,3,1,2,67,92,86,1,72
4,5.7,2,3,2,96,74,86,1,61
3,5.22,3,6,2,80,48,73,1,64
2,5.05,0,1,5,48,96,95,1,48
1,8.88,3,2,5,64,69,55,1,74
2,5.28,3,5,0,89,81,95,1,63
6,7.69,1,2,0,65,68,49,1,54
4,6.84,4,6,0,84,78,68,0,73
4,5.73,4,5,4,65,70,97,0,71
2,8.7,1,3,3,100,53,96,0,70
5,5.28,1,7,2,94,56,54,1,64
4,6.59,3,6,3,44,64,67,0,68
6,7.81,3,4,2,96,85,90,0,76
4,7.01,2,6,2,56,96,95,1,70
5,6.3,4,3,2,65,81,63,1,65
4,9.63,3,4,0,94,76,81,0,78
4,9.65,2,5,5,65,66,59,0,82
5,7.08,4,4,4,92,57,86,0,76
4,6.97,2,5,2,82,68,92,0,68
2,6.54,2,6,2,48,88,68,0,66
3,9.28,1,4,2,62,57,41,1,68
2,7.84,0,5,1,91,43,85,0,62
4,5.45,0,6,2,98,59,71,0,60
1,9.27,0,4,0,63,40,86,0,59
1,7.67,2,5,0,80,84,93,1,68
3,7.08,3,2,3,48,100,81,1,64
4,6.69,0,1,5,49,63,69,0,52
6,5.5,3,2,5,91,81,48,1,66
4,9.78,4,3,0,45,99,58,0,74
1,8.71,0,7,3,43,86,45,1,72
5,5.66,2,7,4,40,63,47,1,65
3,7.56,1,4,1,45,95,73,1,60
5,7.78,2,7,0,95,44,97,1,72
6,5.84,3,6,2,77,65,40,0,68
4,7.14,4,5,4,68,57,52,0,75
6,8.23,2,2,2,83,75,45,1,66
5,6.42,1,2,3,42,40,74,1,49
4,6.66,1,6,3,84,49,68,1,67
2,5.61,4,5,1,63,56,41,1,63
2,7.07,0,4,4,81,99,98,1,67
6,7.92,2,6,3,48,97,49,0,74
2,5.58,2,3,2,56,74,70,0,54
2,8.07,1,3,5,82,43,47,1,68
1,6.99,3,6,0,98,83,80,0,73
2,8.39,2,3,0,77,66,78,1,64
1,6.57,1,7,5,81,99,96,1,77
3,7.84,3,5,4,95,50,100,1,78
1,8.06,0,2,4,89,42,67,1,61
1,8.45,0,6,3,53,67,70,0,68
5,8.78,1,3,0,75,50,52,0,61
1,5.68,1,2,5,84,42,46,1,56
1,9.83,0,6,1,72,95,90,0,75
5,9.22,1,3,5,59,75,40,0,72
1,7.81,4,3,1,73,42,84,1,66
2,9.45,2,6,5,42,64,88,1,80
1,6.91,4,4,5,59,51,83,1,72
3,5.17,3,5,5,42,51,92,0,62
1,8.64,1,4,5,45,88,96,0,72
1,9.72,1,7,5,68,95,65,0,87
3,5.81,3,2,5,78,92,85,1,67
5,8.22,2,7,1,82,71,55,0,76
2,9.07,0,2,1,70,79,51,1,60
1,9.53,4,6,3,78,49,93,1,86
2,6.38,2,5,5,88,87,55,1,74
6,5.64,0,3,2,60,58,73,0,48
2,6.24,0,5,1,90,86,93,0,60
5,7.89,1,3,3,83,93,66,1,68
5,9.59,3,1,1,40,82,91,0,65
1,7.91,1,7,1,72,46,64,1,68
3,9.6,3,1,5,89,63,97,0,78
5,8.85,1,5,2,49,78,58,1,69
3,7.99,4,7,1,95,71,46,0,83
6,5.11,1,1,3,91,62,97,0,51
3,6.67,4,1,5,65,89,51,0,68
4,5.29,2,7,3,42,58,85,0,61
3,6.61,2,7,0,53,87,63,1,65
5,5.31,1,2,4,47,93,89,0,52
3,5.84,2,3,1,87,42,97,0,55
3,7.05,0,6,5,89,64,78,0,71
4,7.57,4,1,1,71,64,44,1,63
4,6.09,3,4,3,80,45,40,1,64
1,8.66,4,7,1,75,72,46,0,83
5,7.95,1,2,5,66,72,87,1,66
1,8.46,2,3,3,96,54,65,0,72
4,8.66,2,2,0,72,59,63,1,61
3,8.63,0,4,5,60,82,100,1,70
4,9.68,2,6,1,65,81,87,0,78
6,6.19,1,3,5,94,71,56,0,65
3,6.35,1,5,5,53,63,43,0,64
1,5.47,3,5,0,82,42,55,1,59
3,7.96,4,2,0,75,43,75,0,63
6,6.98,4,6,4,67,83,44,0,80
4,7.48,4,5,3,67,98,44,1,79
5,5.85,3,7,0,60,45,91,1,62
2,8.25,3,3,3,87,98,82,1,77
5,8.1,3,4,4,98,96,85,0,82
5,6.32,0,4,3,80,91,56,0,61
4,7.33,3,5,5,93,58,80,1,79
5,9.47,2,1,4,68,97,60,0,73
6,8.87,0,1,1,85,65,69,1,58
4,6.13,2,6,4,77,87,88,0,72
5,9.39,4,1,4,73,64,90,0,76
2,5.34,1,5,4,40,94,72,0,59
1,7.07,4,5,2,59,64,84,0,71
4,5.4,3,5,0,65,98,62,0,61
4,9.62,1,7,3,90,49,97,1,82
3,5.2,4,3,5,66,77,81,0,66
5,5.76,0,1,3,62,59,68,0,46
1,9.58,3,2,2,46,44,81,0,66
2,7.91,4,6,1,61,81,78,0,76
6,8.98,1,3,5,86,83,77,0,76
4,5.08,2,6,0,76,89,96,0,60
6,7.1,4,6,0,74,74,46,0,72
6,9.92,0,3,0,86,44,76,0,63
6,7.9,1,5,0,43,100,46,0,62
3,9.25,4,5,2,68,74,54,0,81
6,9.82,2,3,3,76,42,100,1,73
5,8.43,3,5,1,75,80,68,1,75
5,6.64,3,1,5,42,71,49,0,60
1,6.54,3,3,5,41,75,59,1,65
1,5.36,1,7,1,44,69,97,0,56
2,7.14,2,7,1,57,91,84,1,70
6,9.58,2,6,2,73,88,48,0,81
6,7.39,4,7,2,54,99,45,1,79
3,9.55,3,3,4,89,78,59,1,82
6,9.09,1,7,2,89,68,60,1,79
6,9.92,3,3,0,79,65,95,0,73
6,9.74,3,5,3,83,84,46,1,86
4,8.53,4,7,1,94,64,77,1,84
4,9.36,4,3,2,80,99,87,0,81
3,8.74,4,2,3,90,95,73,1,79
3,8.52,0,2,0,40,51,86,1,49
5,8.58,0,1,2,61,57,42,0,55
3,8.61,1,3,2,64,93,84,0,66
2,6.9,1,7,3,100,97,56,0,77
5,7.12,4,3,5,56,65,90,1,71
6,6.47,2,6,5,72,54,82,1,72
3,5.74,1,5,0,91,44,41,1,55
2,7.29,0,6,2,97,95,81,1,71
3,9.5,0,7,3,56,72,51,1,76
3,8.26,3,4,0,96,80,52,0,73
5,5.28,4,6,2,77,48,77,1,67
5,9.06,2,7,5,44,71,75,0,82
1,9.68,4,4,2,98,52,51,1,83
5,9.15,0,7,1,76,82,66,0,74
5,8.64,2,3,4,82,67,65,1,74
4,5.75,1,1,0,82,62,86,1,46
3,6.74,3,2,3,50,63,90,1,60
5,7.83,0,3,1,51,100,79,0,57
3,5.38,3,3,2,83,80,44,0,61
3,5.53,4,1,3,73,100,71,0,62
4,9.67,2,1,1,74,70,75,0,66
3,8.51,4,4,1,99,44,99,0,76
2,6.38,3,7,5,78,85,84,1,81
5,6.64,0,3,5,91,98,77,0,66
3,6.92,3,7,4,85,87,91,1,82
1,5.38,0,3,5,93,41,55,0,56
1,8.7,3,5,1,55,86,49,0,74
4,5.88,4,2,0,63,69,97,0,56
2,9.03,3,5,4,70,88,99,1,83
5,9.23,1,5,4,53,44,76,0,71
4,8.19,4,2,2,88,95,54,1,75
1,8.85,3,3,2,86,49,50,1,72
2,5.86,3,4,0,71,86,91,1,60
5,7.88,2,7,3,82,91,48,0,81
3,8.38,4,2,5,52,75,57,0,74
5,8.31,2,1,5,77,75,72,0,69
6,5.59,4,3,0,56,95,94,1,59
5,6.72,0,2,4,83,100,48,0,61
3,6.63,4,2,2,99,46,80,0,66
6,7.86,4,6,0,99,68,54,0,78
2,8.83,3,7,2,95,71,75,0,85
4,7.85,1,2,0,75,66,75,0,56
2,8.77,4,4,5,92,40,40,0,83
5,5.49,2,5,0,81,97,67,1,61
4,9.39,1,5,1,57,93,72,0,71
5,7.68,4,6,0,58,59,40,1,71
1,5.19,1,2,2,46,73,93,0,46
1,8.22,0,2,0,94,90,98,0,60
3,7.59,1,5,3,69,75,45,0,68
2,6.1,0,4,5,51,65,50,1,57
1,8.82,1,3,5,50,62,87,1,68
6,9.67,1,5,1,95,72,66,0,76
6,6.61,2,2,0,68,40,44,1,51
5,7.47,2,4,3,42,42,49,0,61
4,5.64,3,7,2,73,89,67,0,71
6,9.65,1,4,3,73,74,55,0,74
5,6.59,0,7,5,70,74,82,1,70
4,5.97,1,6,1,61,98,65,1,62
1,7.39,4,2,2,41,52,89,1,61
5,5.22,0,1,0,66,72,93,1,40
4,6.26,4,4,0,86,52,67,1,64
3,5.34,3,5,3,75,61,53,0,65
2,5.64,4,1,0,71,95,52,1,56
2,5.56,3,6,2,96,44,40,0,68
3,9.36,3,3,5,97,56,74,1,82
6,9.65,3,5,2,74,82,54,1,82
2,7.37,4,6,0,56,49,68,1,68
4,8.15,3,7,3,73,98,70,0,84
3,8.48,3,6,0,65,94,51,0,75
6,6.96,2,6,5,100,66,44,0,79
5,6.85,1,2,4,49,54,87,1,55
5,8.38,3,1,0,78,84,85,1,64
4,6.88,0,6,1,48,81,71,1,59
4,7.91,0,6,0,64,48,49,0,60
4,7.58,2,6,5,59,99,44,0,78
2,7.62,4,5,4,54,46,66,0,74
4,9.15,4,6,1,79,96,78,1,85
3,8.52,4,4,3,88,49,60,1,79
3,9.8,3,2,1,66,80,55,1,72
6,8.95,4,1,2,50,52,68,1,66
3,5.73,4,4,5,55,55,97,1,67
2,8.69,1,6,4,69,73,54,0,77
5,8.33,3,7,2,61,47,77,1,76
6,8.23,3,2,2,63,99,100,0,69
3,7.4,0,2,1,89,70,46,0,56
4,5.31,0,1,1,63,94,57,0,44
3,9.76,1,1,2,75,67,90,0,65
1,9.26,2,1,5,57,46,58,1,67
6,7.43,3,5,3,59,73,56,1,72
2,5.79,0,7,0,47,72,53,0,54
3,9.12,4,2,0,54,43,80,0,65
3,7.15,3,6,4,52,94,87,0,76
2,6.95,3,3,1,75,77,49,0,64
5,8.33,3,4,0,100,65,64,1,72
4,8.79,0,1,3,53,41,80,1,55
4,5.31,1,2,4,86,71,83,1,56
5,8.84,0,7,5,86,78,48,1,82
5,8.67,4,6,1,63,81,55,0,80
1,7.95,4,4,0,94,98,87,1,76
2,6.69,2,3,2,76,80,63,0,62
6,5.82,0,4,3,63,41,60,0,52
4,5.51,0,3,3,86,65,98,1,54
5,5.01,2,6,1,57,86,96,1,59
5,6.03,2,1,5,71,66,94,0,59
2,7.06,3,5,3,74,54,73,1,71
6,6.22,3,3,1,59,60,78,0,57
5,6.54,4,1,3,81,87,91,1,66
1,6.95,1,4,0,71,66,46,0,57
6,6.54,4,6,5,76,73,46,1,80
1,8.62,0,7,1,76,88,67,1,73
3,7.46,1,4,3,86,50,90,0,65
4,5.1,3,4,0,72,62,74,1,55
5,6.13,2,6,5,40,89,97,0,69
6,8.55,2,6,0,87,61,49,0,73
1,6.5,4,5,0,67,62,77,1,65
4,9.6,0,2,5,66,40,71,1,66
4,8.56,0,3,1,56,98,73,0,61
5,6.45,2,7,1,85,51,99,1,68
4,7.58,4,6,3,54,64,63,0,76
5,8.34,4,2,5,53,45,95,0,71
3,5.97,3,4,5,92,89,91,1,74
5,6.23,3,7,5,70,88,89,0,79
2,7.54,3,5,2,73,88,80,1,74
1,9.62,1,1,2,42,73,86,0,60
2,6.72,4,5,4,95,67,85,1,79
4,7.01,4,6,2,51,64,80,1,72
4,5.95,3,2,5,65,57,41,1,62
4,7.97,2,4,2,63,86,81,1,68
5,8.7,3,7,3,99,40,43,1,84
6,7.2,1,7,1,97,71,40,1,71
5,8.75,2,7,2,73,68,61,0,79
1,6.51,4,3,4,47,59,50,1,65
5,8.53,1,5,3,98,85,87,1,77
4,6.29,1,2,0,51,52,50,1,45
3,8.9,2,2,0,48,96,84,0,62
1,9.15,3,1,4,65,51,53,0,69
2,8.99,3,3,1,85,47,66,1,70
3,6.08,0,7,5,97,78,72,0,73
1,8.47,2,2,0,77,47,67,0,60
1,7.69,3,3,1,88,57,62,1,67
4,9.93,1,4,2,82,60,96,1,73
2,6.81,3,6,2,98,67,48,0,75
5,8.86,3,5,2,58,70,98,1,75
2,6.85,1,2,0,60,54,57,1,49
4,6.98,2,4,0,52,99,100,1,60
4,5.55,0,1,1,74,78,82,1,45
4,6.2,3,3,1,42,72,63,1,56
3,5.82,3,6,5,64,77,66,0,73
2,5.8,3,4,4,71,62,74,1,66
2,5.05,2,3,5,60,55,92,0,57
1,8.97,1,7,2,53,63,43,0,73
6,7.34,1,7,3,70,60,61,1,71
5,9.02,1,6,3,47,85,50,0,74
4,8.06,1,3,2,46,47,99,0,57
2,9.16,1,2,4,75,81,99,1,71
2,7.52,1,3,5,74,98,46,1,70
1,5.47,3,4,1,58,56,80,1,56
5,8.08,3,1,0,98,54,97,0,63
6,8.39,1,2,4,41,53,76,1,60
6,8.13,1,5,4,44,59,73,0,67
4,9.01,2,1,2,83,71,51,0,67
6,8.66,2,4,1,41,100,43,0,67
6,7.16,4,2,3,57,50,84,0,64
5,9.1,3,6,3,54,77,41,1,81
5,8.46,1,6,5,55,71,86,1,76
4,5.6,3,3,5,51,43,40,1,60
2,7.7,4,7,3,83,68,57,1,84
1,8.64,2,1,4,99,44,98,1,69
4,7.77,4,2,5,75,82,62,1,76
3,9.75,0,5,0,61,51,73,0,64
6,5.51,2,7,1,67,82,43,0,64
1,8.61,3,5,0,93,89,92,1,77
2,9.12,2,5,3,79,78,90,1,79
2,8.51,4,6,0,82,96,91,1,81
5,6.93,1,2,4,93,62,81,0,63
3,6.93,4,1,2,61,72,84,0,61
2,7.93,4,3,0,43,55,58,0,62
3,6.99,1,1,5,51,89,79,1,59
6,9.42,3,3,0,60,83,81,1,70
5,5.55,3,1,0,66,50,79,0,48
1,8.2,2,1,5,62,47,90,1,64
5,5.67,4,2,3,81,72,80,1,64
6,7.7,2,5,0,66,87,48,0,66
2,8.58,1,7,1,80,73,62,1,75
3,5.83,0,5,4,55,60,52,0,57
6,8.52,3,5,1,71,77,40,0,74
2,5.7,1,7,1,75,56,51,0,61
4,8.1,3,5,3,97,88,49,1,82
3,7.53,2,1,0,56,73,66,0,53
6,6.49,0,5,4,93,90,58,1,68
1,5.56,4,1,4,57,80,79,1,60
1,8.68,3,3,4,66,42,71,1,72
2,6.91,4,4,0,46,63,61,1,62
2,5.43,2,7,4,93,61,64,1,72
1,8.86,3,7,4,80,49,50,0,85
4,6.16,2,4,2,77,44,50,1,59
5,8.68,4,3,2,93,80,65,0,79
1,7.82,2,1,4,59,70,55,1,62
2,5.97,2,7,5,99,63,68,1,77
2,5.38,2,5,1,96,85,69,0,64
4,7.97,1,2,5,74,50,50,1,65
1,5.13,1,1,0,86,90,96,0,47
4,5.33,3,1,1,72,94,40,1,54
1,8.51,2,7,1,98,87,45,0,81
5,7.69,2,3,0,65,53,52,0,58
6,6.63,2,3,0,63,85,66,1,57
1,7.7,1,2,3,63,43,82,0,57
6,7.96,4,5,3,70,47,74,1,76
1,7.83,2,4,3,66,46,92,0,66
5,8.21,0,6,4,88,74,72,0,75
2,9.7,3,5,5,48,94,98,1,85
6,6.94,1,5,4,41,71,53,0,63
4,6.51,4,6,4,45,61,82,1,72
1,5.19,0,6,5,70,61,85,1,61
2,5.74,2,1,3,64,85,94,1,54
1,5.53,1,2,5,55,82,61,1,55
4,6.68,2,7,0,84,65,99,0,68
5,8.05,3,1,4,45,90,81,0,66
3,5.23,1,3,0,62,75,60,0,47
1,8.64,0,6,5,86,68,41,0,78
4,6.99,4,4,3,96,43,95,1,73
3,9.82,4,7,0,44,70,44,0,81
1,7.84,3,2,4,56,61,54,0,66
6,8.86,4,7,0,48,100,89,0,80
2,9.31,4,2,3,65,96,87,1,78
2,9.44,3,5,4,52,92,59,0,83
4,7.59,0,1,4,46,47,65,0,51
6,6.98,1,5,3,87,60,95,0,67
5,7.8,1,5,1,79,54,63,1,65
3,7.01,3,2,2,57,87,74,0,62
4,6.2,2,4,3,76,93,97,0,66
1,6.62,3,3,5,84,93,63,0,73
2,6.16,3,5,0,63,43,65,1,59
1,6.35,3,6,1,94,81,80,1,72
3,5.47,3,4,3,71,97,100,1,66
6,7.13,4,6,2,46,44,89,1,69
6,6.18,4,5,4,59,75,61,1,72
4,7.24,0,4,5,84,41,66,1,64
4,8.96,3,1,2,73,89,58,1,70
6,7.24,1,6,2,97,47,76,0,69
4,9.77,2,3,5,58,86,75,1,78
6,5.74,4,2,3,85,43,68,0,62
3,9.25,1,1,4,53,52,79,1,62
4,6.24,4,5,4,71,53,78,1,72
6,9.67,0,5,2,48,48,94,0,66
4,6.14,2,3,3,75,67,82,1,61
1,8.73,4,7,4,88,77,51,1,91
2,5.31,2,7,4,65,51,83,1,66
1,8.15,2,6,0,59,67,55,1,68
5,6.09,1,6,2,68,52,87,0,60
6,8.35,4,3,1,55,60,70,1,68
5,8.18,2,3,2,70,94,54,1,69
6,9.62,3,5,3,63,77,72,0,81
2,8.13,2,5,5,69,91,54,0,79
4,7.04,2,2,5,47,65,71,1,61
6,5.97,4,3,4,65,64,61,1,66
1,8.29,3,4,4,54,61,89,1,73
4,5.58,2,7,0,97,90,95,0,68
2,9.14,4,2,4,89,91,45,0,82
1,6.24,4,4,4,49,91,69,0,70
4,7.62,2,7,5,75,47,80,0,78
6,7.98,0,1,1,78,76,97,1,55
6,6.81,0,3,2,63,79,56,0,55
1,8.32,1,2,4,88,84,95,0,69
3,6.25,0,6,3,47,98,83,1,62
6,5.17,0,7,1,40,95,41,1,55
3,9.8,4,2,1,93,61,55,1,77
4,6.6,4,1,0,92,52,94,0,59
3,8.57,2,1,3,49,76,86,1,62
1,7.54,2,1,1,86,53,98,1,58
5,8.34,4,7,2,62,57,51,0,80
5,5.55,2,2,3,77,86,86,0,58
1,7.59,4,5,2,49,72,84,0,72
5,6.96,0,4,0,72,46,51,1,52
1,7.26,2,6,0,70,49,90,1,64
6,9.83,0,6,4,77,99,87,0,82
3,5.68,1,4,2,52,97,78,1,56
5,8.77,2,6,5,74,69,56,1,82
6,6.65,4,1,2,83,98,81,0,66
5,6.45,4,6,0,86,94,80,1,74
4,6.35,1,5,5,71,73,45,1,67
1,6.74,4,5,2,61,84,94,0,72
1,6.79,0,1,3,46,42,80,1,46
6,6.35,4,3,4,45,98,65,0,68
4,8.34,1,2,4,80,79,40,1,68
3,5.24,3,7,3,55,51,55,1,65
4,6.66,3,3,1,51,75,85,1,59
4,6.4,0,7,5,48,92,79,1,68
2,8.76,3,7,5,79,70,98,1,89
3,5.73,4,5,2,44,62,86,1,63
3,9.7,1,1,1,97,47,55,0,64
4,5.85,0,2,1,42,40,85,1,40
5,6.85,3,4,2,75,94,55,1,70
2,6.0,4,6,5,82,74,78,0,79
5,6.43,4,5,0,49,86,68,0,65
4,8.81,2,2,2,47,54,89,1,61
5,7.38,2,2,0,48,92,88,0,56
3,5.81,1,3,3,52,67,65,0,53
3,5.23,0,4,0,95,51,69,0,49
5,6.15,3,3,1,97,40,72,0,60
3,9.73,3,3,1,58,50,82,0,70
1,9.23,4,3,1,62,90,59,0,75
3,7.2,3,3,5,82,76,76,1,74
4,7.41,1,5,5,63,88,94,0,72
6,9.5,2,4,0,42,41,52,1,63
5,7.96,4,3,1,72,84,47,1,71
2,9.4,0,7,4,62,74,71,0,78
5,7.46,4,5,2,53,84,57,1,73
3,6.0,3,7,1,58,47,84,1,65
3,8.63,1,6,5,72,70,80,0,79
6,7.63,0,5,0,62,60,50,0,57
6,8.34,4,2,1,66,92,94,0,70
2,5.79,3,2,0,51,84,77,0,52
4,8.24,4,1,2,85,42,82,1,67
1,6.91,0,5,0,86,64,86,0,58
4,6.66,3,7,2,46,80,53,0,71
2,8.36,2,1,1,75,67,79,1,61
5,7.96,0,5,5,85,67,89,1,72
3,8.25,2,3,4,57,41,72,0,66
4,9.83,2,3,1,55,47,92,1,66
3,8.51,3,1,2,97,40,80,0,67
3,8.2,4,3,5,53,60,62,0,75
4,8.07,4,3,3,60,54,100,1,71
4,6.99,1,7,3,82,94,46,0,75
6,9.2,0,2,3,66,47,54,0,61
2,6.9,0,3,1,64,79,54,0,53
2,8.5,3,2,0,77,61,48,0,64
1,6.47,3,4,4,54,78,60,0,67
6,5.74,1,5,5,49,59,76,1,60
1,5.65,1,2,4,69,52,78,1,53
4,8.17,2,6,5,83,65,98,0,81
2,6.64,1,6,1,48,78,67,0,60
2,6.38,4,2,2,67,46,83,1,60
1,7.96,2,2,1,88,96,45,0,66
5,5.13,1,6,3,57,50,49,1,57
6,6.23,4,5,2,50,70,54,0,67
6,6.7,4,5,4,77,73,93,0,77
6,8.54,2,5,1,90,50,63,1,72
2,7.73,2,6,0,41,63,43,0,63
3,9.28,4,3,0,61,64,86,0,71
2,6.67,3,2,4,62,90,89,0,66
3,6.48,2,5,2,59,95,74,1,65
2,5.17,0,4,3,84,72,97,0,55
4,9.76,3,6,0,68,68,54,1,78
2,7.51,0,5,0,65,97,91,1,61
4,7.51,1,7,1,80,60,76,0,69
3,9.62,2,7,5,98,88,41,0,94
6,6.45,2,1,4,51,72,86,1,56
3,6.66,4,1,0,87,84,79,0,61
1,8.28,2,2,1,68,45,99,0,60
6,8.93,0,2,2,58,76,67,0,60
2,8.5,3,2,5,73,92,44,1,77
2,8.94,1,7,0,87,41,62,0,72
2,7.88,3,7,4,66,81,48,1,82
2,9.31,0,3,1,69,69,46,1,63
2,7.75,1,6,2,76,96,43,1,72
3,6.15,4,1,1,70,67,58,1,57
4,7.71,2,1,3,67,71,47,0,61
3,8.56,2,2,4,64,92,70,1,71
5,8.27,4,6,4,88,90,53,0,88
3,6.22,0,1,5,45,66,68,1,50
6,5.21,4,1,0,95,78,48,1,56
2,6.26,0,3,5,46,61,76,1,54
3,9.92,1,4,1,45,54,45,0,65
4,5.92,3,2,2,74,82,81,0,60
2,7.32,3,4,0,64,77,99,1,64
1,8.19,4,4,4,60,76,67,1,78
5,9.4,2,3,1,86,75,84,1,72
6,8.8,4,7,2,99,77,49,1,89
4,9.54,2,1,5,87,46,93,1,73
5,8.02,4,2,4,56,70,84,0,71
3,9.33,4,5,2,80,83,42,0,84
5,6.32,3,7,5,65,69,51,1,77
2,7.15,2,4,1,80,53,75,0,63
2,9.22,3,6,2,56,95,50,0,81
1,6.63,2,4,0,100,73,48,1,63
5,9.36,1,3,0,46,91,45,0,63
5,6.82,1,4,1,64,66,51,0,57
2,6.82,1,4,5,73,62,85,0,66
3,6.55,0,4,4,65,42,92,0,57
3,7.73,3,3,3,45,44,80,1,63
6,5.65,3,1,3,49,81,47,1,54
3,5.18,1,6,3,56,69,80,0,59
5,9.49,4,4,4,53,46,52,0,79
1,9.64,3,2,0,42,80,82,1,65
3,5.38,2,6,0,98,93,48,1,65
2,7.75,3,4,5,87,57,59,0,77
2,7.7,3,4,5,55,96,79,0,76
6,6.86,2,2,0,44,77,49,1,52
6,7.84,1,3,5,87,49,80,1,68
5,7.29,1,5,1,62,83,66,1,63
3,7.45,2,2,5,66,73,92,0,67
3,8.78,3,7,0,44,100,43,1,77
6,7.63,3,5,5,95,72,49,1,82
3,6.62,1,1,0,76,71,88,0,49
5,7.91,0,1,0,77,70,58,1,52
1,8.2,1,4,3,57,67,49,0,66
2,8.31,2,6,2,51,43,89,0,69
5,8.09,0,4,0,60,54,87,1,56
3,8.32,0,3,2,46,41,99,1,55
5,6.55,2,5,5,56,99,62,0,71
2,7.23,4,1,0,81,62,75,1,60
4,8.34,1,1,3,48,98,80,0,61
2,8.77,3,4,3,80,62,48,0,77
2,7.17,1,4,5,63,74,41,1,67
4,6.83,2,3,5,50,66,58,1,64
3,8.58,3,4,5,64,65,47,0,78
3,6.11,4,7,2,85,88,65,0,78
1,5.05,2,6,3,76,73,90,0,65
2,7.36,1,4,1,46,52,75,1,55
5,5.87,0,6,4,56,79,50,0,61
1,6.89,2,7,4,94,91,42,1,81
3,6.46,2,6,5,80,90,99,1,76
3,8.89,1,3,0,58,49,100,0,58
6,6.66,4,4,3,96,78,69,1,75
1,8.2,1,6,4,60,65,57,1,73
3,8.37,1,6,2,84,43,56,1,71
4,7.28,4,7,2,48,57,90,0,74
6,5.41,4,4,5,84,74,48,1,72
5,8.5,2,4,2,85,86,69,1,74
6,5.38,0,5,0,47,91,55,1,49
2,5.5,1,1,4,85,56,47,1,53
2,5.98,0,2,4,84,95,80,0,58
5,6.4,4,1,4,66,66,65,1,63
4,9.23,4,5,2,62,47,44,1,78
5,8.37,1,2,5,49,92,44,0,67
1,6.94,2,1,2,93,86,85,1,62
5,9.89,1,3,0,41,52,63,0,60
5,6.22,2,7,5,83,85,53,1,78
6,8.05,3,5,1,87,61,100,1,73
4,9.24,2,3,4,46,75,44,1,71
5,9.01,1,3,0,41,82,75,1,60
1,5.45,1,1,2,55,69,64,0,45
6,8.49,2,7,1,93,74,56,1,79
4,6.29,0,6,3,45,90,45,0,61
4,6.78,2,2,1,55,84,46,1,56
3,7.44,3,6,0,64,43,85,1,66
2,8.95,3,4,1,84,52,54,1,73
1,5.83,0,4,2,49,86,45,1,52
2,5.54,3,5,1,98,45,71,0,64
6,5.77,1,3,2,91,57,99,1,56
6,6.09,0,5,1,48,93,81,0,54
1,5.3,0,1,0,71,47,79,0,38
4,9.63,0,7,3,71,80,66,1,79
5,6.6,2,7,4,41,100,79,1,73
1,5.88,2,3,1,60,59,44,0,53
6,8.19,0,4,3,87,60,100,1,66
2,8.93,3,1,1,42,71,99,0,61
1,8.77,1,1,5,93,95,100,1,73
4,8.59,1,6,3,73,97,55,1,77
3,5.25,2,5,2,68,71,91,1,60
3,8.91,4,7,3,81,41,50,0,86
5,7.51,0,5,4,96,81,78,1,72
5,8.25,4,6,3,59,41,64,1,77
4,9.78,1,7,4,62,80,100,1,83
2,9.05,2,2,4,76,71,41,0,72
5,9.13,2,4,3,47,98,67,1,74
3,5.91,2,4,4,83,61,46,0,65
4,7.38,2,5,4,75,65,77,1,72
4,9.75,2,4,5,53,80,90,0,79
4,7.91,0,4,2,62,84,89,1,62
1,5.51,4,1,0,66,49,40,1,50
2,8.66,1,6,2,54,78,57,1,71
2,5.21,1,6,0,92,84,51,0,60
5,8.71,2,3,0,74,44,92,0,63
2,9.4,2,3,2,95,51,88,1,73
6,7.13,2,2,4,61,80,47,1,63
3,7.07,3,3,5,86,80,59,0,74
5,6.52,1,6,2,75,71,74,1,65
2,9.38,2,4,4,54,89,81,1,77
3,7.74,4,6,2,96,95,55,0,84
5,7.9,3,1,2,71,79,89,0,64
6,8.31,0,6,5,80,57,72,1,74
3,6.5,3,3,1,57,49,79,0,57
6,7.16,3,4,3,97,62,64,1,73
3,8.71,3,6,2,84,40,58,1,78
1,9.93,4,4,3,70,92,74,1,86
1,5.17,1,5,4,80,92,55,0,64
3,5.21,2,7,1,75,81,55,1,64
3,7.14,4,6,5,64,76,87,1,81
6,8.3,4,5,1,84,57,64,0,76
2,6.93,2,3,0,49,69,71,0,54
4,10.0,3,5,5,79,58,94,0,87
3,5.98,0,4,5,53,84,83,0,59
5,5.04,3,4,3,87,77,67,0,65
5,5.95,3,5,1,65,56,48,0,61
5,9.43,1,7,4,58,67,57,0,80
1,5.73,3,1,0,69,61,62,0,50
2,7.39,0,5,1,97,85,69,1,66
6,7.1,4,1,4,78,77,100,1,69
2,8.33,3,7,3,51,71,71,0,79
1,5.27,4,5,4,70,94,63,1,72
2,8.29,1,4,4,84,64,50,1,72
2,6.77,0,6,4,86,87,91,1,70
5,9.63,2,4,2,86,48,100,1,75
3,9.24,2,5,5,57,75,65,0,80
5,7.0,1,2,1,41,89,50,0,52
2,9.96,0,1,4,53,76,59,0,65
3,5.26,4,2,0,59,40,83,0,50
6,8.94,1,4,2,97,68,57,1,73
4,7.17,3,7,4,78,54,73,0,79
3,7.17,4,1,4,59,83,75,1,67
1,5.85,3,6,5,73,85,43,0,75
5,7.57,3,7,1,99,99,60,0,82
5,5.42,4,5,2,73,68,65,1,67
2,8.08,3,1,4,76,60,53,1,68
2,6.21,2,1,4,42,51,65,1,52
2,8.62,4,7,3,74,65,52,0,86
2,8.04,1,3,0,72,84,65,0,61
5,8.73,2,6,0,58,70,80,1,70
3,8.75,1,1,1,70,74,54,0,59
6,5.98,0,6,2,91,53,66,1,61
3,5.0,1,4,5,83,94,96,1,64
1,6.83,4,6,5,61,46,62,0,76
5,9.6,1,2,4,66,42,61,0,67
3,7.89,0,2,5,77,92,49,1,66
5,8.64,3,6,2,67,80,44,0,79
1,9.4,4,5,1,60,43,43,0,76
4,9.53,2,3,3,59,41,89,1,69
4,7.65,2,2,1,77,74,75,1,61
4,7.7,1,7,0,52,98,55,1,67
5,9.25,2,2,3,68,72,71,0,70
3,9.04,0,1,4,60,76,50,0,62
5,8.49,2,6,1,81,80,78,1,76
6,8.02,1,4,2,72,89,72,0,67
3,8.09,2,6,2,71,52,74,0,72
1,6.81,3,6,0,87,90,87,0,72
2,9.2,3,4,0,85,90,43,1,76
4,8.09,2,5,5,67,46,62,1,74
3,6.12,4,4,0,89,99,42,0,68
3,6.2,2,2,0,53,97,59,1,52
4,9.31,3,1,4,96,78,40,0,77
1,8.13,3,4,3,81,86,99,1,77
5,6.99,0,3,5,91,66,72,0,64
5,5.94,1,3,0,61,88,49,1,51
2,8.05,0,3,1,76,42,83,0,56
3,5.92,4,4,4,73,56,42,1,69
4,7.35,1,1,3,56,64,94,0,55
6,8.39,2,4,4,72,69,71,0,74
1,7.83,2,2,2,72,94,84,1,65
5,9.61,4,4,4,77,53,98,0,84
1,5.2,3,7,5,65,68,77,1,72
1,6.4,2,7,4,78,44,70,0,72
2,5.29,0,6,2,46,46,60,0,51
1,5.97,3,3,2,64,90,63,0,62
4,5.62,2,3,2,87,58,98,1,58
2,8.66,3,6,5,90,72,63,0,87
4,6.85,1,1,5,69,60,91,0,58
2,9.63,2,5,4,80,94,49,1,85
4,5.12,2,3,2,72,90,45,0,57
2,8.26,3,3,0,89,60,67,1,67
2,9.85,1,5,1,78,97,40,1,77
3,5.88,0,4,1,67,56,97,0,50
4,7.21,1,3,2,57,62,86,0,57
3,8.51,0,1,3,49,100,85,0,59
2,8.17,4,7,4,98,66,83,0,90
5,7.83,1,4,1,91,70,49,1,66
2,6.63,0,4,5,41,54,80,0,57
5,8.64,3,3,5,82,79,69,0,80
5,8.27,0,4,0,89,79,92,1,63
5,5.81,4,4,3,82,40,54,1,66
5,9.82,0,1,3,53,59,53,1,60
4,7.78,1,4,0,52,80,63,0,59
6,7.63,0,6,4,40,73,49,0,65
4,9.24,1,3,4,71,40,65,0,69
6,8.2,4,3,2,64,71,40,0,71
4,5.37,0,6,0,49,87,59,1,51
5,7.53,0,7,0,54,61,68,0,61
1,8.9,4,6,5,90,68,73,1,91
2,8.5,0,6,0,68,84,41,0,66
6,9.85,1,5,2,56,98,41,0,76
1,5.12,2,2,1,81,50,41,0,50
5,6.31,2,5,4,93,72,47,1,71
6,7.75,1,1,2,79,77,93,1,59
1,8.1,0,1,2,62,40,64,0,51
4,6.37,1,7,5,46,77,57,0,69
5,9.13,4,3,2,89,48,84,1,77
4,5.82,1,2,5,98,52,56,1,60
4,5.0,2,5,5,75,87,69,0,67
5,9.76,3,7,0,45,92,47,0,80
6,6.96,4,7,2,41,91,81,0,75
2,9.79,0,2,1,84,63,85,0,64
3,6.39,1,3,3,71,75,68,0,59
3,5.32,4,7,2,92,59,90,0,73
2,8.86,2,7,5,83,82,58,0,88
5,9.18,0,4,1,44,84,95,0,62
3,7.46,1,3,5,58,96,76,0,67
2,5.37,1,7,0,41,40,63,1,51
1,8.27,0,3,3,82,99,57,1,67
2,5.91,3,2,4,62,74,49,1,61
6,9.25,3,1,4,79,82,55,0,75
2,6.37,4,4,0,43,59,96,1,59
4,9.24,1,4,0,43,79,89,1,63
4,7.13,4,7,4,50,40,80,1,76
5,7.98,0,1,0,85,90,81,1,55
4,8.95,4,2,4,80,85,93,0,80
1,5.2,1,2,0,59,89,83,1,46
2,9.11,3,1,4,97,45,99,1,73
1,5.69,3,5,1,53,99,44,0,63
5,6.79,0,2,0,99,80,54,1,54
4,7.36,2,7,4,74,65,62,0,77
3,9.48,4,1,0,98,68,70,0,72
2,5.11,0,5,4,84,80,69,1,60
3,7.8,3,3,4,53,54,46,1,68
6,8.21,1,4,5,88,97,59,0,77
5,6.58,1,1,5,42,76,78,0,55
6,6.45,2,7,3,54,58,42,1,68
3,7.45,2,2,0,60,95,42,0,58
3,5.94,3,4,1,100,48,70,0,63
3,7.34,2,5,2,41,80,46,0,65
6,8.83,2,7,2,60,98,40,0,80
5,9.23,1,4,5,96,56,95,1,78
2,6.93,4,7,0,49,71,66,1,70
2,8.09,1,6,5,66,67,89,1,75
1,5.0,1,1,4,93,54,40,0,52
1,7.75,3,3,4,86,97,45,1,76
3,9.88,3,5,1,58,92,59,1,79
5,6.56,4,7,0,92,100,78,1,78
5,7.97,0,5,2,51,81,83,1,63
4,8.81,2,5,1,88,67,42,0,74
4,8.04,2,4,0,55,48,98,1,60
6,7.09,1,3,0,47,66,41,0,51
4,5.76,1,7,5,96,58,99,0,72
2,7.32,4,1,5,76,46,86,1,68
2,6.47,2,1,0,64,64,71,0,49
6,8.48,1,4,3,63,69,98,0,68
1,7.21,1,6,1,86,52,59,1,66
3,9.25,3,7,0,79,41,75,1,78
5,5.97,0,1,5,57,57,66,0,50
1,7.09,4,1,1,60,92,59,1,62
2,7.79,0,3,2,99,79,58,0,64
1,5.63,0,4,0,47,97,94,1,48
6,7.94,4,4,4,58,92,60,0,78
3,6.45,2,5,0,88,47,82,1,61
2,6.15,1,1,0,69,59,59,1,45
6,5.71,4,2,1,66,48,44,0,55
1,6.75,1,6,1,75,52,94,1,62
5,9.64,3,3,5,75,91,59,1,84
4,5.16,0,3,3,65,60,51,1,49
6,9.26,3,7,0,59,67,87,1,77
2,6.99,0,6,5,91,83,100,1,73
1,7.81,2,6,2,80,99,49,0,77
4,7.56,4,2,1,98,46,92,0,67
4,9.63,2,5,3,53,96,61,1,79
1,8.85,0,2,4,72,70,77,0,65
3,9.92,3,6,4,48,92,67,1,86
1,8.97,0,7,3,62,62,51,0,73
2,6.48,2,6,5,84,52,78,1,73
5,9.81,2,2,4,69,84,49,1,75
2,9.92,3,5,0,92,75,87,1,81
4,5.62,3,2,1,89,41,100,0,55
5,9.51,2,7,2,81,73,74,0,83
6,8.32,0,5,4,67,44,87,0,67
4,9.61,0,6,0,97,41,83,1,71
3,9.58,4,6,5,70,86,79,1,92
1,9.46,2,6,1,65,73,76,1,76
6,9.43,4,1,0,75,41,56,1,66
2,5.59,2,5,0,98,59,91,0,60
5,5.72,4,6,5,86,47,66,1,76
6,5.59,1,4,1,75,62,91,0,54
3,5.46,0,7,4,91,76,85,1,67
1,6.77,0,4,4,50,55,95,0,57
6,8.42,1,2,0,51,94,68,1,58
2,6.77,3,4,3,84,61,65,1,69
5,8.6,1,5,4,41,95,48,1,72
6,9.1,0,1,0,79,85,90,0,58
1,8.33,2,5,5,43,47,51,1,71
2,7.33,4,3,2,71,94,82,1,71
6,6.48,0,2,2,80,92,65,1,55
5,5.62,1,6,3,73,93,72,1,65
1,7.47,2,1,5,94,82,71,1,69
3,8.6,0,2,0,44,82,50,1,53
3,7.74,1,3,2,44,65,100,0,57
4,8.61,0,4,5,94,79,68,0,75
6,6.68,1,3,4,43,62,98,0,57
5,5.33,1,4,0,90,55,47,1,52
6,8.86,0,2,3,80,60,64,1,63
1,6.1,2,2,3,51,97,59,0,58
4,8.08,0,6,4,74,79,60,1,73
5,9.02,0,6,2,76,91,43,0,74
6,5.7,2,2,5,73,68,75,0,60
5,7.99,0,6,2,94,93,82,0,73
1,8.45,4,5,3,84,59,68,0,81
4,8.73,4,1,1,67,51,58,1,65
5,5.74,4,5,5,98,76,65,0,78
1,9.13,1,7,5,46,65,75,1,79
3,5.47,3,7,5,99,42,64,0,76
5,7.6,0,3,3,92,57,62,0,62
4,7.22,3,7,5,79,98,77,1,85
2,6.11,4,1,3,96,40,67,1,62
2,6.51,2,2,0,100,58,80,1,57
5,5.82,4,2,4,91,52,50,1,66
5,7.13,0,2,0,50,82,68,0,48
1,5.18,3,4,3,83,72,83,1,64
6,9.44,3,3,0,71,69,89,1,70
2,5.82,1,5,2,89,61,59,1,61
6,9.43,2,6,3,89,66,48,0,83
2,9.32,4,3,2,71,89,63,1,79
5,7.26,2,7,2,98,90,86,0,79
4,7.49,0,4,4,70,52,88,1,62
4,6.51,1,4,2,100,47,80,1,61
2,9.98,4,3,0,87,92,52,1,80
2,8.35,0,4,0,59,99,97,0,61
1,9.76,2,6,5,93,89,41,0,91
5,7.07,1,1,1,45,41,56,1,46
5,9.42,4,2,4,89,90,89,1,83
6,7.24,2,5,5,88,58,97,1,75
1,9.33,4,4,5,57,63,66,0,82
3,5.65,1,5,5,95,44,77,0,65
4,8.18,1,2,1,60,47,41,1,55
4,8.39,2,6,2,42,59,72,0,69
5,8.28,4,3,5,80,96,44,1,82
1,7.24,3,7,3,67,74,53,0,77
3,8.42,0,6,0,67,41,66,0,62
4,6.2,1,2,3,71,45,89,0,53
1,7.98,4,5,1,78,98,98,0,78
3,7.77,2,1,5,63,55,75,0,63
2,6.59,2,3,1,93,86,66,1,63
5,8.89,1,4,0,46,75,53,1,62
6,5.4,1,1,5,58,41,54,0,49
4,5.86,3,2,1,40,53,66,0,50
4,7.36,2,5,3,72,77,98,1,71
3,9.46,4,5,1,72,91,95,1,82
6,7.88,0,5,3,50,65,97,0,63
2,9.21,0,2,5,98,98,98,0,75
1,7.59,3,3,2,99,59,93,0,70
5,8.93,4,4,5,62,68,47,1,82
1,6.63,0,1,4,89,97,60,1,59
3,9.08,0,2,0,84,43,73,0,57
4,7.01,4,5,1,67,59,88,0,69
2,7.79,4,4,5,93,63,67,0,82
4,5.88,1,5,0,86,40,63,0,55
1,9.6,0,2,1,56,64,56,0,59
2,8.51,0,5,2,49,53,97,0,62
5,9.29,3,2,3,47,74,96,0,70
3,6.04,1,7,0,92,92,91,1,66
5,5.34,1,5,2,48,60,45,1,53
3,6.69,0,2,2,58,75,77,0,51
5,7.58,2,5,4,89,91,58,0,78
1,9.01,2,4,2,47,62,40,0,68
6,6.99,4,4,4,98,85,77,1,79
2,6.35,1,5,2,44,59,65,0,56
3,6.86,0,5,3,53,65,44,1,59
1,8.52,0,2,2,84,90,43,0,63
4,6.68,0,2,5,72,66,64,1,58
4,9.9,3,2,3,82,80,84,0,78
5,5.87,2,3,1,83,53,91,1,56
4,8.77,3,5,2,77,75,88,0,78
6,7.95,0,6,2,51,43,97,1,61
3,6.17,0,5,1,42,65,84,1,51
5,8.77,1,5,4,79,83,61,0,77
3,7.24,1,5,3,68,79,87,0,67
3,8.41,2,2,1,61,99,52,0,64
1,8.31,4,7,1,73,55,62,1,80
4,5.55,0,7,5,45,82,72,1,63
2,9.2,1,7,0,74,78,64,1,75
3,8.41,2,7,1,78,59,49,0,75
6,8.9,3,2,4,55,85,57,0,73
6,7.24,0,3,4,70,63,94,1,60
2,5.98,4,7,4,88,49,66,1,78
4,6.63,2,2,3,83,41,95,0,59
4,9.51,4,6,3,54,100,95,1,87
5,9.69,0,5,2,85,84,88,0,75
5,7.41,2,5,1,40,48,65,1,60
5,6.49,1,7,5,97,57,88,1,75
4,8.65,4,1,4,83,81,81,0,76
3,8.83,3,2,1,59,85,91,0,67
1,9.08,3,1,2,62,69,41,1,67
2,5.16,4,5,2,59,42,49,1,61
2,5.05,0,2,4,71,68,99,1,50
2,6.79,0,7,1,85,93,59,1,67
5,5.76,0,5,2,87,46,77,1,56
1,9.02,3,1,0,64,64,42,0,62
6,7.66,3,7,3,86,63,49,1,81
4,9.13,1,1,1,47,82,67,1,58
6,5.88,0,4,4,92,45,58,1,59
5,8.14,3,7,2,72,54,98,0,78
3,7.9,3,4,2,84,54,56,1,71
5,6.7,0,2,2,69,79,83,0,53
1,7.59,0,2,3,42,66,92,1,53
5,7.95,3,7,1,63,100,83,0,78
2,9.45,4,2,2,51,98,62,0,75
3,5.28,3,2,5,70,60,67,0,60
3,9.12,1,2,3,46,97,66,1,66
4,9.9,2,2,0,79,97,71,0,71
4,8.66,0,6,1,56,84,77,0,67
2,8.69,1,2,4,89,71,51,0,70
3,6.09,4,1,1,49,71,59,1,54
2,7.62,2,1,2,54,51,45,0,55
3,8.53,3,1,4,94,83,42,1,74
1,8.01,0,6,5,60,48,42,1,69
5,6.93,3,5,1,60,59,62,0,65
4,9.7,1,7,4,99,88,48,1,89
1,7.57,0,7,1,68,54,72,0,64
5,9.85,3,3,5,81,52,75,0,82
4,7.82,0,5,0,80,85,51,1,63
2,8.97,1,2,0,40,47,65,1,53
1,8.71,3,3,0,60,60,76,1,65
6,8.3,2,1,1,94,84,89,1,65
6,5.07,4,1,4,44,64,87,1,55
4,5.39,3,4,0,54,74,49,1,55
1,7.91,0,2,3,85,96,83,0,64
5,9.56,3,2,3,65,79,50,1,74
5,8.01,0,4,0,50,69,58,1,55
1,6.18,1,5,0,94,70,44,1,60
6,6.6,4,4,2,88,45,63,0,69
1,8.12,0,6,3,60,50,74,0,66
6,7.99,3,2,3,85,81,67,1,71
6,9.78,1,6,0,45,97,69,1,72
2,7.65,2,6,5,93,98,58,0,84
2,6.78,3,6,2,43,47,45,0,65
5,7.62,4,1,4,84,47,95,0,69
4,8.93,1,4,2,60,94,88,0,70
3,7.7,3,3,2,95,78,94,0,72
1,6.63,0,1,3,93,90,84,0,57
6,6.69,0,5,0,56,94,78,0,56
1,8.78,0,1,0,92,51,58,0,55
4,5.33,3,5,0,70,42,90,0,56
4,6.37,4,1,2,83,82,96,0,63
3,5.77,0,2,2,62,84,70,1,49
3,9.72,3,7,5,71,55,97,0,90
6,5.45,3,6,1,83,80,83,0,67
2,8.79,4,7,4,95,66,50,1,92
3,8.15,1,5,1,75,55,56,1,65
2,8.16,1,5,5,73,44,56,1,72
2,8.82,3,4,4,91,98,89,1,84
6,7.0,1,1,1,45,79,54,0,49
5,7.0,2,5,1,77,51,45,0,64
2,6.44,4,5,1,61,42,71,1,64
6,7.99,3,1,1,72,74,79,0,62
3,9.65,1,1,2,50,84,50,1,63
1,9.62,1,3,4,94,42,97,1,74
3,8.51,4,4,5,62,100,52,0,84
4,9.53,0,5,1,100,70,56,0,73
3,9.82,1,1,1,92,63,67,1,65
5,8.98,4,5,5,100,80,88,0,91
6,7.04,0,3,0,83,68,57,0,54
2,7.42,3,3,2,75,94,67,0,69
4,9.66,0,5,3,67,72,87,1,73
6,8.35,1,4,0,87,77,94,0,66
6,9.1,3,2,5,98,90,55,1,82
2,5.58,3,7,3,58,55,75,0,68
3,5.97,0,5,1,98,72,88,0,59
1,6.72,3,3,4,82,49,79,1,67
4,5.94,0,4,3,82,69,59,1,58
2,9.53,0,6,3,52,73,78,1,73
5,6.08,0,1,3,52,100,66,1,50
5,7.79,4,7,4,47,99,79,0,84
1,5.43,1,6,0,82,74,72,0,58
1,5.77,3,4,2,87,46,41,0,62
3,6.24,2,4,4,52,45,52,1,60
5,9.91,1,7,0,95,54,41,0,78
4,8.99,2,7,1,74,71,98,0,78
2,8.37,0,5,0,66,41,76,0,59
1,9.58,3,4,3,50,71,44,1,76
1,9.78,1,1,0,60,67,45,1,59
1,7.27,2,7,0,47,60,89,1,64
2,6.64,2,6,1,81,56,71,1,66
4,6.58,2,5,1,65,58,87,0,61
5,5.18,1,3,0,69,53,63,1,46
4,6.4,4,7,4,61,88,56,0,79
2,6.78,0,1,1,89,90,48,1,53
4,5.18,3,5,3,88,73,92,0,67
3,9.41,2,7,4,78,87,97,1,88
2,9.24,1,5,5,89,59,79,1,80
1,6.26,2,7,0,49,60,79,0,61
5,9.01,1,2,5,65,87,41,1,71
3,8.98,4,1,3,91,42,48,1,73
3,6.68,2,4,3,66,97,45,0,67
2,8.49,2,1,4,61,53,58,1,64
6,6.45,3,7,0,52,60,72,1,65
1,5.35,1,1,3,78,66,96,0,50
5,7.52,1,2,5,94,46,58,1,65
5,7.19,4,7,5,46,81,72,0,82
5,5.69,2,4,1,91,68,92,1,60
2,7.45,3,6,1,82,48,95,1,71
1,9.75,0,2,4,81,79,84,1,71
2,8.66,3,2,1,97,54,100,0,69
5,8.69,3,2,2,51,83,69,1,67
4,8.79,3,7,0,52,67,78,0,75
4,8.72,3,1,3,51,77,92,0,66
1,5.1,2,6,3,51,54,52,0,59
5,9.62,3,2,4,77,54,57,1,76
2,9.15,1,3,4,42,69,41,1,67
6,6.37,1,4,3,47,96,42,1,60
6,7.76,3,6,1,88,71,45,1,76
6,8.08,1,4,4,70,79,67,0,70
4,5.66,2,6,2,52,51,52,0,59
2,6.27,0,2,4,47,59,59,1,50
6,5.12,3,6,1,76,66,71,0,63
5,9.32,1,1,0,63,41,99,0,55
5,5.12,1,6,2,67,80,70,1,59
6,6.59,2,7,4,43,61,100,1,69
3,5.39,2,5,0,55,65,48,0,54
6,8.91,0,7,0,57,79,42,1,68
3,9.62,4,5,5,43,47,93,1,82
1,7.81,4,1,3,82,75,70,0,70
1,5.7,4,2,1,79,65,54,0,59
5,7.79,0,2,3,97,76,43,0,63
2,8.85,3,3,5,72,56,88,1,77
4,8.59,4,5,1,98,96,56,0,83
2,8.71,4,5,5,84,46,84,0,85
5,6.4,1,4,0,92,40,98,1,55
5,5.37,1,2,4,66,66,70,1,53
2,5.74,3,1,1,93,81,68,0,57
4,9.78,2,2,1,75,65,50,0,68
5,8.07,0,2,0,43,71,100,1,50
4,8.64,4,3,2,75,53,71,1,73
5,9.5,0,6,0,52,58,79,0,65
1,9.26,1,6,5,90,48,42,0,82
3,6.09,0,1,0,87,82,89,1,47
5,5.29,1,3,1,99,98,40,0,57
3,9.63,0,3,0,53,83,47,1,61
6,9.91,1,3,3,81,40,80,0,71
5,7.84,0,6,0,76,93,56,0,66
1,9.44,4,3,4,86,60,47,0,82
4,6.16,4,2,0,45,59,82,1,53
1,5.56,3,6,0,90,88,72,1,67
3,7.5,0,6,4,53,94,65,0,69
4,9.06,2,4,2,98,72,41,1,77
1,8.27,3,2,2,82,72,86,1,69
1,8.19,0,3,2,42,57,99,0,55
1,5.09,2,3,3,64,80,88,0,56
2,6.59,4,4,4,73,56,68,1,71
4,9.7,4,5,3,45,95,54,0,84
1,5.67,4,7,3,95,52,100,0,76
1,8.63,2,1,5,79,88,100,1,72
3,8.8,1,3,3,40,82,69,0,65
1,8.66,0,7,4,99,88,89,1,82
1,9.95,3,3,1,85,48,83,1,74
6,7.05,3,2,1,87,95,85,0,65
4,8.41,4,3,2,88,85,51,0,77
6,5.97,1,3,3,47,40,41,1,50
2,7.0,0,1,2,56,62,99,1,48
3,7.46,0,7,3,52,79,60,1,68
6,6.07,3,2,2,58,73,68,0,57
2,9.53,3,7,0,80,75,97,1,82
5,8.58,3,5,4,74,89,68,0,82
4,6.42,0,3,3,89,84,55,1,60
1,5.67,3,3,5,72,53,90,1,64
6,6.44,0,5,3,84,93,70,0,65
6,8.11,4,4,3,84,60,100,1,77
1,9.13,1,7,4,83,82,72,0,84
1,7.52,3,5,0,72,82,97,0,69
3,5.51,0,5,1,81,60,41,0,54
6,6.25,4,2,4,90,67,83,1,69
6,6.73,2,6,0,93,71,43,0,68
5,8.18,4,5,2,78,69,78,0,78
2,6.23,1,2,3,85,79,99,0,58
5,6.17,4,6,3,77,51,88,0,73
6,6.43,3,5,1,77,68,44,1,66
5,7.96,3,7,2,48,40,41,0,72
6,7.46,2,3,0,91,65,84,1,62
4,9.21,0,3,2,87,55,99,1,66
3,8.49,4,6,2,76,57,47,0,80
5,8.33,2,4,1,86,72,89,1,70
6,5.77,3,6,0,40,91,75,1,61
5,5.28,0,7,1,75,89,45,0,60
2,7.55,0,5,0,81,81,80,0,62
3,5.36,1,1,4,77,82,49,1,54
4,6.82,3,5,4,94,62,75,1,75
1,5.13,0,6,3,98,87,43,0,64
1,5.88,1,7,1,41,99,78,1,61
5,5.55,1,1,4,49,44,53,1,46
6,9.0,3,7,5,93,60,51,1,91
2,6.73,0,7,2,90,40,86,0,65
3,5.39,0,6,2,62,70,56,0,56
4,6.33,4,5,4,48,57,60,0,69
4,8.41,0,2,1,50,60,92,0,53
4,8.73,1,3,3,75,46,52,0,66
1,5.6,2,7,2,95,40,72,0,67
3,8.89,3,7,3,81,62,93,0,85
1,6.85,2,1,2,77,66,52,1,57
5,8.4,0,1,0,74,99,87,0,56
4,8.36,1,5,4,52,41,84,0,67
3,8.97,2,3,1,58,73,48,0,66
4,8.49,3,7,2,74,96,94,1,83
1,5.19,4,4,4,91,55,89,1,68
1,7.6,2,1,3,69,79,87,1,62
1,5.83,4,3,1,57,49,59,0,57
4,9.85,0,3,1,51,59,83,1,61
3,6.28,0,7,4,51,87,79,0,66
3,7.1,3,1,4,60,76,40,0,63
5,5.98,4,2,4,51,64,52,1,62
4,5.67,4,6,0,95,43,61,1,67
5,8.0,3,2,0,67,71,90,0,62
2,7.47,2,5,1,68,97,52,0,69
5,6.87,3,7,4,78,84,74,1,80
5,5.43,0,6,5,80,67,99,0,64
5,8.68,4,6,5,83,79,40,1,90
1,5.03,1,5,0,90,52,85,1,53
2,7.29,1,3,1,43,44,95,0,51
5,8.16,0,7,2,70,56,92,0,69
3,7.15,4,1,5,63,86,72,1,70
5,5.63,4,2,4,81,46,100,0,63
1,8.89,3,3,0,98,49,44,1,70
6,6.62,2,7,1,90,66,69,1,71
2,5.67,3,2,4,88,98,44,0,66
6,7.75,1,1,1,57,74,82,1,53
6,5.1,4,2,2,81,62,64,0,59
2,6.62,2,4,5,65,95,99,0,70
4,8.75,3,7,1,95,55,65,1,82
3,9.56,2,5,1,83,91,58,1,79
1,7.96,1,6,2,94,66,51,1,73
2,6.09,2,2,3,59,54,96,1,54
6,6.1,4,1,4,47,45,47,0,57
1,8.02,2,7,2,90,81,49,1,80
1,7.03,2,1,5,72,78,57,0,64
4,5.89,3,4,2,43,63,80,1,58
6,8.94,2,1,5,77,90,50,0,73
5,6.0,2,4,4,61,62,69,1,62
1,6.61,1,3,5,75,44,44,1,61
6,5.31,2,2,1,87,46,63,1,51
1,8.51,3,1,0,70,61,84,1,61
4,6.38,3,5,4,47,68,52,1,67
4,6.16,4,2,2,48,92,95,0,61
5,6.52,1,7,1,86,70,75,1,67
4,9.37,0,4,5,57,74,88,1,72
6,7.59,4,2,3,74,97,66,1,73
2,5.79,2,2,1,99,73,71,1,57
4,8.87,1,1,0,63,58,53,0,55
2,6.04,4,5,1,56,73,80,1,65
5,7.06,3,3,0,40,69,93,1,56
3,7.84,1,5,3,78,58,41,1,69
1,7.92,1,6,3,81,57,43,1,72
1,5.35,2,4,1,54,40,50,0,50
6,9.18,1,6,4,94,80,81,1,83
5,7.4,1,7,4,52,97,76,1,74
5,9.95,0,5,4,62,92,87,0,77
5,8.59,2,5,5,68,55,77,0,77
1,9.96,1,4,5,100,96,76,1,86
4,7.27,1,7,3,70,79,52,0,72
1,5.7,0,7,0,76,94,48,0,60
1,8.64,0,5,5,67,67,81,1,72
1,8.89,3,3,5,71,93,66,0,80
4,9.26,2,2,2,46,50,41,1,63
3,6.51,0,3,1,53,87,86,1,51
6,7.55,1,6,5,53,91,66,0,74
3,9.29,0,2,5,71,71,51,0,68
3,9.32,4,2,0,48,65,51,1,67
1,5.13,3,5,2,93,49,42,1,64
3,8.35,3,2,3,45,62,65,0,65
1,8.01,2,4,2,90,87,54,0,73
1,5.42,3,3,3,54,84,66,0,59
6,9.65,2,2,3,69,78,90,0,72
5,7.23,4,5,5,69,72,84,0,79
1,8.37,1,5,5,55,53,74,1,71
3,9.41,4,5,5,62,48,52,0,84
6,5.65,2,1,0,70,53,93,1,46
2,9.28,2,3,4,93,75,95,0,78
2,8.62,2,5,4,51,94,44,0,76
2,9.2,1,7,0,60,80,82,0,73
3,7.47,2,4,1,42,41,93,1,57
5,5.17,4,5,3,42,100,56,0,66
4,8.35,1,1,1,77,95,97,1,61
5,6.87,4,3,3,61,50,58,1,66
6,7.01,1,2,5,60,91,59,1,63
5,7.21,2,3,3,90,53,98,0,66
2,7.46,1,2,5,83,75,62,0,66
5,8.31,0,7,4,55,74,98,0,73
6,8.63,4,2,4,57,81,51,0,75
6,8.88,0,5,3,43,91,71,0,68
2,8.36,0,6,5,59,64,68,0,72
3,9.02,2,4,4,97,72,44,0,80
1,5.61,2,4,4,84,48,88,1,63
4,9.18,0,6,5,52,52,90,1,73
4,6.94,1,5,2,70,82,82,0,65
2,7.64,2,1,2,41,49,41,0,53
4,7.17,4,2,5,69,96,45,1,74
5,7.38,0,6,3,70,72,60,1,67
6,6.43,4,4,4,67,84,74,0,73
6,5.85,4,3,2,48,48,54,0,58
2,5.52,4,1,1,98,93,57,1,61
6,7.26,0,5,3,50,79,88,0,62
1,5.63,3,1,3,74,52,86,0,55
6,6.22,2,7,1,88,63,41,0,68
6,5.67,4,7,3,83,79,44,1,77
5,5.55,0,4,4,76,98,76,0,60
3,9.41,3,6,2,85,95,80,0,86
4,8.37,0,7,0,97,99,45,1,74
5,9.62,2,7,2,90,56,90,0,83
5,8.22,0,7,5,93,72,81,1,80
5,9.22,1,5,1,56,62,98,0,68
4,7.78,1,4,0,65,66,90,0,59
2,7.31,4,2,5,43,83,58,1,70
5,7.64,0,7,5,72,100,55,0,77
3,6.6,0,7,4,56,83,51,0,67
2,8.29,4,7,4,81,96,63,0,91
6,9.49,4,1,2,47,82,48,0,70
3,8.91,3,6,3,65,65,42,0,80
2,7.31,0,2,5,82,63,56,0,62
6,9.77,2,3,3,59,50,69,1,71
6,9.93,2,2,1,81,68,66,0,70
5,7.47,2,1,3,90,87,63,1,65
5,9.32,4,3,4,77,44,81,1,79
4,5.02,4,4,0,82,63,89,1,59
1,5.33,4,6,5,87,48,78,1,75
3,5.11,2,3,2,81,94,46,0,58
4,8.87,3,1,2,96,98,48,0,74
4,5.4,1,7,2,93,49,55,1,64
3,5.09,0,5,3,72,50,95,1,54
2,5.74,1,3,0,79,100,50,0,54
3,6.53,0,4,3,56,70,48,0,56
6,7.32,4,3,3,90,42,40,0,71
1,5.33,2,6,5,48,64,83,1,65
2,7.49,1,2,4,59,92,74,1,63
5,6.24,4,5,5,47,82,59,1,73
1,6.37,0,1,4,80,79,90,0,55
1,9.11,1,5,5,87,66,47,0,80
5,9.93,1,2,5,85,40,46,0,73
1,7.32,1,7,3,95,88,76,0,77
2,6.61,1,5,5,45,87,76,0,66
2,9.66,1,7,1,48,55,59,0,72
2,7.5,4,7,1,50,74,44,0,75
4,8.65,0,2,1,93,54,51,1,60
4,7.07,0,6,5,86,73,60,1,72
2,6.01,3,3,3,86,92,59,1,67
5,8.27,2,1,0,44,50,44,1,52
5,8.32,1,2,1,47,48,62,1,54
3,7.3,0,7,4,91,100,96,1,77
3,6.35,2,2,2,74,96,46,0,60
2,9.16,2,3,2,91,63,40,1,73
1,6.38,4,2,3,99,76,64,1,70
1,8.3,1,1,2,64,74,58,1,58
5,6.92,3,4,3,75,61,41,1,69
1,7.36,2,5,2,78,79,51,0,70
6,6.06,4,6,0,88,77,81,0,71
4,8.25,1,6,0,83,46,64,0,67
1,6.13,0,2,0,45,83,99,0,44
1,7.43,3,5,0,63,69,71,0,66
3,6.64,1,6,1,94,99,99,0,69
6,9.82,4,5,4,60,68,87,1,86
1,9.91,4,6,0,75,94,82,1,85
4,8.77,4,4,5,57,78,57,0,82
1,9.92,4,2,1,87,80,70,0,78
5,5.57,4,7,3,40,48,97,1,67
6,9.96,3,1,2,68,40,100,0,68
1,5.52,2,2,2,56,42,83,0,49
6,7.08,2,5,1,44,44,48,0,59
1,6.19,0,3,5,96,50,60,1,60
4,9.77,2,4,5,94,43,93,1,82
4,8.18,4,1,2,89,83,78,1,71
6,7.99,2,1,5,45,72,46,1,63
2,9.99,2,5,0,97,72,52,1,79
3,8.06,4,1,2,94,84,59,0,72
3,8.23,3,5,0,84,59,52,1,71
5,5.22,4,1,0,47,76,91,1,49
2,9.3,2,1,2,98,59,67,0,69
3,9.85,2,6,1,64,73,76,0,78
6,9.8,0,6,3,58,60,64,0,73
3,6.11,4,5,1,99,97,85,1,74
5,6.13,0,4,4,87,90,87,1,63
1,6.83,0,1,4,89,46,84,1,55
3,6.55,1,2,0,78,55,65,1,50
6,6.53,0,3,0,95,71,83,0,54
6,8.03,2,6,1,48,75,72,1,68
5,9.03,2,7,1,97,89,79,1,83
5,9.68,1,5,0,67,50,79,0,68
4,5.34,1,1,5,92,95,94,0,59
4,6.39,4,6,3,96,87,93,0,80
4,6.28,1,4,3,70,68,66,1,60
1,6.79,3,6,4,40,81,54,1,72
6,7.12,2,2,5,80,73,42,1,67
4,6.95,2,5,3,100,98,68,0,76
6,9.76,1,2,2,49,94,70,1,66
5,7.19,1,6,0,92,95,98,1,69
1,7.76,2,3,1,89,49,79,0,63
5,8.74,1,4,0,61,42,94,1,60
6,8.63,4,5,2,40,61,95,1,74
2,7.91,1,5,3,52,71,57,1,67
2,9.3,1,1,0,53,83,63,0,58
4,8.12,4,2,2,62,59,100,0,67
2,9.37,4,5,5,78,99,78,1,92
5,6.51,4,2,3,67,41,100,0,62
2,5.66,2,3,4,68,47,93,1,58
3,9.1,1,1,5,97,89,96,1,74
1,6.91,4,7,4,79,80,83,0,83
6,8.26,4,3,4,72,64,86,1,76
4,8.69,2,1,5,41,50,47,0,63
5,6.63,3,1,2,82,63,68,0,59
1,7.53,1,2,2,72,65,87,1,58
4,9.47,3,7,1,63,74,76,0,82
5,9.4,3,7,1,51,79,76,1,80
2,8.75,4,6,4,79,44,48,1,84
6,8.81,2,1,0,67,54,84,0,58
3,9.49,1,3,3,74,81,69,1,72
3,8.68,1,6,1,49,53,54,0,66
2,6.7,1,3,3,86,76,79,0,62
6,5.6,3,7,5,83,57,51,1,75
1,7.11,0,6,0,73,51,91,0,58
6,5.44,2,3,4,96,42,100,1,61
2,5.58,0,2,3,44,79,80,0,47
5,9.75,3,2,5,80,85,66,1,82
1,8.38,4,4,4,57,72,86,0,78
3,9.26,0,7,3,45,43,86,0,70
2,8.21,0,7,0,50,93,70,0,66
5,7.09,2,5,1,85,96,52,1,70
2,5.13,3,4,2,40,79,54,1,56
4,9.78,2,4,4,62,65,93,0,77
4,5.35,4,1,1,43,60,44,1,49
4,8.05,1,7,3,46,84,81,1,72
3,5.51,3,1,5,80,55,94,0,60
6,6.42,4,4,5,88,87,64,1,78
1,5.93,4,5,1,56,62,51,1,63
3,7.77,0,4,2,50,63,88,0,58
5,9.44,2,2,4,94,99,48,0,79
5,8.18,0,3,4,97,48,100,0,66
4,8.32,0,4,1,66,58,65,1,60
1,9.54,1,1,0,51,66,76,1,57
4,8.75,2,5,3,86,79,48,0,79
5,9.33,1,1,1,73,70,44,1,61
5,7.08,4,7,0,47,90,94,1,72
6,9.33,1,2,4,91,40,85,1,70
6,8.23,4,7,3,62,52,46,0,81
6,5.68,0,6,4,65,84,80,1,63
4,5.19,1,1,2,73,43,70,0,45
2,6.22,2,7,5,95,94,83,1,80
1,6.89,1,6,0,71,64,76,1,61
6,9.19,4,1,2,45,49,46,1,66
3,8.71,3,5,2,40,62,44,1,71
6,9.78,2,7,2,96,97,91,0,89
4,7.8,4,6,0,98,82,100,0,79
1,8.74,3,5,3,89,69,56,0,81
6,6.38,2,1,4,43,53,50,0,53
1,8.4,3,1,3,64,71,76,1,66
3,8.53,0,4,5,47,69,99,1,67
5,9.24,0,2,3,79,44,75,1,63
1,7.68,1,6,3,85,84,66,0,74
2,8.25,1,4,4,59,54,40,1,67
6,6.02,1,5,4,53,56,97,0,60
4,8.68,1,4,0,72,87,40,0,66
2,9.19,3,4,5,97,72,53,0,86
2,7.97,2,6,1,91,51,92,1,72
4,5.58,2,1,4,42,64,99,1,50
4,6.56,1,1,4,54,91,67,1,56
4,7.38,0,6,5,66,58,80,0,69
2,8.39,4,2,1,58,98,40,1,70
1,6.6,1,3,4,40,92,47,0,59
4,9.2,1,3,3,96,62,84,0,72
5,6.86,0,6,5,74,78,80,0,70
2,5.21,4,6,4,91,44,86,1,72
2,8.97,3,4,0,72,79,98,1,72
2,8.22,3,2,4,90,60,82,1,73
3,9.01,4,2,1,56,97,65,1,72
1,6.74,4,5,3,52,75,75,0,71
1,5.09,3,1,1,91,53,68,0,52
4,5.37,1,7,5,87,45,79,1,68
2,5.56,1,6,4,97,58,84,1,67
2,9.03,0,7,4,51,43,88,1,72
4,6.51,4,6,0,78,63,43,0,70
1,9.99,1,6,3,65,65,81,1,79
4,8.79,1,6,4,66,81,41,0,78
4,8.01,0,5,0,63,58,97,0,59
4,9.92,4,3,0,95,98,69,1,82
4,6.58,0,2,1,56,100,86,1,51
4,5.83,0,7,3,50,71,59,1,60
6,8.69,3,3,2,61,81,69,1,71
6,6.39,0,1,5,47,84,57,1,52
2,9.81,4,1,0,81,74,69,1,72
2,9.94,1,6,2,87,93,85,1,82
6,9.63,1,7,1,71,79,74,1,78
1,9.72,3,1,0,68,81,40,0,67
3,8.08,4,3,5,81,41,97,1,76
1,8.46,1,7,3,71,72,42,1,77
2,5.47,0,2,2,95,49,62,1,49
6,8.82,2,7,3,96,84,98,0,86
1,6.01,2,5,2,79,72,84,0,64
3,9.2,2,2,1,44,62,79,1,61
4,9.81,2,2,0,88,73,61,1,69
5,6.06,0,4,0,52,96,88,1,51
6,5.39,1,2,1,64,81,94,0,48
6,7.42,3,5,5,81,75,100,1,79
3,8.96,0,4,5,49,69,87,1,69
4,8.85,1,2,4,65,78,87,0,68
4,8.48,4,4,2,65,44,83,0,73
5,9.1,1,7,5,60,60,90,1,80
4,5.87,1,2,5,62,55,87,0,55
3,8.26,1,1,2,83,46,54,0,58
2,8.03,0,1,4,51,48,100,1,54
4,5.77,1,2,1,78,91,80,0,53
2,7.07,1,7,3,82,96,55,1,75
2,9.26,4,4,3,91,80,66,1,85
3,9.86,4,5,1,95,82,71,1,87
6,8.33,2,1,3,98,63,73,1,67
6,9.61,0,4,1,97,88,96,0,72
6,5.66,1,5,2,64,65,81,0,57
1,9.88,2,4,2,51,71,51,1,73
6,5.17,2,2,4,75,82,57,0,58
3,7.64,0,1,5,71,66,57,0,59
5,6.46,2,1,1,57,80,99,0,52
4,9.07,2,1,5,81,58,43,1,71
6,6.09,0,2,3,59,47,73,0,48
1,5.06,3,5,1,41,76,78,0,56
2,7.07,2,5,0,99,45,58,0,65
1,5.32,4,6,4,72,58,82,1,71
3,6.45,2,6,0,85,82,84,0,66
5,8.22,0,7,4,56,62,100,0,71
6,6.47,0,1,4,98,41,91,1,54
6,6.23,3,6,4,75,100,70,0,77
1,5.78,3,7,0,69,42,88,0,63
3,5.68,4,5,4,96,41,70,1,72
1,7.63,4,6,1,48,52,81,0,70
1,8.41,2,6,1,70,71,87,1,73
5,7.26,3,1,0,78,82,59,1,59
3,5.62,4,5,2,60,64,87,0,65
5,8.24,2,7,2,61,82,59,0,76
3,7.79,1,1,0,56,52,71,1,49
6,6.91,2,5,4,42,69,59,1,66
4,6.65,4,4,4,71,58,55,0,72
2,5.92,2,1,4,72,63,98,0,56
4,5.73,1,6,0,49,93,96,0,56
3,6.69,4,7,4,44,84,58,1,78
4,5.21,2,7,1,43,72,70,0,59
1,7.18,4,7,4,90,98,52,1,88
6,8.01,2,6,0,77,52,94,1,68
2,9.71,0,1,4,71,70,59,0,66
2,8.13,4,6,1,77,77,82,1,79
2,8.12,4,3,5,80,47,51,1,77
6,6.87,4,1,0,59,97,88,0,59
4,5.67,4,5,2,48,69,86,1,64
2,7.23,2,7,0,100,58,65,1,72
2,7.99,3,4,3,54,71,74,1,71
3,8.62,2,4,2,91,69,80,0,73
1,9.13,1,5,2,47,94,49,1,71
3,6.28,0,2,0,95,85,51,0,52
4,6.21,2,7,3,73,77,93,1,71
6,7.83,2,6,2,69,56,63,1,71
6,7.83,4,1,5,49,73,48,0,69
3,6.09,1,7,4,53,55,95,1,65
5,7.94,4,4,3,99,98,44,0,83
3,6.73,4,5,3,95,76,70,0,78
5,8.2,3,4,5,73,94,93,1,80
3,6.46,0,7,5,98,91,97,0,76
5,7.96,3,7,0,95,45,73,0,75
5,8.84,4,7,0,61,41,99,1,76
2,9.9,0,7,0,52,44,84,0,68
2,9.56,2,4,3,90,81,50,1,80
5,7.52,1,7,1,99,58,48,1,72
5,7.44,3,5,0,98,40,61,1,69
1,7.19,1,3,1,68,77,79,1,58
5,5.14,4,4,2,68,64,94,0,62
2,5.83,0,4,4,46,55,86,1,53
5,5.3,2,2,5,83,69,67,0,60
6,8.48,0,3,4,45,69,100,1,62
1,7.07,1,2,1,74,49,55,1,53
5,5.32,1,5,5,76,79,49,1,65
2,8.45,2,7,3,43,91,73,1,77
2,8.22,2,7,4,53,63,54,1,77
4,8.6,0,6,1,100,98,57,0,75
2,8.0,3,7,0,45,60,84,1,70
1,5.81,0,1,1,56,90,70,0,44
2,5.31,1,5,2,88,91,44,1,62
6,9.09,0,3,5,63,78,90,0,70
3,6.08,4,6,1,52,54,72,0,65
6,7.71,0,5,0,95,44,97,1,61
6,7.43,0,3,1,51,75,98,0,53
1,9.61,4,6,0,96,90,68,0,87
1,7.76,1,2,5,68,90,42,0,67
4,7.9,2,4,0,63,81,62,1,64
2,6.6,0,5,2,73,61,49,0,59
4,9.79,3,7,2,53,47,86,1,81
1,8.06,2,5,4,66,70,71,1,74
2,5.02,3,6,0,44,91,96,1,59
1,7.78,0,4,0,79,40,87,1,56
1,6.82,3,5,0,86,59,66,0,66
3,5.16,2,7,4,48,67,100,1,65
6,7.16,3,5,3,55,70,75,0,70
4,8.87,3,6,2,52,92,63,1,79
4,7.52,2,1,2,93,63,93,1,62
5,8.2,2,6,0,54,84,59,1,69
3,8.2,2,6,4,75,46,42,0,76
1,8.36,2,6,0,64,41,44,0,67
1,6.94,4,1,2,55,48,42,1,58
3,6.85,0,7,5,83,58,79,1,72
2,5.02,2,4,4,91,80,98,0,64
4,5.77,1,2,1,93,88,99,0,55
1,9.75,3,5,2,83,64,45,0,82
5,9.21,2,6,1,70,62,54,1,75
4,6.38,2,5,3,86,89,98,0,70
6,7.01,0,2,1,76,49,45,0,50
3,9.7,2,5,4,72,62,62,1,81
4,6.25,4,2,1,59,72,99,0,59
6,7.66,1,4,3,65,82,69,1,66
5,5.11,1,4,2,74,58,78,1,53
2,8.1,2,2,3,79,94,79,0,69
3,9.65,0,2,4,46,90,87,0,66
2,9.42,2,3,5,84,73,60,0,79
1,7.51,3,1,5,81,76,84,1,70
2,8.25,1,7,1,70,42,76,1,69
1,7.85,3,1,1,56,84,61,1,60
6,5.33,4,6,4,82,96,91,0,77
4,5.79,1,5,0,47,46,41,0,49
5,9.82,1,5,4,62,82,53,1,79
6,6.28,4,2,4,86,88,57,0,70
5,6.92,3,6,3,83,40,89,1,73
2,7.54,2,2,3,57,93,89,1,64
5,9.9,0,1,4,81,75,54,1,68
2,8.45,3,6,2,51,40,76,0,72
5,8.15,4,6,1,69,80,41,1,78
3,7.62,4,5,4,75,69,94,0,79
6,8.5,4,7,0,54,89,82,0,79
3,8.32,1,1,1,57,71,59,1,55
4,9.51,2,4,2,64,88,49,0,75
4,7.71,1,1,4,52,58,44,1,57
1,7.11,1,1,5,63,86,71,0,61
1,9.04,1,2,2,56,49,41,0,60
1,9.0,4,5,5,40,83,83,1,83
4,5.85,3,7,1,95,87,88,1,73
5,6.18,0,4,0,76,83,96,0,53
2,9.79,0,1,1,88,72,93,1,63
5,7.22,2,1,5,66,84,100,0,64
6,7.6,2,2,5,59,43,44,0,63
4,6.55,4,6,1,57,59,60,0,68
2,7.41,0,3,5,100,93,57,1,70
2,8.72,3,5,4,48,83,87,0,78
2,7.41,4,5,1,49,90,79,1,71
1,6.57,2,5,4,93,100,43,1,75
2,5.48,4,1,4,98,54,71,1,63
2,9.64,2,1,5,64,80,75,0,73
4,9.36,0,1,5,88,93,95,1,71
5,8.96,4,6,2,40,69,43,0,78
5,8.47,1,3,5,98,46,56,0,72
3,7.58,2,1,0,75,77,91,1,57
3,9.49,1,5,4,57,80,100,0,76
6,8.96,2,6,3,86,57,81,1,80
4,9.08,1,5,5,54,98,72,1,78
3,6.55,0,2,5,72,69,61,1,58
3,7.12,0,3,2,61,47,57,0,53
4,8.53,3,4,4,63,60,66,1,75
5,6.86,3,1,4,40,89,54,1,61
6,7.47,3,7,2,50,84,100,1,75
6,8.23,4,4,1,82,46,64,1,72
6,7.19,2,1,4,65,83,100,0,62
3,8.97,4,3,0,65,44,49,0,68
5,5.58,3,3,4,45,71,55,0,59
6,8.59,2,5,2,72,55,43,0,72
4,5.73,4,3,3,53,79,70,0,63
6,9.69,0,6,2,63,65,98,0,72
1,6.57,2,6,2,77,66,100,1,68
5,8.98,3,7,0,88,93,71,0,83
1,7.61,0,4,1,80,78,63,1,61
5,5.46,2,4,0,56,98,98,0,55
2,7.91,4,3,0,96,67,57,1,71
4,9.56,3,4,4,53,72,71,0,79
2,5.79,4,6,3,58,41,92,0,68
3,6.61,0,1,2,47,80,67,1,47
3,7.2,0,2,0,95,54,50,1,52
2,6.38,0,7,0,62,78,47,0,59
5,9.72,2,6,5,83,46,40,1,85
6,6.89,3,5,1,41,59,93,1,62
1,8.29,0,2,1,42,52,41,0,51
4,6.12,4,4,5,92,71,60,0,76
6,6.1,3,5,3,52,68,88,1,65
3,5.88,4,7,2,44,43,99,1,67
6,7.17,4,2,0,57,58,91,0,59
2,7.66,0,2,4,40,49,58,1,53
2,5.05,3,4,5,76,75,81,1,67
1,9.16,1,5,1,60,51,69,0,67
3,7.56,2,6,0,83,97,92,1,72
5,5.79,1,6,4,58,61,79,0,63
4,5.34,2,5,0,95,66,64,0,59
2,5.32,3,2,3,77,74,92,0,59
4,6.29,0,5,5,73,97,48,0,67
3,7.5,3,7,3,41,79,81,0,75
5,9.3,1,6,4,59,56,91,1,76
2,9.51,4,5,1,70,45,67,1,78
1,9.16,2,1,5,52,84,76,1,70
4,6.64,2,4,3,53,89,100,0,64
3,6.53,1,6,1,77,87,98,0,65
4,9.94,0,4,4,51,82,71,1,72
5,8.41,3,1,5,96,53,80,0,73
1,6.52,1,7,4,52,72,50,0,68
5,6.65,3,7,0,63,83,96,1,69
2,7.17,0,2,4,79,91,89,0,61
6,8.11,4,3,0,70,67,60,1,68
5,9.49,3,6,1,53,100,63,0,80
5,5.99,0,2,5,89,77,40,0,59
4,5.42,1,1,0,69,46,55,1,41
5,7.03,4,5,5,66,50,91,0,76
3,6.23,4,1,1,75,72,63,0,59
2,7.88,4,4,3,45,42,49,0,69
4,8.5,2,5,1,93,61,71,1,73
4,6.55,0,2,2,99,52,67,0,54
6,8.43,3,5,0,97,68,89,0,75
2,6.72,1,4,3,45,45,72,0,56
3,8.17,4,1,1,54,81,99,1,64
2,8.17,4,7,4,95,93,77,0,92
5,6.39,4,2,0,63,78,61,0,59
6,8.18,0,3,1,52,82,40,0,57
3,6.9,1,7,3,46,94,74,0,69
6,6.68,0,3,5,84,67,97,0,62
2,6.45,1,1,4,60,97,84,1,57
1,6.73,3,2,5,77,54,51,1,66
2,8.93,2,7,0,77,63,95,0,75
5,6.23,1,7,3,53,82,85,1,66
6,8.41,0,2,4,42,89,64,1,61
1,9.5,0,5,5,82,65,67,0,78
5,6.75,0,7,2,84,40,95,0,64
6,5.15,2,6,4,74,65,56,1,66
6,5.12,1,1,5,51,85,55,0,51
2,5.7,1,5,0,94,70,71,0,58
6,5.55,1,1,2,93,100,98,1,55
6,8.74,1,4,1,60,62,84,1,64
4,6.47,4,1,2,98,71,43,1,65
6,8.26,4,5,2,93,83,86,1,82
2,5.21,0,2,2,93,40,99,0,47
4,6.48,4,1,4,59,57,80,1,62
4,6.17,1,7,2,99,56,88,1,68
1,6.38,1,2,2,66,85,99,1,55
5,5.95,4,4,1,44,83,50,0,61
4,8.09,3,3,2,84,67,59,1,71
3,8.31,0,3,5,94,40,65,0,67
4,5.74,2,5,4,98,90,46,0,72
3,8.71,0,1,3,50,75,70,0,57
1,6.25,0,4,3,88,44,46,1,57
3,6.41,0,4,4,99,44,94,0,62
1,9.14,4,2,4,100,41,97,0,79
1,9.51,0,6,2,81,50,43,1,73
1,9.12,1,7,4,83,74,47,0,83
3,5.74,0,5,2,45,69,90,0,52
3,10.0,1,4,0,44,71,53,0,65
1,8.36,4,1,1,61,47,96,0,62
1,7.55,4,4,1,40,41,61,0,63
5,9.77,0,3,1,59,75,62,0,64
1,9.09,1,5,0,63,78,64,0,68
6,8.46,1,2,1,59,64,75,0,58
5,9.19,1,7,2,86,58,92,0,78
5,6.93,1,1,5,87,90,88,1,64
5,8.42,2,3,3,68,46,65,0,67
6,5.95,4,4,1,81,79,63,1,66
5,9.94,1,5,1,63,53,57,0,71
5,7.94,2,5,2,98,43,60,1,72
3,9.07,2,1,5,47,85,86,1,69
2,7.04,4,2,2,73,72,44,1,66
3,8.79,3,3,1,61,76,54,1,69
1,6.94,0,6,4,78,82,70,0,69
1,7.95,4,2,0,94,69,65,1,68
4,8.89,3,7,3,72,86,43,1,86
2,5.58,0,7,3,91,59,43,1,64
6,6.78,0,1,0,69,53,83,0,44
3,7.72,0,1,1,94,66,89,1,55
1,6.67,2,3,1,45,95,100,1,57
6,6.55,1,5,1,52,52,58,1,56
5,6.41,0,5,1,83,46,65,0,56
6,6.14,1,3,1,58,57,89,0,50
3,9.24,0,2,5,97,77,72,0,73
2,9.62,2,7,3,65,91,43,0,85
4,8.5,0,3,1,56,78,96,0,58
3,5.15,4,6,2,76,48,86,1,66
2,8.93,3,5,4,66,62,77,1,80
1,7.66,0,2,1,63,70,63,0,53
1,8.79,3,4,5,86,41,70,0,79
6,7.19,3,2,2,53,79,73,1,61
3,5.21,2,7,3,42,77,73,0,63
1,8.41,3,5,2,44,80,41,1,72
5,7.22,2,1,0,96,78,82,1,58
5,9.37,0,2,0,53,44,47,0,54
4,8.69,1,7,2,47,95,88,1,74
6,6.8,2,2,1,82,62,60,1,57
1,8.62,3,1,1,64,88,51,0,65
4,7.48,3,5,5,54,98,75,1,78
5,6.0,0,4,1,84,71,98,0,55
4,7.1,2,4,5,76,92,40,1,73
4,6.11,0,7,2,84,78,99,1,65
1,5.02,2,3,0,42,55,81,0,44
1,6.23,1,4,0,84,97,78,0,59
1,6.05,4,4,3,50,94,55,0,68
6,5.02,0,2,5,48,50,88,1,46
4,8.92,3,3,0,43,53,45,1,63
4,5.38,0,4,0,88,42,99,0,48
6,7.25,2,2,4,54,92,72,0,64
5,7.09,0,3,0,66,47,82,0,49
3,5.91,1,2,2,70,54,52,1,50
5,9.83,2,1,5,89,96,84,1,79
6,8.02,3,5,1,55,48,48,1,67
4,9.07,3,5,2,95,55,74,1,80
4,7.48,2,5,5,71,65,67,0,74
1,8.61,1,4,1,73,92,73,0,68
1,9.85,0,5,1,45,71,71,0,66
4,6.74,4,5,3,83,57,94,0,74
4,7.52,3,3,5,44,47,40,0,66
2,7.57,1,7,0,96,78,78,0,71
1,9.96,1,3,3,63,91,64,0,73
1,6.17,1,6,1,88,92,91,0,66
5,8.38,0,3,4,58,99,49,0,66
4,5.69,1,4,4,69,71,41,1,60
4,9.64,1,7,5,51,49,43,0,80
6,7.95,2,6,3,44,51,64,1,69
5,9.3,2,6,3,67,51,55,0,78
3,9.48,1,5,0,95,98,79,1,76
3,7.79,1,4,3,78,98,83,0,70
3,8.41,2,7,3,73,49,44,1,77
2,8.49,0,7,2,51,73,95,0,69
1,7.3,2,4,3,62,96,62,1,69
3,7.17,2,4,5,44,69,59,1,67
6,5.93,2,4,3,93,83,42,1,67
1,6.92,2,4,5,79,70,40,0,71
1,9.95,4,4,5,76,77,85,0,89
3,6.35,3,6,2,55,64,90,1,67
1,8.81,0,5,1,48,63,95,1,62
5,5.3,0,3,5,72,72,64,0,56
5,7.34,1,6,1,76,100,55,1,69
3,5.29,4,2,2,72,48,80,1,57
6,7.38,1,7,0,88,64,44,0,68
1,5.14,0,2,3,40,59,75,1,43
4,8.07,0,2,5,86,87,45,0,67
3,7.93,1,7,0,76,56,51,0,68
2,8.99,3,1,4,48,91,85,1,70
1,7.92,1,3,0,57,45,62,1,54
3,9.63,3,5,3,77,75,85,0,83
3,8.92,3,4,1,60,80,77,1,72
6,5.66,2,2,3,83,59,44,1,57
4,6.33,0,7,5,53,65,100,0,66
1,5.13,2,3,3,78,79,41,0,58
3,6.93,0,5,3,78,89,42,0,65
3,7.55,2,2,0,90,51,80,0,59
1,9.73,3,3,1,45,46,46,0,67
3,7.61,2,7,1,42,79,65,0,69
3,8.91,4,6,5,87,69,51,1,91
3,6.34,2,5,0,87,61,89,1,62
5,5.77,2,7,0,57,81,99,0,62
5,9.05,2,6,0,76,68,84,0,74
4,6.24,4,3,4,59,61,40,1,66
6,9.36,0,4,4,68,63,40,1,70
1,5.85,2,3,3,75,42,72,0,57
6,9.26,0,3,5,55,89,93,0,70
6,8.86,1,1,4,43,80,92,1,62
5,8.06,3,4,0,95,63,78,0,70
4,9.25,1,6,0,84,65,99,0,73
6,6.65,4,3,0,53,44,92,0,57
6,5.83,4,4,1,56,52,48,1,60
3,5.79,0,3,5,74,76,40,0,58
1,6.35,0,7,1,96,93,54,0,67
4,7.23,2,4,4,74,61,64,1,69
1,9.38,1,5,2,88,73,83,0,76
5,5.45,0,7,2,84,78,75,1,62
6,9.58,0,2,0,71,42,49,1,57
6,9.63,0,1,1,92,71,94,1,63
2,8.64,3,2,5,91,63,89,0,77
1,9.5,0,3,3,49,48,70,1,62
5,8.85,3,3,4,68,42,90,1,73
2,7.64,4,5,1,95,61,59,0,76
2,8.0,2,3,0,98,63,44,1,65
3,8.14,1,6,0,51,77,67,1,65
2,5.63,0,4,2,98,49,73,1,55
2,5.97,3,6,5,48,74,78,0,71
3,7.62,0,2,5,65,59,77,1,60
6,5.58,0,7,0,60,80,55,0,56
6,9.82,3,3,0,40,83,54,1,69
4,7.54,0,5,3,75,51,80,0,64
2,6.9,1,1,4,58,87,78,0,57
1,5.79,4,6,3,45,82,81,1,70
6,7.08,2,2,2,86,51,65,0,60
5,6.51,0,5,1,57,56,69,0,54
1,5.44,3,5,5,76,43,41,0,68
4,9.84,1,2,2,47,81,42,0,65
2,6.32,0,5,5,50,88,58,1,63
3,8.45,4,7,0,44,47,95,1,73
4,5.46,4,7,4,60,46,63,1,71
1,9.57,3,1,0,79,94,42,0,70
3,7.95,0,1,4,82,57,79,1,59
5,8.28,0,3,4,60,65,44,0,63
3,8.91,0,4,4,59,70,98,1,68
3,8.03,4,3,1,81,93,71,0,74
5,5.35,0,4,2,48,95,100,0,51
6,7.15,0,2,5,41,95,91,1,58
6,6.31,0,5,5,88,92,70,0,69
3,7.43,0,3,1,43,47,51,0,49
3,7.02,3,5,1,65,100,82,1,70
4,9.13,4,3,1,51,73,75,0,71
6,6.24,2,3,3,58,85,75,0,60
5,6.01,3,1,3,96,55,70,0,60
2,9.79,0,4,3,58,59,72,1,68
2,9.75,2,2,1,58,49,98,1,64
3,9.97,1,7,0,97,89,46,1,82
3,7.84,2,5,3,68,44,98,1,69
2,5.57,3,3,3,78,87,65,1,64
4,9.4,4,5,1,84,50,65,0,80
4,5.73,3,1,2,99,90,59,0,61
4,5.78,4,7,0,73,77,73,1,70
1,5.97,4,2,4,98,78,72,0,70
5,8.27,4,4,4,47,61,58,1,75
1,5.54,1,4,5,45,50,56,1,56
3,8.89,2,3,0,71,57,82,1,64
4,5.29,3,7,1,67,57,76,0,64
4,5.55,3,2,2,50,70,45,0,54
2,7.17,4,4,2,67,59,98,0,69
2,6.9,1,2,4,71,62,61,1,59
4,9.95,1,5,2,80,79,77,1,78
6,9.83,0,1,4,47,92,94,0,65
2,5.95,1,2,5,59,49,56,0,54
5,9.73,4,2,3,63,56,59,1,75
1,8.46,4,7,5,91,80,81,0,93
5,7.04,2,4,1,66,84,81,1,63
2,8.7,4,6,2,86,47,80,1,82
4,9.5,2,3,1,92,70,65,1,73
3,5.9,1,7,3,98,88,67,1,72
6,5.98,0,3,0,97,87,89,1,54
2,7.04,3,6,0,50,96,84,0,68
5,5.85,4,6,0,86,87,47,1,71
3,6.8,1,7,4,62,92,82,1,73
2,8.23,4,6,4,61,79,46,1,83
4,9.06,2,5,0,44,65,46,1,66
4,6.51,1,4,3,87,81,68,1,65
4,6.41,3,4,5,73,83,42,0,72
4,8.9,2,1,4,70,89,55,0,70
2,6.91,1,3,5,86,94,52,0,69
6,9.09,3,4,5,76,48,89,0,80
6,9.97,2,6,0,86,71,57,0,79
5,9.9,3,5,1,65,62,83,1,77
2,8.31,1,7,0,62,71,52,1,69
4,6.88,2,1,0,82,96,70,0,57
6,5.33,0,3,1,100,75,42,0,52
2,8.69,4,3,5,77,44,69,1,79
3,9.89,0,3,4,77,94,42,1,74
6,5.34,3,1,5,71,87,65,0,61
6,5.03,1,7,1,44,40,41,0,52
5,9.16,4,7,4,64,89,78,0,91
6,5.51,1,5,3,72,89,73,1,62
3,5.41,3,7,4,91,70,77,0,75
4,9.55,1,5,2,46,70,52,0,70
1,5.4,2,4,4,55,97,50,1,62
5,5.57,2,4,2,88,96,76,0,64
3,7.85,3,3,4,68,90,46,1,74
5,8.78,1,6,1,99,48,82,1,73
2,7.0,3,2,4,98,72,66,1,70
4,7.1,4,4,0,54,98,46,1,67
6,8.16,1,5,4,59,74,47,1,71
2,7.53,2,3,1,61,65,75,1,60
6,5.09,0,5,1,49,41,81,0,45
3,5.57,2,3,4,47,73,68,0,57
4,7.91,1,1,4,94,56,60,1,64
1,8.97,1,4,4,71,45,65,1,71
1,8.82,1,6,5,67,76,100,0,79
6,8.7,1,1,5,48,70,59,0,63
2,8.86,4,4,3,70,67,68,0,79
4,5.22,0,6,2,62,60,54,0,54
4,9.48,2,6,4,58,50,62,1,79
3,9.45,4,6,4,71,80,54,0,90
2,7.66,3,5,2,49,93,90,0,71
1,6.24,1,5,0,59,96,49,0,58
3,7.96,2,2,3,74,75,41,1,66
5,7.79,3,5,3,96,78,87,0,79
4,6.11,0,3,0,70,84,91,1,50
1,8.02,2,2,2,50,87,69,1,62
3,8.99,4,3,2,82,66,76,1,77
6,9.03,3,2,1,79,59,66,1,68
5,5.3,2,3,2,49,88,56,1,54
3,5.99,4,2,5,100,59,42,0,70
6,8.34,1,4,3,48,41,47,1,62
1,9.3,2,6,5,81,76,82,0,86
1,7.61,1,4,1,49,66,76,1,58
5,8.54,3,2,4,89,57,88,0,74
6,5.11,3,1,4,76,52,43,1,55
4,8.04,3,7,4,76,57,63,0,82
1,9.81,1,2,1,46,99,68,1,65
2,8.31,1,1,3,59,50,47,1,57
4,9.61,4,6,2,59,53,73,1,82
4,7.83,2,3,1,47,83,87,1,61
3,9.22,4,2,3,56,43,48,0,71
3,5.62,1,1,2,77,78,97,1,50
1,5.62,2,6,0,64,52,56,0,57
4,5.6,3,2,3,52,58,49,0,55
3,7.44,4,4,5,84,82,63,1,81
6,6.65,4,4,5,52,99,95,1,75
6,8.6,4,2,0,87,78,84,1,71
6,9.51,1,2,4,41,98,61,0,69
6,8.1,2,5,4,76,64,56,0,75
4,6.07,3,6,3,81,54,70,0,70
6,9.65,1,7,5,81,90,83,1,88
4,7.64,3,4,0,96,59,100,0,68
1,8.6,0,3,1,50,56,48,0,56
1,9.45,0,2,2,99,94,54,0,70
6,9.95,3,5,4,59,40,81,1,80
6,7.53,0,7,4,96,68,90,0,75
6,9.04,2,6,4,95,83,69,1,86
1,7.83,2,2,4,48,58,56,1,62
3,7.43,1,4,5,84,69,46,1,71
1,7.69,3,1,3,84,64,85,1,66
6,7.42,1,6,5,68,67,84,1,73
3,7.11,2,1,3,73,76,65,0,60
3,8.62,2,4,0,97,81,92,0,72
5,6.25,2,3,1,44,97,41,0,56
4,8.08,4,6,0,70,50,87,0,73
6,8.56,0,5,5,65,55,68,0,71
4,9.46,1,2,5,96,57,88,1,74
5,6.66,1,2,1,76,80,45,0,55
4,9.3,2,7,3,83,93,72,0,87
6,9.73,4,2,4,59,48,77,1,76
5,8.24,1,5,0,47,67,40,1,61
4,8.86,1,5,1,45,66,94,1,65
1,7.03,4,4,2,57,85,94,1,70
3,9.76,2,5,1,47,91,49,0,74
5,8.35,4,2,0,99,77,91,1,71
1,6.55,0,6,3,92,83,94,0,68
6,7.02,1,7,4,94,62,70,0,75
3,8.09,0,2,2,91,82,100,0,62
5,6.17,1,5,0,64,61,63,1,55
3,8.77,0,5,3,41,43,47,0,63
2,6.12,1,7,1,67,71,67,1,63
2,7.96,2,4,3,81,63,67,1,71
5,8.49,3,1,3,64,77,87,0,67
5,9.3,4,5,4,59,89,83,0,86
4,8.67,1,1,0,45,100,90,1,56
3,8.99,4,3,5,76,67,85,0,82
2,9.56,1,7,3,55,45,47,0,76
2,7.99,3,1,1,74,72,68,0,62
3,9.23,2,5,1,94,70,58,1,77
2,6.16,2,2,4,75,96,68,0,63
1,9.07,4,2,3,40,49,98,1,69
2,6.11,3,5,1,53,51,54,1,60
2,9.67,4,4,5,53,46,70,1,82
6,6.65,2,6,1,63,63,44,1,64
1,5.86,0,5,4,58,67,88,1,58
4,5.74,4,5,3,77,50,67,1,69
5,5.94,1,6,4,83,71,94,1,68
2,7.24,2,4,3,57,59,85,1,64
4,7.61,1,4,1,48,95,54,1,61
4,9.57,3,3,5,91,67,97,0,83
1,6.91,2,3,0,94,40,47,0,58
5,6.09,2,3,1,96,66,75,0,60
6,8.72,4,4,0,52,55,71,1,69
4,5.67,4,1,3,98,75,78,0,64
6,9.46,1,5,3,90,45,78,1,76
5,7.05,4,7,2,84,49,61,1,78
5,8.07,0,3,3,90,78,44,1,66
1,5.93,2,7,3,58,83,49,1,69
3,5.73,3,1,2,92,58,91,0,57
2,8.99,2,5,0,49,49,70,1,65
1,7.15,1,6,3,77,65,76,1,69
6,9.93,4,6,4,42,73,62,1,86
1,7.62,2,6,3,97,80,71,0,78
5,9.23,4,7,3,87,40,63,1,88
4,9.9,1,1,1,80,49,43,1,63
2,6.41,4,6,3,56,72,92,1,73
2,9.0,3,2,3,62,65,82,1,70
3,5.11,1,2,4,66,73,77,0,53
5,8.4,2,6,2,48,76,54,0,72
2,8.73,2,7,2,44,88,50,0,76
2,7.39,3,5,2,58,52,64,0,68
4,5.81,0,1,1,68,77,65,0,45
6,8.08,4,1,3,54,69,93,1,66
6,9.49,2,6,0,81,63,78,1,76
6,9.66,3,4,0,75,81,95,1,75
1,8.73,4,7,4,95,73,90,0,92
6,6.32,1,3,1,51,76,76,0,52
6,9.35,3,7,5,53,58,75,1,86
1,9.44,1,5,1,54,41,72,0,66
4,6.84,1,1,3,90,69,87,1,58
5,5.91,1,3,5,70,61,83,1,59
2,9.37,4,6,0,44,71,59,0,77
3,9.43,0,5,1,83,72,89,1,70
2,5.5,1,1,4,42,99,91,1,51
6,9.83,2,6,0,86,79,73,0,79
6,7.67,4,2,1,69,54,84,1,64
2,9.97,4,1,3,86,45,51,1,76
2,7.23,1,2,3,51,75,75,1,57
6,7.67,2,6,5,54,83,43,0,76
1,6.33,3,2,3,77,55,52,0,61
1,9.49,4,4,3,67,60,98,0,80
1,7.22,1,6,0,88,73,42,1,66
3,9.07,1,6,0,62,79,92,0,70
5,5.4,0,4,1,86,93,96,1,55
6,8.94,0,3,4,54,77,56,0,66
4,7.45,3,5,2,50,74,46,1,69
2,5.03,3,3,2,69,72,97,0,57
2,6.13,3,7,3,93,47,84,0,74
6,5.97,3,4,1,51,51,86,1,56
6,8.76,1,3,2,93,78,53,0,70
6,7.39,1,5,2,58,99,71,0,66
2,5.8,1,5,2,71,88,87,0,61
6,6.28,2,1,2,40,99,88,0,52
2,7.52,3,3,5,55,84,65,1,72
5,5.1,2,4,2,50,95,70,1,56
4,7.12,4,1,5,70,97,87,1,72
1,8.39,4,3,5,72,57,99,1,78
4,7.59,1,6,1,94,98,70,1,73
6,7.99,4,5,2,75,87,55,1,79
4,6.63,1,4,2,69,79,99,0,60
6,5.92,3,6,5,77,60,40,0,74
4,9.05,2,3,1,43,95,85,1,66
3,9.53,1,5,0,95,66,73,0,73
4,7.55,0,5,0,99,51,65,0,61
1,6.53,0,6,0,64,45,93,0,54
1,7.56,3,3,2,73,70,98,1,67
4,9.39,2,3,1,56,73,69,1,67
2,8.46,1,4,0,72,46,80,0,61
2,9.29,3,1,3,69,98,90,1,73
2,6.64,2,5,3,52,98,44,0,67
4,8.56,0,1,1,51,100,63,0,55
2,8.27,1,1,2,99,70,49,1,63
5,7.86,2,5,5,71,93,77,0,78
4,7.64,4,3,0,62,43,74,1,62
1,7.75,1,5,2,68,96,41,1,69
2,9.25,4,6,5,73,100,68,0,93
3,9.58,3,1,0,58,100,58,0,67
2,5.56,2,4,4,51,91,77,1,62
1,7.84,2,5,4,43,87,92,1,72
5,9.59,2,7,2,64,56,95,0,79
4,5.67,2,4,3,65,68,81,1,60
2,7.06,1,3,2,57,42,89,0,54
3,5.45,4,3,0,69,98,53,0,60
1,5.57,4,6,2,97,63,67,1,73
3,9.52,3,4,2,73,42,73,0,75
6,7.23,3,7,0,100,85,43,1,77
1,8.44,2,4,3,72,85,100,0,74
6,5.69,0,5,4,70,78,86,0,60
3,5.11,0,3,5,95,66,64,0,58
4,9.45,2,4,0,70,40,92,0,67
4,7.87,4,2,2,52,54,94,0,64
4,5.1,3,5,1,63,53,94,1,57
6,9.96,1,5,2,44,43,45,0,69
4,7.46,0,2,5,90,43,67,0,61
5,7.38,3,7,2,40,64,77,1,71
1,8.1,0,3,1,73,99,48,1,61
1,5.04,4,4,5,85,50,91,0,68
3,7.85,4,4,2,48,72,57,1,70
2,8.15,2,3,1,47,50,94,0,59
6,6.48,2,7,2,97,51,70,1,72
1,8.63,0,2,3,82,54,61,1,62
6,6.89,0,2,5,75,100,43,0,62
3,8.59,3,7,4,68,96,72,1,87
4,5.72,2,2,3,74,65,75,1,56
2,9.57,4,5,0,44,63,93,0,74
3,9.4,3,7,0,95,86,98,1,85
5,5.75,3,4,2,85,65,74,1,64
4,9.69,1,1,0,49,93,52,1,60
4,7.79,4,5,0,77,66,54,1,72
4,8.51,3,5,2,49,75,100,0,73
3,9.2,1,4,2,50,66,72,1,66
5,5.42,2,3,4,91,77,67,0,63
2,5.85,4,7,1,47,93,87,1,70
6,6.45,2,7,2,43,41,73,1,63
3,7.39,1,6,4,92,62,77,0,74
1,6.73,4,4,3,57,48,40,0,67
1,7.53,0,3,0,97,47,93,1,56
3,5.93,0,4,1,59,90,70,0,52
6,8.41,0,5,5,97,79,88,1,77
1,5.28,3,7,3,85,91,56,0,74
6,6.81,0,6,2,97,81,61,0,67
4,5.9,3,7,3,42,88,71,1,70
3,8.65,3,2,5,83,90,68,1,78
4,9.42,1,5,4,54,40,40,0,72
1,5.39,0,5,2,99,60,87,1,58
6,8.93,4,1,2,95,65,67,0,73
4,9.48,3,5,1,47,54,80,1,72
1,9.87,1,5,4,85,82,41,0,82
5,7.9,3,5,0,94,64,64,0,72
4,6.64,4,6,3,45,78,60,0,73
5,6.61,4,1,5,96,55,76,0,69
5,6.89,0,3,1,85,74,65,0,56
2,8.06,3,6,5,75,62,79,0,82
1,7.45,4,6,1,59,51,40,0,71
3,8.27,2,7,2,71,95,71,0,79
6,5.2,4,7,3,45,87,48,1,70
1,5.53,4,7,1,55,91,85,0,70
2,9.88,3,7,2,88,58,88,1,87
2,9.98,4,7,2,41,73,44,1,85
4,8.73,1,1,4,57,47,79,1,60
6,6.28,4,2,2,84,90,56,1,66
2,9.77,2,3,0,65,62,92,0,67
3,6.07,4,7,4,59,50,68,0,74
1,8.66,0,6,4,55,98,83,1,74
3,5.58,3,6,0,60,82,58,1,62
4,8.24,2,1,0,84,73,79,0,60
1,8.8,1,2,5,53,44,68,1,64
4,9.3,4,7,1,57,76,90,0,83
6,8.67,4,2,5,47,64,51,0,74
6,9.62,1,4,1,44,63,47,1,65
3,7.6,4,7,5,63,63,82,1,84
3,8.39,0,4,0,80,81,82,0,62
6,6.85,2,6,1,86,73,70,0,69
5,5.05,4,6,0,68,86,54,0,65
6,8.78,1,5,0,98,57,73,0,70
1,9.35,1,3,5,48,51,65,0,69
4,5.87,2,1,2,91,81,74,0,57
6,5.14,0,5,1,81,78,68,1,54
6,5.82,2,3,4,57,54,72,0,58
2,9.48,4,6,4,85,86,72,0,92
4,6.48,0,4,1,98,51,75,0,57
2,6.17,0,1,1,57,68,60,1,44
4,5.07,1,2,1,87,68,69,0,49
1,6.49,0,2,1,67,59,58,1,48
4,8.58,4,5,2,76,54,71,0,78
3,9.8,4,5,0,49,42,89,1,74
6,6.56,4,1,1,59,55,40,1,56
4,6.2,3,2,5,77,100,90,1,69
1,9.44,0,7,1,80,58,72,0,74
4,9.26,0,7,0,62,46,65,0,67
6,6.64,4,5,0,87,88,81,1,71
5,5.34,1,2,0,99,75,93,1,51
4,9.96,0,4,5,82,61,84,1,77
3,8.4,3,5,3,59,54,66,0,74
6,9.63,0,6,4,62,48,90,1,74
1,6.71,2,7,5,89,99,67,1,82
6,8.24,3,3,1,44,56,59,0,62
2,8.37,1,5,2,99,72,47,0,73
5,9.36,3,4,2,66,41,65,0,73
1,9.97,3,1,0,48,46,70,0,62
5,5.54,0,7,2,82,94,44,0,64
5,8.16,3,2,4,80,70,50,1,72
3,6.68,4,7,1,75,53,60,1,73
4,9.06,3,6,2,79,76,47,1,82
3,8.77,0,1,4,76,43,65,1,60
3,9.46,4,7,4,42,84,97,1,88
2,6.72,1,5,3,100,49,99,0,67
3,5.92,2,3,3,93,84,85,0,64
1,5.11,3,1,2,75,61,51,1,52
4,6.28,4,7,4,100,63,82,1,82
4,6.84,4,3,0,87,83,52,0,67
1,9.73,1,5,3,84,94,49,1,81
3,7.46,1,7,4,74,57,91,1,74
3,7.78,2,3,3,75,50,68,1,65
5,9.4,2,3,1,68,89,47,0,71
5,9.43,0,4,4,72,93,81,0,74
2,7.64,2,7,4,65,83,92,1,78
6,5.57,2,1,5,47,40,77,0,51
5,6.35,4,5,1,48,92,40,0,67
4,7.28,3,4,5,61,71,48,1,73
1,8.76,3,3,3,44,55,43,0,68
3,8.56,2,4,1,83,53,72,1,69
6,8.21,0,4,2,80,72,94,1,65
5,9.4,0,3,0,75,46,81,0,60
6,9.01,3,5,3,71,58,91,1,78
1,9.91,1,7,4,69,64,60,1,83
1,9.45,4,2,2,88,44,98,1,75
6,5.98,2,4,3,83,88,46,0,66
6,5.29,4,1,0,84,49,94,0,52
2,7.07,2,3,4,82,43,71,0,65
6,8.09,2,2,1,94,63,96,0,64
3,8.22,3,4,0,56,85,96,1,67
4,6.34,4,3,5,69,94,78,0,73
5,9.3,4,3,3,86,45,67,1,78
5,6.65,1,4,4,99,96,65,1,71
5,9.6,1,7,3,48,99,96,1,80
6,7.36,4,6,0,43,51,76,1,67
6,5.05,1,6,4,51,59,73,0,59
2,5.81,1,1,0,74,65,48,0,45
6,5.51,2,3,3,59,51,45,1,54
2,5.22,3,3,5,56,72,61,0,62
2,8.57,2,4,4,61,51,48,0,71
3,5.96,1,2,4,46,97,86,1,55
3,9.19,2,3,4,78,77,84,0,76
3,6.32,2,7,3,92,43,54,0,71
3,5.16,0,3,2,97,56,40,1,51
1,9.1,2,4,5,83,49,71,0,78
3,7.33,2,6,3,97,58,86,0,75
3,8.0,3,3,1,92,82,57,0,71
3,6.68,4,7,2,93,72,50,1,80
2,5.23,0,4,3,81,76,74,1,55
5,6.85,0,1,1,99,95,72,0,55
5,7.59,0,4,0,47,67,43,0,53
5,5.06,0,7,1,48,85,73,1,54
4,7.87,3,6,5,85,84,87,0,85
1,9.47,4,2,4,45,41,58,1,72
2,6.09,3,3,5,58,99,87,1,68
6,9.63,0,1,2,61,85,51,0,61
2,5.49,4,3,3,86,77,79,0,67
3,9.13,3,3,5,59,77,98,1,78
5,9.2,4,7,3,59,60,75,0,85
2,6.29,3,6,4,66,62,87,0,72
1,9.79,4,4,2,66,72,80,1,81
3,7.08,3,3,2,46,65,61,1,61
4,5.71,0,6,5,93,91,86,1,69
6,7.96,0,1,4,63,82,51,0,59
3,9.98,0,7,2,98,93,88,1,84
6,9.5,3,6,4,47,69,93,0,82
2,6.39,4,6,1,42,43,94,0,64
3,7.88,4,6,5,50,45,67,0,79
4,5.58,1,7,4,75,73,54,0,68
2,7.31,2,5,3,41,98,43,0,68
1,7.62,0,6,0,40,96,47,0,60
6,6.58,0,3,1,46,59,70,1,48
6,7.42,0,6,5,63,100,99,0,73
1,9.6,1,4,5,51,76,65,1,75
6,7.5,1,2,5,47,54,42,0,59
2,9.15,1,3,3,52,94,78,1,69
5,6.59,0,6,1,45,79,46,0,57
1,9.86,4,6,3,78,88,54,0,91
4,5.47,0,4,2,63,62,59,0,50
3,7.93,1,3,4,91,81,56,0,70
3,8.95,1,5,3,63,48,99,0,70
1,9.07,2,5,3,77,73,71,1,78
5,5.99,3,1,2,83,82,49,0,59
2,7.01,2,5,0,46,73,55,0,59
4,8.12,2,7,0,49,66,87,1,68
3,6.58,0,7,4,69,55,65,1,66
3,8.29,3,4,2,78,43,61,1,71
2,6.89,3,5,1,63,67,54,0,66
5,6.75,0,4,3,66,56,97,0,57
6,5.54,4,3,4,69,80,99,1,67
1,5.2,0,1,0,54,51,99,1,36
5,9.18,4,6,1,92,44,51,0,82
5,7.45,4,6,5,41,74,78,0,79
5,7.81,3,6,2,47,77,42,0,72
5,6.86,0,1,5,56,78,99,0,55
6,5.68,0,6,3,87,75,92,0,63
2,7.25,3,5,5,100,69,63,1,81
4,6.14,2,7,5,52,53,94,0,70
5,9.19,0,6,3,57,100,41,1,75
5,9.93,1,6,0,60,53,43,0,71
1,9.45,1,2,5,75,41,62,0,70
3,7.64,0,7,0,51,67,98,0,61
6,8.14,4,5,4,82,60,96,0,82
5,9.74,3,6,5,41,54,62,0,83
4,7.69,4,2,5,59,83,47,1,73
4,8.19,1,5,3,62,85,81,1,71
4,8.15,1,4,3,60,62,83,1,65
1,8.54,3,4,5,70,49,51,1,77
4,8.2,1,6,5,55,65,48,1,74
2,8.35,2,6,3,52,74,50,1,74
1,8.63,1,2,3,43,73,84,1,61
6,9.05,4,1,1,41,41,70,0,62
4,7.02,4,2,2,89,70,40,0,68
3,8.73,2,3,1,40,82,74,1,63
5,5.5,4,1,5,65,83,93,1,63
6,9.38,4,2,2,69,86,95,0,76
2,6.45,4,7,1,93,83,82,1,78
3,7.02,0,7,4,77,82,54,0,72
6,9.02,2,3,2,59,91,46,1,70
2,8.18,2,3,3,64,91,67,0,69
4,6.54,1,7,2,100,85,87,0,73
6,6.13,2,6,3,91,44,45,1,68
6,9.79,3,7,4,58,58,59,1,86
6,5.44,2,5,5,66,98,63,0,69
1,5.02,3,6,2,49,69,81,1,61
3,8.36,4,2,0,80,88,75,1,70
2,8.07,3,7,3,56,100,77,0,81
4,8.69,0,4,2,100,86,51,0,71
5,8.66,4,7,1,86,91,42,1,86
4,9.32,3,6,2,41,56,67,0,75
4,9.61,4,5,3,56,68,51,1,82
1,8.88,0,6,0,46,51,94,0,61
1,6.16,4,6,0,99,47,55,1,70
6,7.32,4,7,1,100,54,83,1,80
4,8.21,2,1,4,55,92,54,1,65
3,7.7,1,7,0,88,73,93,0,70
1,5.79,3,7,5,66,67,94,0,75
2,7.95,1,7,4,98,60,70,0,79
1,9.43,0,4,3,40,92,92,0,67
3,7.09,0,3,2,61,56,60,1,53
1,8.34,4,1,4,61,92,57,1,73
3,8.08,1,7,5,66,95,87,0,81
5,6.89,3,7,3,55,81,45,1,75
3,7.83,3,5,3,99,57,56,0,78
5,6.05,4,6,3,92,63,62,1,76
2,7.73,3,3,5,75,100,74,0,77
6,8.99,2,6,1,55,63,57,1,72
6,8.79,1,3,5,63,51,50,0,69
1,6.79,0,3,1,74,40,62,0,51
3,5.56,3,4,4,72,75,96,1,66
1,9.0,3,5,3,56,71,56,1,77
3,6.33,3,5,4,44,44,45,0,64
1,5.27,4,6,0,74,65,63,1,64
6,7.23,0,7,4,58,95,89,0,71
2,8.7,1,4,2,82,42,76,0,67
6,9.04,3,5,3,86,72,55,0,82
1,9.91,2,3,4,73,78,68,0,78
